"Start Time (UTCG)","Stop Time (UTCG)","Duration (sec)"
1 Jul 2020 18:00:00.000,1 Jul 2020 18:35:27.034,2127.034
1 Jul 2020 19:10:55.903,1 Jul 2020 20:08:23.380,3447.478
1 Jul 2020 20:43:51.090,1 Jul 2020 21:41:19.737,3448.647
1 Jul 2020 22:16:46.264,1 Jul 2020 23:14:16.104,3449.840
1 Jul 2020 23:49:41.426,2 Jul 2020 00:47:12.482,3451.056
2 Jul 2020 01:22:36.590,2 Jul 2020 02:20:08.889,3452.299
2 Jul 2020 02:55:31.729,2 Jul 2020 03:53:05.290,3453.561
2 Jul 2020 04:28:26.855,2 Jul 2020 05:26:01.664,3454.809
2 Jul 2020 06:01:21.931,2 Jul 2020 06:58:58.087,3456.156
2 Jul 2020 07:34:17.031,2 Jul 2020 08:31:54.522,3457.491
2 Jul 2020 09:07:12.118,2 Jul 2020 10:04:50.960,3458.842
2 Jul 2020 10:40:07.188,2 Jul 2020 11:37:47.420,3460.232
2 Jul 2020 12:13:02.251,2 Jul 2020 13:10:43.853,3461.601
2 Jul 2020 13:45:57.263,2 Jul 2020 14:43:40.337,3463.074
2 Jul 2020 15:18:52.300,2 Jul 2020 16:16:36.836,3464.535
2 Jul 2020 16:51:47.326,2 Jul 2020 17:49:33.285,3465.959
2 Jul 2020 18:24:42.280,2 Jul 2020 19:22:29.818,3467.538
2 Jul 2020 19:57:37.283,2 Jul 2020 20:55:26.352,3469.069
2 Jul 2020 21:30:32.268,2 Jul 2020 22:28:22.904,3470.636
2 Jul 2020 23:03:27.240,3 Jul 2020 00:01:19.472,3472.232
3 Jul 2020 00:36:22.201,3 Jul 2020 01:34:16.051,3473.850
3 Jul 2020 02:09:17.150,3 Jul 2020 03:07:12.651,3475.502
3 Jul 2020 03:42:12.089,3 Jul 2020 04:40:09.265,3477.176
3 Jul 2020 05:15:07.001,3 Jul 2020 06:13:05.881,3478.880
3 Jul 2020 06:48:01.912,3 Jul 2020 07:46:02.528,3480.616
3 Jul 2020 08:20:56.815,3 Jul 2020 09:18:59.255,3482.440
3 Jul 2020 09:53:51.764,3 Jul 2020 10:51:55.937,3484.172
3 Jul 2020 11:26:46.641,3 Jul 2020 12:24:52.636,3485.995
3 Jul 2020 12:59:41.504,3 Jul 2020 13:57:49.354,3487.851
3 Jul 2020 14:32:36.360,3 Jul 2020 15:30:46.151,3489.791
3 Jul 2020 16:05:31.261,3 Jul 2020 17:03:42.925,3491.664
3 Jul 2020 17:38:26.104,3 Jul 2020 18:36:39.721,3493.617
3 Jul 2020 19:11:20.942,3 Jul 2020 20:09:36.524,3495.582
3 Jul 2020 20:44:15.752,3 Jul 2020 21:42:33.348,3497.596
3 Jul 2020 22:17:10.554,3 Jul 2020 23:15:30.193,3499.639
3 Jul 2020 23:50:05.344,4 Jul 2020 00:48:27.059,3501.715
4 Jul 2020 01:23:00.124,4 Jul 2020 02:21:31.958,3511.834
4 Jul 2020 02:56:02.472,4 Jul 2020 03:54:29.903,3507.431
4 Jul 2020 04:28:58.270,4 Jul 2020 05:27:27.766,3509.496
4 Jul 2020 06:01:53.961,4 Jul 2020 07:00:25.711,3511.750
4 Jul 2020 07:34:49.691,4 Jul 2020 08:33:23.662,3513.970
4 Jul 2020 09:07:45.389,4 Jul 2020 10:06:21.617,3516.228
4 Jul 2020 10:40:41.051,4 Jul 2020 11:39:20.443,3519.392
4 Jul 2020 12:13:37.492,4 Jul 2020 13:12:18.483,3520.991
4 Jul 2020 13:46:33.196,4 Jul 2020 14:45:16.586,3523.390
4 Jul 2020 15:19:28.901,4 Jul 2020 16:18:14.694,3525.793
4 Jul 2020 16:52:24.571,4 Jul 2020 17:51:13.189,3528.618
4 Jul 2020 18:25:20.548,4 Jul 2020 19:24:11.448,3530.900
4 Jul 2020 19:58:16.287,4 Jul 2020 20:57:09.735,3533.448
4 Jul 2020 21:31:12.016,4 Jul 2020 22:30:08.050,3536.034
4 Jul 2020 23:04:07.731,5 Jul 2020 00:03:06.394,3538.663
5 Jul 2020 00:37:03.434,5 Jul 2020 01:36:04.767,3541.333
5 Jul 2020 02:09:59.125,5 Jul 2020 03:09:03.449,3544.324
5 Jul 2020 03:42:54.879,5 Jul 2020 04:42:01.881,3547.003
5 Jul 2020 05:15:50.396,5 Jul 2020 06:14:59.996,3549.600
5 Jul 2020 06:48:46.028,5 Jul 2020 07:47:58.468,3552.440
5 Jul 2020 08:21:41.711,5 Jul 2020 09:20:57.073,3555.362
5 Jul 2020 09:54:37.338,5 Jul 2020 10:53:55.628,3558.290
5 Jul 2020 11:27:32.950,5 Jul 2020 12:26:54.216,3561.266
5 Jul 2020 13:00:28.550,5 Jul 2020 13:59:52.958,3564.409
5 Jul 2020 14:33:24.201,5 Jul 2020 15:32:51.639,3567.437
5 Jul 2020 16:06:19.797,5 Jul 2020 17:05:50.183,3570.386
5 Jul 2020 17:39:15.279,5 Jul 2020 18:38:48.910,3573.630
5 Jul 2020 19:12:10.825,5 Jul 2020 20:11:47.673,3576.849
5 Jul 2020 20:45:06.360,5 Jul 2020 21:44:46.477,3580.117
5 Jul 2020 22:18:01.883,5 Jul 2020 23:17:45.316,3583.433
5 Jul 2020 23:50:57.477,6 Jul 2020 00:50:44.281,3586.804
6 Jul 2020 01:23:52.983,6 Jul 2020 02:23:43.209,3590.226
6 Jul 2020 02:56:48.478,6 Jul 2020 03:56:42.179,3593.702
6 Jul 2020 04:29:43.957,6 Jul 2020 05:29:41.130,3597.173
6 Jul 2020 06:02:39.381,6 Jul 2020 07:02:40.180,3600.799
6 Jul 2020 07:35:34.833,6 Jul 2020 08:35:39.274,3604.441
6 Jul 2020 09:08:30.277,6 Jul 2020 10:08:38.451,3608.174
6 Jul 2020 10:41:25.664,6 Jul 2020 11:41:37.653,3611.989
6 Jul 2020 12:14:21.099,6 Jul 2020 13:14:36.902,3615.803
6 Jul 2020 13:47:16.516,6 Jul 2020 14:47:36.201,3619.685
6 Jul 2020 15:20:11.924,6 Jul 2020 16:20:35.532,3623.608
6 Jul 2020 16:53:07.391,6 Jul 2020 17:53:34.920,3627.529
6 Jul 2020 18:26:02.770,6 Jul 2020 19:26:34.360,3631.590
6 Jul 2020 19:58:58.127,6 Jul 2020 20:59:33.851,3635.724
6 Jul 2020 21:31:53.461,6 Jul 2020 22:32:33.376,3639.915
6 Jul 2020 23:04:48.791,7 Jul 2020 00:05:32.972,3644.180
7 Jul 2020 00:37:44.109,7 Jul 2020 01:38:32.622,3648.513
7 Jul 2020 02:10:39.415,7 Jul 2020 03:11:32.329,3652.914
7 Jul 2020 03:43:34.707,7 Jul 2020 04:44:32.093,3657.386
7 Jul 2020 05:16:30.095,7 Jul 2020 06:17:32.010,3661.915
7 Jul 2020 06:49:25.362,7 Jul 2020 07:50:31.899,3666.536
7 Jul 2020 08:22:20.620,7 Jul 2020 09:23:31.899,3671.279
7 Jul 2020 09:55:15.944,7 Jul 2020 10:56:31.931,3675.986
7 Jul 2020 11:28:11.192,7 Jul 2020 12:29:32.024,3680.831
7 Jul 2020 13:01:06.422,7 Jul 2020 14:02:32.177,3685.755
7 Jul 2020 14:34:01.641,7 Jul 2020 15:35:32.404,3690.763
7 Jul 2020 16:06:56.847,7 Jul 2020 17:08:32.600,3695.753
7 Jul 2020 17:39:51.936,7 Jul 2020 18:41:32.951,3701.015
7 Jul 2020 19:12:47.100,7 Jul 2020 20:14:33.374,3706.275
7 Jul 2020 20:45:42.246,7 Jul 2020 21:47:33.865,3711.619
7 Jul 2020 22:18:37.377,7 Jul 2020 23:20:34.432,3717.055
7 Jul 2020 23:51:32.492,8 Jul 2020 00:53:35.072,3722.580
8 Jul 2020 01:24:27.592,8 Jul 2020 02:26:35.794,3728.202
8 Jul 2020 02:57:22.676,8 Jul 2020 03:59:36.591,3733.915
8 Jul 2020 04:30:17.833,8 Jul 2020 05:32:37.604,3739.770
8 Jul 2020 06:03:12.899,8 Jul 2020 07:05:38.578,3745.679
8 Jul 2020 07:36:07.947,8 Jul 2020 08:38:39.637,3751.691
8 Jul 2020 09:09:02.978,8 Jul 2020 10:11:40.771,3757.793
8 Jul 2020 10:41:57.977,8 Jul 2020 11:44:42.001,3764.024
8 Jul 2020 12:14:52.969,8 Jul 2020 13:17:43.343,3770.375
8 Jul 2020 13:47:47.981,8 Jul 2020 14:50:44.764,3776.783
8 Jul 2020 15:20:42.944,8 Jul 2020 16:23:46.307,3783.363
8 Jul 2020 16:53:37.943,8 Jul 2020 17:56:47.921,3789.979
8 Jul 2020 18:26:32.872,8 Jul 2020 19:29:49.637,3796.765
8 Jul 2020 19:59:27.783,8 Jul 2020 21:02:51.450,3803.667
8 Jul 2020 21:32:22.651,8 Jul 2020 22:35:53.276,3810.625
8 Jul 2020 23:05:17.522,9 Jul 2020 00:08:55.293,3817.771
9 Jul 2020 00:38:12.364,9 Jul 2020 01:41:57.361,3824.997
9 Jul 2020 02:11:07.144,9 Jul 2020 03:14:59.594,3832.450
9 Jul 2020 03:44:01.944,9 Jul 2020 04:48:01.896,3839.952
9 Jul 2020 05:16:56.683,9 Jul 2020 06:21:04.357,3847.674
9 Jul 2020 06:49:51.441,9 Jul 2020 07:54:06.935,3855.495
9 Jul 2020 08:22:46.175,9 Jul 2020 09:27:09.634,3863.459
9 Jul 2020 09:55:40.858,9 Jul 2020 11:00:12.456,3871.597
9 Jul 2020 11:28:35.545,9 Jul 2020 12:33:15.408,3879.863
9 Jul 2020 13:01:30.208,9 Jul 2020 14:06:18.388,3888.180
9 Jul 2020 14:34:24.747,9 Jul 2020 15:39:21.601,3896.853
9 Jul 2020 16:07:19.354,9 Jul 2020 17:12:24.950,3905.596
9 Jul 2020 17:40:13.940,9 Jul 2020 18:45:28.441,3914.500
9 Jul 2020 19:13:08.494,9 Jul 2020 20:18:32.075,3923.581
9 Jul 2020 20:46:03.020,9 Jul 2020 21:51:35.184,3932.165
9 Jul 2020 22:18:57.024,9 Jul 2020 23:24:39.070,3942.046
9 Jul 2020 23:51:51.403,10 Jul 2020 00:57:43.029,3951.627
10 Jul 2020 01:24:45.783,10 Jul 2020 02:30:47.214,3961.431
10 Jul 2020 02:57:40.138,10 Jul 2020 04:03:51.563,3971.425
10 Jul 2020 04:30:34.452,10 Jul 2020 05:36:56.296,3981.844
10 Jul 2020 06:03:28.852,10 Jul 2020 07:10:00.989,3992.137
10 Jul 2020 07:36:23.102,10 Jul 2020 08:43:05.861,4002.758
10 Jul 2020 09:09:17.315,10 Jul 2020 10:16:10.889,4013.574
10 Jul 2020 10:42:11.488,10 Jul 2020 11:49:16.117,4024.629
10 Jul 2020 12:15:05.617,10 Jul 2020 13:22:21.659,4036.042
10 Jul 2020 13:47:59.817,10 Jul 2020 14:55:27.285,4047.469
10 Jul 2020 15:20:53.871,10 Jul 2020 16:28:32.973,4059.102
10 Jul 2020 16:53:47.762,10 Jul 2020 18:01:38.998,4071.235
10 Jul 2020 18:26:41.717,10 Jul 2020 19:34:45.229,4083.512
10 Jul 2020 19:59:35.626,10 Jul 2020 21:07:51.679,4096.053
10 Jul 2020 21:32:29.679,10 Jul 2020 22:40:58.620,4108.942
10 Jul 2020 23:05:23.524,11 Jul 2020 00:14:05.615,4122.092
11 Jul 2020 00:38:17.318,11 Jul 2020 01:47:12.814,4135.496
11 Jul 2020 02:11:11.061,11 Jul 2020 03:20:20.261,4149.200
11 Jul 2020 03:44:04.746,11 Jul 2020 04:53:27.961,4163.215
11 Jul 2020 05:16:58.433,11 Jul 2020 06:26:35.926,4177.492
11 Jul 2020 06:49:51.994,11 Jul 2020 07:59:44.157,4192.163
11 Jul 2020 08:22:45.493,11 Jul 2020 09:32:52.661,4207.168
11 Jul 2020 09:55:38.920,11 Jul 2020 11:06:01.485,4222.565
11 Jul 2020 11:28:32.272,11 Jul 2020 12:39:10.573,4238.302
11 Jul 2020 13:01:25.545,11 Jul 2020 14:12:19.967,4254.423
11 Jul 2020 14:34:18.737,11 Jul 2020 15:45:29.664,4270.927
11 Jul 2020 16:07:11.839,11 Jul 2020 17:18:39.705,4287.866
11 Jul 2020 17:40:04.853,11 Jul 2020 18:51:50.078,4305.225
11 Jul 2020 19:12:57.769,11 Jul 2020 20:25:00.832,4323.063
11 Jul 2020 20:45:50.481,11 Jul 2020 21:58:11.921,4341.440
11 Jul 2020 22:18:43.179,11 Jul 2020 23:31:23.388,4360.209
11 Jul 2020 23:51:35.761,12 Jul 2020 01:04:35.244,4379.483
12 Jul 2020 01:24:24.328,12 Jul 2020 02:37:38.826,4394.498
12 Jul 2020 02:57:15.450,12 Jul 2020 04:10:49.854,4414.404
12 Jul 2020 04:30:06.313,12 Jul 2020 05:44:03.971,4437.659
12 Jul 2020 06:02:57.530,12 Jul 2020 07:17:16.492,4458.962
12 Jul 2020 07:35:48.374,12 Jul 2020 08:50:29.490,4481.116
12 Jul 2020 09:08:39.043,12 Jul 2020 10:23:42.991,4503.948
12 Jul 2020 10:41:29.518,12 Jul 2020 11:56:57.018,4527.500
12 Jul 2020 12:14:19.791,12 Jul 2020 13:30:11.252,4551.461
12 Jul 2020 13:47:09.039,12 Jul 2020 15:03:26.341,4577.302
12 Jul 2020 15:19:58.729,12 Jul 2020 16:36:42.000,4603.271
12 Jul 2020 16:52:48.115,12 Jul 2020 18:09:58.302,4630.187
12 Jul 2020 18:25:37.191,12 Jul 2020 19:43:15.293,4658.102
12 Jul 2020 19:58:25.922,12 Jul 2020 21:16:33.444,4687.522
12 Jul 2020 21:31:14.494,12 Jul 2020 22:49:52.044,4717.550
12 Jul 2020 23:04:02.459,13 Jul 2020 00:23:11.515,4749.055
13 Jul 2020 00:36:49.936,13 Jul 2020 01:56:31.664,4781.729
13 Jul 2020 02:09:36.715,13 Jul 2020 03:29:53.059,4816.343
13 Jul 2020 03:42:22.950,13 Jul 2020 05:03:15.604,4852.654
13 Jul 2020 05:15:08.425,13 Jul 2020 06:36:40.315,4891.889
13 Jul 2020 06:47:52.756,13 Jul 2020 08:10:05.744,4932.988
13 Jul 2020 08:20:36.224,13 Jul 2020 09:43:32.845,4976.621
13 Jul 2020 09:53:18.266,13 Jul 2020 11:17:02.190,5023.924
13 Jul 2020 11:25:58.653,13 Jul 2020 12:50:34.138,5075.485
13 Jul 2020 12:58:36.861,13 Jul 2020 14:24:09.770,5132.909
13 Jul 2020 14:31:11.791,13 Jul 2020 15:57:50.828,5199.037
13 Jul 2020 16:03:41.758,13 Jul 2020 17:31:41.372,5279.614
13 Jul 2020 17:36:02.690,13 Jul 2020 19:05:59.739,5397.049
13 Jul 2020 19:07:56.260,18 Jul 2020 00:01:30.747,363214.487
18 Jul 2020 00:03:29.536,18 Jul 2020 01:33:24.794,5395.258
18 Jul 2020 01:37:47.130,18 Jul 2020 03:05:45.570,5278.440
18 Jul 2020 03:11:37.990,18 Jul 2020 04:38:15.422,5197.432
18 Jul 2020 04:45:19.302,18 Jul 2020 06:10:50.308,5131.006
18 Jul 2020 06:18:55.387,18 Jul 2020 07:43:28.353,5072.965
18 Jul 2020 07:52:27.613,18 Jul 2020 09:16:08.689,5021.076
18 Jul 2020 09:25:57.170,18 Jul 2020 10:48:50.686,4973.516
18 Jul 2020 10:59:24.496,18 Jul 2020 12:21:34.109,4929.613
18 Jul 2020 12:32:50.050,18 Jul 2020 13:54:18.626,4888.576
18 Jul 2020 14:06:14.092,18 Jul 2020 15:27:04.047,4849.955
18 Jul 2020 15:39:36.817,18 Jul 2020 16:59:50.230,4813.413
18 Jul 2020 17:12:58.374,18 Jul 2020 18:32:37.087,4778.713
18 Jul 2020 18:46:18.849,18 Jul 2020 20:05:24.450,4745.601
18 Jul 2020 20:19:38.456,18 Jul 2020 21:38:12.336,4713.880
18 Jul 2020 21:52:57.142,18 Jul 2020 23:11:00.658,4683.516
18 Jul 2020 23:26:15.023,19 Jul 2020 00:43:49.341,4654.317
19 Jul 2020 00:59:32.180,19 Jul 2020 02:16:38.389,4626.209
19 Jul 2020 02:32:48.610,19 Jul 2020 03:49:27.790,4599.180
19 Jul 2020 04:06:04.386,19 Jul 2020 05:22:17.423,4573.037
19 Jul 2020 05:39:19.539,19 Jul 2020 06:55:07.313,4547.773
19 Jul 2020 07:12:34.111,19 Jul 2020 08:27:57.432,4523.321
19 Jul 2020 08:45:47.962,19 Jul 2020 10:00:47.747,4499.785
19 Jul 2020 10:19:01.390,19 Jul 2020 11:33:38.207,4476.817
19 Jul 2020 11:52:14.364,19 Jul 2020 13:06:28.905,4454.540
19 Jul 2020 13:25:26.857,19 Jul 2020 14:39:19.768,4432.911
19 Jul 2020 14:58:38.885,19 Jul 2020 16:12:10.784,4411.899
19 Jul 2020 16:31:50.463,19 Jul 2020 17:45:01.960,4391.497
19 Jul 2020 18:05:01.642,19 Jul 2020 19:17:53.252,4371.610
19 Jul 2020 19:38:12.390,19 Jul 2020 20:50:44.727,4352.337
19 Jul 2020 21:11:22.770,19 Jul 2020 22:23:36.261,4333.491
19 Jul 2020 22:44:32.746,19 Jul 2020 23:56:27.903,4315.157
20 Jul 2020 00:17:42.352,20 Jul 2020 01:29:19.647,4297.295
20 Jul 2020 01:50:51.605,20 Jul 2020 03:02:11.488,4279.883
20 Jul 2020 03:24:00.518,20 Jul 2020 04:35:03.419,4262.901
20 Jul 2020 04:57:09.207,20 Jul 2020 06:07:55.532,4246.325
20 Jul 2020 06:30:17.473,20 Jul 2020 07:40:47.635,4230.162
20 Jul 2020 08:03:25.435,20 Jul 2020 09:13:39.815,4214.381
20 Jul 2020 09:36:33.066,20 Jul 2020 10:46:32.119,4199.054
20 Jul 2020 11:09:40.443,20 Jul 2020 12:19:24.445,4184.002
20 Jul 2020 12:42:47.535,20 Jul 2020 13:52:16.830,4169.295
20 Jul 2020 14:15:54.354,20 Jul 2020 15:25:09.281,4154.927
20 Jul 2020 15:49:00.908,20 Jul 2020 16:58:01.821,4140.913
20 Jul 2020 17:22:07.226,20 Jul 2020 18:30:54.386,4127.160
20 Jul 2020 18:55:13.280,20 Jul 2020 20:03:47.009,4113.729
20 Jul 2020 20:28:19.082,20 Jul 2020 21:36:39.684,4100.602
20 Jul 2020 22:01:24.654,20 Jul 2020 23:09:32.411,4087.757
20 Jul 2020 23:34:29.998,21 Jul 2020 00:42:25.182,4075.184
21 Jul 2020 01:07:35.146,21 Jul 2020 02:15:18.014,4062.868
21 Jul 2020 02:40:40.055,21 Jul 2020 03:48:10.875,4050.820
21 Jul 2020 04:13:44.749,21 Jul 2020 05:21:03.780,4039.032
21 Jul 2020 05:46:49.241,21 Jul 2020 06:53:56.729,4027.488
21 Jul 2020 07:19:53.535,21 Jul 2020 08:26:49.711,4016.176
21 Jul 2020 08:52:57.639,21 Jul 2020 09:59:42.768,4005.129
21 Jul 2020 10:26:01.544,21 Jul 2020 11:32:35.826,3994.282
21 Jul 2020 11:59:05.269,21 Jul 2020 13:05:28.922,3983.653
21 Jul 2020 13:32:08.824,21 Jul 2020 14:38:22.045,3973.221
21 Jul 2020 15:05:12.194,21 Jul 2020 16:11:15.207,3963.013
21 Jul 2020 16:38:15.400,21 Jul 2020 17:44:08.393,3952.993
21 Jul 2020 18:11:18.440,21 Jul 2020 19:17:01.613,3943.173
21 Jul 2020 19:44:21.318,21 Jul 2020 20:49:54.863,3933.544
21 Jul 2020 21:17:24.039,21 Jul 2020 22:22:48.140,3924.101
21 Jul 2020 22:50:26.606,21 Jul 2020 23:55:41.446,3914.839
22 Jul 2020 00:23:29.024,22 Jul 2020 01:28:34.777,3905.754
22 Jul 2020 01:56:31.295,22 Jul 2020 03:01:28.156,3896.861
22 Jul 2020 03:29:33.401,22 Jul 2020 04:34:21.539,3888.138
22 Jul 2020 05:02:35.396,22 Jul 2020 06:07:14.992,3879.596
22 Jul 2020 06:35:37.209,22 Jul 2020 07:40:08.421,3871.212
22 Jul 2020 08:08:38.931,22 Jul 2020 09:13:01.807,3862.876
22 Jul 2020 09:41:40.519,22 Jul 2020 10:45:55.282,3854.763
22 Jul 2020 11:14:41.983,22 Jul 2020 12:18:48.778,3846.796
22 Jul 2020 12:47:43.323,22 Jul 2020 13:51:42.296,3838.973
22 Jul 2020 14:20:44.539,22 Jul 2020 15:24:35.845,3831.306
22 Jul 2020 15:53:45.647,22 Jul 2020 16:57:29.408,3823.760
22 Jul 2020 17:26:46.636,22 Jul 2020 18:30:22.987,3816.351
22 Jul 2020 18:59:47.511,22 Jul 2020 20:03:16.563,3809.052
22 Jul 2020 20:32:48.249,22 Jul 2020 21:36:10.176,3801.927
22 Jul 2020 22:05:48.905,22 Jul 2020 23:09:03.810,3794.905
22 Jul 2020 23:38:49.456,23 Jul 2020 00:41:57.465,3788.008
23 Jul 2020 01:11:49.933,23 Jul 2020 02:14:51.171,3781.238
23 Jul 2020 02:44:50.293,23 Jul 2020 03:47:44.865,3774.571
23 Jul 2020 04:17:50.546,23 Jul 2020 05:20:38.569,3768.023
23 Jul 2020 05:50:50.702,23 Jul 2020 06:53:32.293,3761.591
23 Jul 2020 07:23:50.762,23 Jul 2020 08:26:26.033,3755.271
23 Jul 2020 08:56:50.701,23 Jul 2020 09:59:19.779,3749.078
23 Jul 2020 10:29:50.582,23 Jul 2020 11:32:13.549,3742.967
23 Jul 2020 12:02:50.373,23 Jul 2020 13:05:07.335,3736.962
23 Jul 2020 13:35:50.075,23 Jul 2020 14:38:01.136,3731.061
23 Jul 2020 15:08:49.696,23 Jul 2020 16:10:54.950,3725.254
23 Jul 2020 16:41:49.237,23 Jul 2020 17:43:48.815,3719.577
23 Jul 2020 18:14:48.718,23 Jul 2020 19:16:42.659,3713.941
23 Jul 2020 19:47:48.094,23 Jul 2020 20:49:36.500,3708.406
23 Jul 2020 21:20:47.373,23 Jul 2020 22:22:30.372,3702.999
23 Jul 2020 22:53:46.602,23 Jul 2020 23:55:24.261,3697.659
24 Jul 2020 00:26:45.753,24 Jul 2020 01:28:18.162,3692.408
24 Jul 2020 01:59:44.832,24 Jul 2020 03:01:12.076,3687.244
24 Jul 2020 03:32:43.834,24 Jul 2020 04:34:06.003,3682.169
24 Jul 2020 05:05:42.775,24 Jul 2020 06:07:00.094,3677.318
24 Jul 2020 06:38:41.784,24 Jul 2020 07:39:54.053,3672.269
24 Jul 2020 08:11:40.592,24 Jul 2020 09:12:48.099,3667.507
24 Jul 2020 09:44:39.397,24 Jul 2020 10:45:42.088,3662.691
24 Jul 2020 11:17:38.075,24 Jul 2020 12:18:36.089,3658.014
24 Jul 2020 12:50:36.695,24 Jul 2020 13:51:30.103,3653.408
24 Jul 2020 14:23:35.254,24 Jul 2020 15:24:24.126,3648.873
24 Jul 2020 15:56:33.755,24 Jul 2020 16:57:18.169,3644.413
24 Jul 2020 17:29:32.191,24 Jul 2020 18:30:12.215,3640.024
24 Jul 2020 19:02:30.573,24 Jul 2020 20:03:06.280,3635.707
24 Jul 2020 20:35:28.898,24 Jul 2020 21:36:00.893,3631.995
24 Jul 2020 22:08:27.663,24 Jul 2020 23:08:55.006,3627.344
24 Jul 2020 23:41:25.906,25 Jul 2020 00:41:49.123,3623.217
25 Jul 2020 01:14:24.099,25 Jul 2020 02:14:43.262,3619.163
25 Jul 2020 02:47:22.242,25 Jul 2020 03:47:37.423,3615.181
25 Jul 2020 04:20:20.267,25 Jul 2020 05:20:31.546,3611.279
25 Jul 2020 05:53:18.306,25 Jul 2020 06:53:25.717,3607.411
25 Jul 2020 07:26:16.287,25 Jul 2020 08:26:19.889,3603.602
25 Jul 2020 08:59:14.215,25 Jul 2020 09:59:14.088,3599.873
25 Jul 2020 10:32:12.109,25 Jul 2020 11:32:08.299,3596.190
25 Jul 2020 12:05:09.957,25 Jul 2020 13:05:02.522,3592.565
25 Jul 2020 13:38:07.759,25 Jul 2020 14:37:56.756,3588.997
25 Jul 2020 15:11:05.518,25 Jul 2020 16:10:51.002,3585.484
25 Jul 2020 16:44:03.234,25 Jul 2020 17:43:45.262,3582.028
25 Jul 2020 18:17:00.909,25 Jul 2020 19:16:39.531,3578.622
25 Jul 2020 19:49:58.538,25 Jul 2020 20:49:33.551,3575.013
25 Jul 2020 21:22:55.853,25 Jul 2020 22:22:27.812,3571.959
25 Jul 2020 22:55:53.376,25 Jul 2020 23:55:22.083,3568.707
26 Jul 2020 00:28:50.856,26 Jul 2020 01:28:16.377,3565.521
26 Jul 2020 02:01:48.310,26 Jul 2020 03:01:10.663,3562.354
26 Jul 2020 03:34:45.688,26 Jul 2020 04:34:04.948,3559.259
26 Jul 2020 05:07:43.048,26 Jul 2020 06:06:59.251,3556.203
26 Jul 2020 06:40:40.365,26 Jul 2020 07:39:53.564,3553.199
26 Jul 2020 08:13:37.645,26 Jul 2020 09:12:47.886,3550.241
26 Jul 2020 09:46:34.884,26 Jul 2020 10:45:42.217,3547.333
26 Jul 2020 11:19:32.090,26 Jul 2020 12:18:36.557,3544.467
26 Jul 2020 12:52:29.261,26 Jul 2020 13:51:30.907,3541.646
26 Jul 2020 14:25:26.400,26 Jul 2020 15:24:25.265,3538.865
26 Jul 2020 15:58:23.503,26 Jul 2020 16:57:19.633,3536.129
26 Jul 2020 17:31:20.569,26 Jul 2020 18:30:14.010,3533.440
26 Jul 2020 19:04:17.603,26 Jul 2020 20:03:08.853,3531.250
26 Jul 2020 20:37:15.073,26 Jul 2020 21:36:03.284,3528.211
26 Jul 2020 22:10:12.077,26 Jul 2020 23:08:57.726,3525.648
26 Jul 2020 23:43:09.054,27 Jul 2020 00:41:52.178,3523.124
27 Jul 2020 01:16:06.001,27 Jul 2020 02:14:46.638,3520.637
27 Jul 2020 02:49:02.920,27 Jul 2020 03:47:41.111,3518.192
27 Jul 2020 04:21:59.810,27 Jul 2020 05:20:35.595,3515.785
27 Jul 2020 05:54:56.672,27 Jul 2020 06:53:30.090,3513.417
27 Jul 2020 07:27:53.508,27 Jul 2020 08:26:24.595,3511.087
27 Jul 2020 09:00:50.317,27 Jul 2020 09:59:19.110,3508.793
27 Jul 2020 10:33:47.099,27 Jul 2020 11:32:13.636,3506.537
27 Jul 2020 12:06:43.857,27 Jul 2020 13:05:08.173,3504.317
27 Jul 2020 13:39:40.166,27 Jul 2020 14:38:02.285,3502.118
27 Jul 2020 15:12:36.870,27 Jul 2020 16:10:56.835,3499.964
27 Jul 2020 16:45:33.531,27 Jul 2020 17:43:51.385,3497.854
27 Jul 2020 18:18:30.171,27 Jul 2020 19:16:45.945,3495.774
27 Jul 2020 19:51:26.788,27 Jul 2020 20:49:40.443,3493.655
27 Jul 2020 21:24:23.324,27 Jul 2020 22:22:35.020,3491.697
27 Jul 2020 22:57:19.891,27 Jul 2020 23:55:29.608,3489.717
28 Jul 2020 00:30:16.435,28 Jul 2020 01:28:24.206,3487.771
28 Jul 2020 02:03:12.958,28 Jul 2020 03:01:18.814,3485.856
28 Jul 2020 03:36:09.459,28 Jul 2020 04:34:13.435,3483.976
28 Jul 2020 05:09:05.964,28 Jul 2020 06:07:08.073,3482.109
28 Jul 2020 06:42:02.425,28 Jul 2020 07:40:02.648,3480.223
28 Jul 2020 08:14:58.806,28 Jul 2020 09:12:57.289,3478.484
28 Jul 2020 09:47:55.214,28 Jul 2020 10:45:51.940,3476.726
28 Jul 2020 11:20:51.607,28 Jul 2020 12:18:46.601,3474.994
28 Jul 2020 12:53:47.976,28 Jul 2020 13:51:41.272,3473.296
28 Jul 2020 14:26:44.327,28 Jul 2020 15:24:35.953,3471.625
28 Jul 2020 15:59:40.660,28 Jul 2020 16:57:30.647,3469.987
28 Jul 2020 17:32:36.974,28 Jul 2020 18:30:25.348,3468.374
28 Jul 2020 19:05:33.269,28 Jul 2020 20:03:20.088,3466.819
28 Jul 2020 20:38:29.575,28 Jul 2020 21:36:14.813,3465.237
28 Jul 2020 22:11:25.838,28 Jul 2020 23:09:09.547,3463.710
28 Jul 2020 23:44:22.083,29 Jul 2020 00:42:04.293,3462.210
29 Jul 2020 01:17:18.311,29 Jul 2020 02:14:59.049,3460.737
29 Jul 2020 02:50:14.523,29 Jul 2020 03:47:53.815,3459.292
29 Jul 2020 04:23:10.719,29 Jul 2020 05:20:48.614,3457.894
29 Jul 2020 05:56:06.917,29 Jul 2020 06:53:43.426,3456.509
29 Jul 2020 07:29:03.075,29 Jul 2020 08:26:38.231,3455.156
29 Jul 2020 09:01:59.231,29 Jul 2020 09:59:33.047,3453.816
29 Jul 2020 10:34:55.372,29 Jul 2020 11:32:27.874,3452.502
29 Jul 2020 12:07:51.498,29 Jul 2020 13:05:22.712,3451.213
29 Jul 2020 13:40:47.612,29 Jul 2020 14:38:17.561,3449.949
29 Jul 2020 15:13:43.713,29 Jul 2020 16:11:12.437,3448.724
29 Jul 2020 16:46:39.809,29 Jul 2020 17:44:07.311,3447.503
29 Jul 2020 18:19:35.884,29 Jul 2020 19:17:02.197,3446.313
29 Jul 2020 19:52:31.947,29 Jul 2020 20:50:03.796,3451.849
29 Jul 2020 21:25:34.473,29 Jul 2020 22:23:00.217,3445.744
29 Jul 2020 22:58:32.022,29 Jul 2020 23:55:56.671,3444.650
30 Jul 2020 00:31:29.580,30 Jul 2020 01:28:53.159,3443.578
30 Jul 2020 02:04:27.149,30 Jul 2020 03:01:49.679,3442.531
30 Jul 2020 03:37:24.727,30 Jul 2020 04:34:46.233,3441.506
30 Jul 2020 05:10:22.316,30 Jul 2020 06:07:42.820,3440.504
30 Jul 2020 06:43:19.916,30 Jul 2020 07:40:39.441,3439.525
30 Jul 2020 08:16:17.527,30 Jul 2020 09:13:36.095,3438.569
30 Jul 2020 09:49:15.149,30 Jul 2020 10:46:32.783,3437.634
30 Jul 2020 11:22:12.782,30 Jul 2020 12:19:29.504,3436.722
30 Jul 2020 12:55:10.427,30 Jul 2020 13:52:26.259,3435.832
30 Jul 2020 14:28:08.084,30 Jul 2020 15:25:23.048,3434.963
30 Jul 2020 16:01:05.754,30 Jul 2020 16:58:19.870,3434.117
30 Jul 2020 17:34:03.436,30 Jul 2020 18:31:16.727,3433.291
30 Jul 2020 19:07:01.130,30 Jul 2020 20:04:09.484,3428.353
30 Jul 2020 20:39:54.747,30 Jul 2020 21:37:06.222,3431.476
30 Jul 2020 22:12:52.274,30 Jul 2020 23:10:03.056,3430.782
30 Jul 2020 23:45:49.872,31 Jul 2020 00:42:59.980,3430.108
31 Jul 2020 01:18:47.540,31 Jul 2020 02:15:56.998,3429.458
31 Jul 2020 02:51:45.278,31 Jul 2020 03:48:54.106,3428.828
31 Jul 2020 04:24:41.300,31 Jul 2020 05:21:48.553,3427.253
31 Jul 2020 05:57:38.452,31 Jul 2020 06:54:44.996,3426.544
31 Jul 2020 07:30:35.574,31 Jul 2020 08:27:41.424,3425.850
31 Jul 2020 09:03:32.665,31 Jul 2020 10:00:37.841,3425.177
31 Jul 2020 10:36:29.725,31 Jul 2020 11:33:34.243,3424.518
31 Jul 2020 12:09:26.755,31 Jul 2020 13:06:30.639,3423.884
31 Jul 2020 13:42:23.756,31 Jul 2020 14:39:27.030,3423.274
31 Jul 2020 15:15:20.726,31 Jul 2020 16:12:23.400,3422.673
31 Jul 2020 16:48:17.667,31 Jul 2020 17:45:19.765,3422.097
31 Jul 2020 18:21:14.579,31 Jul 2020 19:18:16.119,3421.540
31 Jul 2020 19:54:11.462,31 Jul 2020 20:51:12.469,3421.007
31 Jul 2020 21:27:08.318,31 Jul 2020 22:24:11.658,3423.340
31 Jul 2020 23:00:07.937,31 Jul 2020 23:57:08.369,3420.432
1 Aug 2020 00:33:05.118,1 Aug 2020 01:30:05.100,3419.981
1 Aug 2020 02:06:02.294,1 Aug 2020 03:03:01.834,3419.540
1 Aug 2020 03:38:59.461,1 Aug 2020 04:35:58.589,3419.127
1 Aug 2020 05:11:56.632,1 Aug 2020 06:08:55.335,3418.703
1 Aug 2020 06:44:53.772,1 Aug 2020 07:41:52.115,3418.343
1 Aug 2020 08:17:50.925,1 Aug 2020 09:14:48.909,3417.984
1 Aug 2020 09:50:48.078,1 Aug 2020 10:47:45.713,3417.635
1 Aug 2020 11:23:45.228,1 Aug 2020 12:20:42.536,3417.309
1 Aug 2020 12:56:42.378,1 Aug 2020 13:53:39.378,3417.000
1 Aug 2020 14:29:39.522,1 Aug 2020 15:26:36.227,3416.705
1 Aug 2020 16:02:36.659,1 Aug 2020 16:59:33.098,3416.439
1 Aug 2020 17:35:33.801,1 Aug 2020 18:32:29.977,3416.176
1 Aug 2020 19:08:30.934,1 Aug 2020 20:05:26.879,3415.945
1 Aug 2020 20:41:28.070,1 Aug 2020 21:38:23.788,3415.717
1 Aug 2020 22:14:25.202,1 Aug 2020 23:11:20.716,3415.513
1 Aug 2020 23:47:22.341,2 Aug 2020 00:44:17.658,3415.317
2 Aug 2020 01:20:19.470,2 Aug 2020 02:17:14.621,3415.150
2 Aug 2020 02:53:16.599,2 Aug 2020 03:50:11.594,3414.995
2 Aug 2020 04:26:13.736,2 Aug 2020 05:23:08.569,3414.834
2 Aug 2020 05:59:10.850,2 Aug 2020 06:56:05.569,3414.719
2 Aug 2020 07:32:07.974,2 Aug 2020 08:29:02.585,3414.611
2 Aug 2020 09:05:05.088,2 Aug 2020 10:01:59.619,3414.531
2 Aug 2020 10:38:02.206,2 Aug 2020 11:34:56.664,3414.457
2 Aug 2020 12:10:59.324,2 Aug 2020 13:07:53.728,3414.404
2 Aug 2020 13:43:56.443,2 Aug 2020 14:40:50.810,3414.367
2 Aug 2020 15:16:53.565,2 Aug 2020 16:13:47.908,3414.343
2 Aug 2020 16:49:50.684,2 Aug 2020 17:46:45.022,3414.338
2 Aug 2020 18:22:47.799,2 Aug 2020 19:19:42.158,3414.359
2 Aug 2020 19:55:44.920,2 Aug 2020 20:52:39.162,3414.242
2 Aug 2020 21:28:41.894,2 Aug 2020 22:25:36.313,3414.419
2 Aug 2020 23:01:39.003,2 Aug 2020 23:58:33.485,3414.482
3 Aug 2020 00:34:36.117,3 Aug 2020 01:31:30.678,3414.561
3 Aug 2020 02:07:33.228,3 Aug 2020 03:04:27.879,3414.651
3 Aug 2020 03:40:30.348,3 Aug 2020 04:37:25.101,3414.754
3 Aug 2020 05:13:27.387,3 Aug 2020 06:10:22.234,3414.847
3 Aug 2020 06:46:24.496,3 Aug 2020 07:43:19.477,3414.980
3 Aug 2020 08:19:21.603,3 Aug 2020 09:16:16.736,3415.133
3 Aug 2020 09:52:18.712,3 Aug 2020 10:49:14.020,3415.308
3 Aug 2020 11:25:15.835,3 Aug 2020 12:22:11.309,3415.474
3 Aug 2020 12:58:12.941,3 Aug 2020 13:55:08.629,3415.688
3 Aug 2020 14:31:10.056,3 Aug 2020 15:28:05.962,3415.906
3 Aug 2020 16:04:07.177,3 Aug 2020 17:01:03.306,3416.129
3 Aug 2020 17:37:04.293,3 Aug 2020 18:34:00.669,3416.376
3 Aug 2020 19:10:01.416,3 Aug 2020 20:06:58.106,3416.690
3 Aug 2020 20:42:58.589,3 Aug 2020 21:39:55.519,3416.930
3 Aug 2020 22:15:55.735,3 Aug 2020 23:12:52.956,3417.221
3 Aug 2020 23:48:52.880,4 Aug 2020 00:45:50.412,3417.531
4 Aug 2020 01:21:50.034,4 Aug 2020 02:18:47.887,3417.852
4 Aug 2020 02:54:47.198,4 Aug 2020 03:51:45.381,3418.184
4 Aug 2020 04:27:44.403,4 Aug 2020 05:24:42.927,3418.524
4 Aug 2020 06:00:41.567,4 Aug 2020 06:57:40.456,3418.889
4 Aug 2020 07:33:38.744,4 Aug 2020 08:30:38.031,3419.287
4 Aug 2020 09:06:35.911,4 Aug 2020 10:03:35.597,3419.686
4 Aug 2020 10:39:33.087,4 Aug 2020 11:36:33.188,3420.100
4 Aug 2020 12:12:30.269,4 Aug 2020 13:09:30.766,3420.497
4 Aug 2020 13:45:27.462,4 Aug 2020 14:42:28.392,3420.930
4 Aug 2020 15:18:24.656,4 Aug 2020 16:15:26.038,3421.382
4 Aug 2020 16:51:21.855,4 Aug 2020 17:48:23.738,3421.883
4 Aug 2020 18:24:19.060,4 Aug 2020 19:21:21.419,3422.359
4 Aug 2020 19:57:16.271,4 Aug 2020 20:54:19.159,3422.888
4 Aug 2020 21:30:13.522,4 Aug 2020 22:27:16.891,3423.369
4 Aug 2020 23:03:10.749,5 Aug 2020 00:00:14.639,3423.890
5 Aug 2020 00:36:07.982,5 Aug 2020 01:33:12.412,3424.430
5 Aug 2020 02:09:05.222,5 Aug 2020 03:06:10.202,3424.980
5 Aug 2020 03:42:02.469,5 Aug 2020 04:39:08.087,3425.617
5 Aug 2020 05:14:59.829,5 Aug 2020 06:12:05.863,3426.034
5 Aug 2020 06:47:57.044,5 Aug 2020 07:45:03.657,3426.613
5 Aug 2020 08:20:54.259,5 Aug 2020 09:18:01.466,3427.206
5 Aug 2020 09:53:51.472,5 Aug 2020 10:50:59.286,3427.814
5 Aug 2020 11:26:48.681,5 Aug 2020 12:23:57.450,3428.769
5 Aug 2020 12:59:46.205,5 Aug 2020 13:56:55.376,3429.171
5 Aug 2020 14:32:43.492,5 Aug 2020 15:29:53.321,3429.829
5 Aug 2020 16:05:40.786,5 Aug 2020 17:02:51.305,3430.520
5 Aug 2020 17:38:38.104,5 Aug 2020 18:35:49.295,3431.191
5 Aug 2020 19:11:35.415,5 Aug 2020 20:08:47.439,3432.024
5 Aug 2020 20:44:32.862,5 Aug 2020 21:41:45.496,3432.633
5 Aug 2020 22:17:30.214,5 Aug 2020 23:14:43.575,3433.362
5 Aug 2020 23:50:27.579,6 Aug 2020 00:47:41.678,3434.099
6 Aug 2020 01:23:24.952,6 Aug 2020 02:20:39.803,3434.851
6 Aug 2020 02:56:22.378,6 Aug 2020 03:53:37.979,3435.601
6 Aug 2020 04:29:19.703,6 Aug 2020 05:26:36.109,3436.406
6 Aug 2020 06:02:17.103,6 Aug 2020 06:59:34.307,3437.204
6 Aug 2020 07:35:14.519,6 Aug 2020 08:32:32.529,3438.009
6 Aug 2020 09:08:11.947,6 Aug 2020 10:05:30.774,3438.827
6 Aug 2020 10:41:09.386,6 Aug 2020 11:38:29.044,3439.658
6 Aug 2020 12:14:06.837,6 Aug 2020 13:11:27.324,3440.487
6 Aug 2020 13:47:04.286,6 Aug 2020 14:44:25.642,3441.356
6 Aug 2020 15:20:01.760,6 Aug 2020 16:17:23.984,3442.224
6 Aug 2020 16:52:59.248,6 Aug 2020 17:50:22.355,3443.108
6 Aug 2020 18:25:56.751,6 Aug 2020 19:23:20.747,3443.996
6 Aug 2020 19:58:54.264,6 Aug 2020 20:56:19.218,3444.953
6 Aug 2020 21:31:51.846,6 Aug 2020 22:29:17.662,3445.816
6 Aug 2020 23:04:49.388,7 Aug 2020 00:02:16.132,3446.744
7 Aug 2020 00:37:46.945,7 Aug 2020 01:35:14.624,3447.679
7 Aug 2020 02:10:44.514,7 Aug 2020 03:08:13.144,3448.630
7 Aug 2020 03:43:42.097,7 Aug 2020 04:41:11.635,3449.538
7 Aug 2020 05:16:39.646,7 Aug 2020 06:14:10.059,3450.413
7 Aug 2020 06:49:37.158,7 Aug 2020 07:47:08.563,3451.405
7 Aug 2020 08:22:34.697,7 Aug 2020 09:20:07.084,3452.387
7 Aug 2020 09:55:32.237,7 Aug 2020 10:53:05.616,3453.379
7 Aug 2020 11:28:29.778,7 Aug 2020 12:26:04.740,3454.962
7 Aug 2020 13:01:27.843,7 Aug 2020 13:59:03.438,3455.595
7 Aug 2020 14:34:25.528,7 Aug 2020 15:32:02.162,3456.635
7 Aug 2020 16:07:23.228,7 Aug 2020 17:05:00.919,3457.692
7 Aug 2020 17:40:20.950,7 Aug 2020 18:37:59.698,3458.748
7 Aug 2020 19:13:18.683,7 Aug 2020 20:10:58.511,3459.827
7 Aug 2020 20:46:16.441,7 Aug 2020 21:43:57.343,3460.901
7 Aug 2020 22:19:14.208,7 Aug 2020 23:16:56.201,3461.993
7 Aug 2020 23:52:11.992,8 Aug 2020 00:49:55.087,3463.094
8 Aug 2020 01:25:09.793,8 Aug 2020 02:22:53.999,3464.206
8 Aug 2020 02:58:07.612,8 Aug 2020 03:55:52.938,3465.326
8 Aug 2020 04:31:05.448,8 Aug 2020 05:28:51.904,3466.457
8 Aug 2020 06:04:03.299,8 Aug 2020 07:01:51.277,3467.978
8 Aug 2020 07:37:01.639,8 Aug 2020 08:34:50.323,3468.684
8 Aug 2020 09:09:59.553,8 Aug 2020 10:07:49.396,3469.843
8 Aug 2020 10:42:57.484,8 Aug 2020 11:40:48.498,3471.014
8 Aug 2020 12:15:55.437,8 Aug 2020 13:13:47.381,3471.943
8 Aug 2020 13:48:53.110,8 Aug 2020 14:46:46.520,3473.410
8 Aug 2020 15:21:51.084,8 Aug 2020 16:19:45.760,3474.676
8 Aug 2020 16:54:49.149,8 Aug 2020 17:52:44.959,3475.810
8 Aug 2020 18:27:47.168,8 Aug 2020 19:25:44.185,3477.018
8 Aug 2020 20:00:45.206,8 Aug 2020 20:58:43.461,3478.255
8 Aug 2020 21:33:43.289,8 Aug 2020 22:31:42.746,3479.457
8 Aug 2020 23:06:41.371,9 Aug 2020 00:04:42.058,3480.688
9 Aug 2020 00:39:39.473,9 Aug 2020 01:37:41.399,3481.925
9 Aug 2020 02:12:37.600,9 Aug 2020 03:10:40.796,3483.196
9 Aug 2020 03:45:35.776,9 Aug 2020 04:43:40.193,3484.417
9 Aug 2020 05:18:33.944,9 Aug 2020 06:16:39.618,3485.675
9 Aug 2020 06:51:32.133,9 Aug 2020 07:49:39.072,3486.939
9 Aug 2020 08:24:30.345,9 Aug 2020 09:22:38.557,3488.211
9 Aug 2020 09:57:28.579,9 Aug 2020 10:55:38.066,3489.486
9 Aug 2020 11:30:26.836,9 Aug 2020 12:28:37.662,3490.827
9 Aug 2020 13:03:25.171,9 Aug 2020 14:01:37.227,3492.056
9 Aug 2020 14:36:23.477,9 Aug 2020 15:34:36.823,3493.345
9 Aug 2020 16:09:21.805,9 Aug 2020 17:07:36.407,3494.602
9 Aug 2020 17:42:20.114,9 Aug 2020 18:40:36.058,3495.945
9 Aug 2020 19:15:18.486,9 Aug 2020 20:13:35.738,3497.252
9 Aug 2020 20:48:16.884,9 Aug 2020 21:46:35.432,3498.547
9 Aug 2020 22:21:15.297,9 Aug 2020 23:19:35.166,3499.869
9 Aug 2020 23:54:13.741,10 Aug 2020 00:52:34.901,3501.160
10 Aug 2020 01:27:12.186,10 Aug 2020 02:25:34.690,3502.504
10 Aug 2020 03:00:10.683,10 Aug 2020 03:58:34.506,3503.822
10 Aug 2020 04:33:09.203,10 Aug 2020 05:31:34.349,3505.146
10 Aug 2020 06:06:07.748,10 Aug 2020 07:04:34.220,3506.472
10 Aug 2020 07:39:06.316,10 Aug 2020 08:37:34.118,3507.802
10 Aug 2020 09:12:04.911,10 Aug 2020 10:10:34.045,3509.133
10 Aug 2020 10:45:03.533,10 Aug 2020 11:43:33.962,3510.429
10 Aug 2020 12:18:02.146,10 Aug 2020 13:16:33.939,3511.792
10 Aug 2020 13:51:00.820,10 Aug 2020 14:49:33.942,3513.123
10 Aug 2020 15:23:59.520,10 Aug 2020 16:22:33.972,3514.453
10 Aug 2020 16:56:58.241,10 Aug 2020 17:55:34.018,3515.776
10 Aug 2020 18:29:56.982,10 Aug 2020 19:28:34.100,3517.118
10 Aug 2020 20:02:55.759,10 Aug 2020 21:01:34.208,3518.448
10 Aug 2020 21:35:54.535,10 Aug 2020 22:34:34.309,3519.775
10 Aug 2020 23:08:53.365,11 Aug 2020 00:07:34.502,3521.138
11 Aug 2020 00:41:52.277,11 Aug 2020 01:40:34.683,3522.406
11 Aug 2020 02:14:51.159,11 Aug 2020 03:13:34.856,3523.698
11 Aug 2020 03:47:50.043,11 Aug 2020 04:46:35.084,3525.041
11 Aug 2020 05:20:48.978,11 Aug 2020 06:19:35.337,3526.358
11 Aug 2020 06:53:47.941,11 Aug 2020 07:52:35.613,3527.672
11 Aug 2020 08:26:46.932,11 Aug 2020 09:25:35.914,3528.983
11 Aug 2020 09:59:45.948,11 Aug 2020 10:58:36.239,3530.290
11 Aug 2020 11:32:44.998,11 Aug 2020 12:31:36.587,3531.589
11 Aug 2020 13:05:44.068,11 Aug 2020 14:04:36.956,3532.887
11 Aug 2020 14:38:43.173,11 Aug 2020 15:37:37.350,3534.176
11 Aug 2020 16:11:42.302,11 Aug 2020 17:10:37.767,3535.464
11 Aug 2020 17:44:41.463,11 Aug 2020 18:43:38.206,3536.743
11 Aug 2020 19:17:40.655,11 Aug 2020 20:16:38.667,3538.012
11 Aug 2020 20:50:39.949,11 Aug 2020 21:49:39.234,3539.285
11 Aug 2020 22:23:39.200,11 Aug 2020 23:22:39.742,3540.542
11 Aug 2020 23:56:38.483,12 Aug 2020 00:55:40.272,3541.788
12 Aug 2020 01:29:37.789,12 Aug 2020 02:28:40.965,3543.176
12 Aug 2020 03:02:37.291,12 Aug 2020 04:01:41.547,3544.255
12 Aug 2020 04:35:36.673,12 Aug 2020 05:34:42.149,3545.476
12 Aug 2020 06:08:36.081,12 Aug 2020 07:07:42.771,3546.690
12 Aug 2020 07:41:35.516,12 Aug 2020 08:40:43.413,3547.898
12 Aug 2020 09:14:34.984,12 Aug 2020 10:13:44.075,3549.091
12 Aug 2020 10:47:34.485,12 Aug 2020 11:46:44.755,3550.270
12 Aug 2020 12:20:34.009,12 Aug 2020 13:19:45.421,3551.412
12 Aug 2020 13:53:33.537,12 Aug 2020 14:52:46.136,3552.599
12 Aug 2020 15:26:33.123,12 Aug 2020 16:25:46.868,3553.745
12 Aug 2020 16:59:32.738,12 Aug 2020 17:58:47.617,3554.879
12 Aug 2020 18:32:32.383,12 Aug 2020 19:31:48.382,3556.000
12 Aug 2020 20:05:32.060,12 Aug 2020 21:04:49.164,3557.105
12 Aug 2020 21:38:31.753,12 Aug 2020 22:37:49.957,3558.204
12 Aug 2020 23:11:31.489,13 Aug 2020 00:10:50.771,3559.282
13 Aug 2020 00:44:31.254,13 Aug 2020 01:43:51.574,3560.320
13 Aug 2020 02:17:31.027,13 Aug 2020 03:16:52.412,3561.385
13 Aug 2020 03:50:30.850,13 Aug 2020 04:49:53.264,3562.414
13 Aug 2020 05:23:30.700,13 Aug 2020 06:22:54.126,3563.426
13 Aug 2020 06:56:30.579,13 Aug 2020 07:55:55.003,3564.424
13 Aug 2020 08:29:30.486,13 Aug 2020 09:28:55.891,3565.405
13 Aug 2020 10:02:30.421,13 Aug 2020 11:01:56.794,3566.373
13 Aug 2020 11:35:30.389,13 Aug 2020 12:34:57.701,3567.312
13 Aug 2020 13:08:30.380,13 Aug 2020 14:07:58.621,3568.241
13 Aug 2020 14:41:30.402,13 Aug 2020 15:40:59.551,3569.149
13 Aug 2020 16:14:30.453,13 Aug 2020 17:14:00.408,3569.955
13 Aug 2020 17:47:30.444,13 Aug 2020 18:47:01.352,3570.908
13 Aug 2020 19:20:30.547,13 Aug 2020 20:20:02.328,3571.781
13 Aug 2020 20:53:30.699,13 Aug 2020 21:53:03.290,3572.591
13 Aug 2020 22:26:30.862,13 Aug 2020 23:26:04.256,3573.394
13 Aug 2020 23:59:31.044,14 Aug 2020 00:59:05.067,3574.022
14 Aug 2020 01:32:31.111,14 Aug 2020 02:32:06.023,3574.912
14 Aug 2020 03:05:31.330,14 Aug 2020 04:05:06.983,3575.653
14 Aug 2020 04:38:31.575,14 Aug 2020 05:38:07.945,3576.370
14 Aug 2020 06:11:31.840,14 Aug 2020 07:11:08.910,3577.070
14 Aug 2020 07:44:32.133,14 Aug 2020 08:44:10.000,3577.867
14 Aug 2020 09:17:32.578,14 Aug 2020 10:17:10.984,3578.406
14 Aug 2020 10:50:32.932,14 Aug 2020 11:50:11.969,3579.037
14 Aug 2020 12:23:33.315,14 Aug 2020 13:23:12.950,3579.635
14 Aug 2020 13:56:33.711,14 Aug 2020 14:56:13.938,3580.227
14 Aug 2020 15:29:34.148,14 Aug 2020 16:29:14.925,3580.777
14 Aug 2020 17:02:34.603,14 Aug 2020 18:02:15.944,3581.341
14 Aug 2020 18:35:35.121,14 Aug 2020 19:35:16.930,3581.809
14 Aug 2020 20:08:35.623,14 Aug 2020 21:08:17.913,3582.290
14 Aug 2020 21:41:36.150,14 Aug 2020 22:41:18.893,3582.743
14 Aug 2020 23:14:36.698,15 Aug 2020 00:14:19.869,3583.170
15 Aug 2020 00:47:37.269,15 Aug 2020 01:47:20.840,3583.571
15 Aug 2020 02:20:37.862,15 Aug 2020 03:20:21.804,3583.942
15 Aug 2020 03:53:38.474,15 Aug 2020 04:53:22.764,3584.290
15 Aug 2020 05:26:39.106,15 Aug 2020 06:26:23.718,3584.612
15 Aug 2020 06:59:39.758,15 Aug 2020 07:59:24.665,3584.908
15 Aug 2020 08:32:40.427,15 Aug 2020 09:32:25.453,3585.027
15 Aug 2020 10:05:40.971,15 Aug 2020 11:05:26.378,3585.408
15 Aug 2020 11:38:41.672,15 Aug 2020 12:38:27.294,3585.622
15 Aug 2020 13:11:42.392,15 Aug 2020 14:11:28.200,3585.809
15 Aug 2020 14:44:43.128,15 Aug 2020 15:44:29.096,3585.968
15 Aug 2020 16:17:43.880,15 Aug 2020 17:17:29.981,3586.101
15 Aug 2020 17:50:44.649,15 Aug 2020 18:50:30.857,3586.208
15 Aug 2020 19:23:45.435,15 Aug 2020 20:23:31.718,3586.283
15 Aug 2020 20:56:46.234,15 Aug 2020 21:56:32.566,3586.332
15 Aug 2020 22:29:47.046,15 Aug 2020 23:29:33.401,3586.354
16 Aug 2020 00:02:47.873,16 Aug 2020 01:02:34.286,3586.413
16 Aug 2020 01:35:48.775,16 Aug 2020 02:35:35.096,3586.321
16 Aug 2020 03:08:49.627,16 Aug 2020 04:08:35.891,3586.264
16 Aug 2020 04:41:50.499,16 Aug 2020 05:41:36.670,3586.171
16 Aug 2020 06:14:51.372,16 Aug 2020 07:14:37.433,3586.061
16 Aug 2020 07:47:52.266,16 Aug 2020 08:47:38.179,3585.913
16 Aug 2020 09:20:53.165,16 Aug 2020 10:20:38.909,3585.744
16 Aug 2020 10:53:54.073,16 Aug 2020 11:53:39.621,3585.547
16 Aug 2020 12:26:54.990,16 Aug 2020 13:26:40.362,3585.372
16 Aug 2020 13:59:55.953,16 Aug 2020 14:59:41.040,3585.087
16 Aug 2020 15:32:56.891,16 Aug 2020 16:32:41.698,3584.807
16 Aug 2020 17:05:57.835,16 Aug 2020 18:05:42.337,3584.502
16 Aug 2020 18:38:58.786,16 Aug 2020 19:38:42.956,3584.170
16 Aug 2020 20:11:59.737,16 Aug 2020 21:11:43.554,3583.817
16 Aug 2020 21:45:00.698,16 Aug 2020 22:44:44.132,3583.434
16 Aug 2020 23:18:01.663,17 Aug 2020 00:17:44.787,3583.124
17 Aug 2020 00:51:02.733,17 Aug 2020 01:50:45.322,3582.590
17 Aug 2020 02:24:03.709,17 Aug 2020 03:23:45.838,3582.129
17 Aug 2020 03:57:04.687,17 Aug 2020 04:56:46.334,3581.646
17 Aug 2020 05:30:05.665,17 Aug 2020 06:29:46.803,3581.138
17 Aug 2020 07:03:06.651,17 Aug 2020 08:02:47.315,3580.663
17 Aug 2020 08:36:07.679,17 Aug 2020 09:35:47.740,3580.061
17 Aug 2020 10:09:08.664,17 Aug 2020 11:08:48.158,3579.494
17 Aug 2020 11:42:09.670,17 Aug 2020 12:41:48.530,3578.860
17 Aug 2020 13:15:10.649,17 Aug 2020 14:14:48.878,3578.229
17 Aug 2020 14:48:11.626,17 Aug 2020 15:47:49.201,3577.575
17 Aug 2020 16:21:12.601,17 Aug 2020 17:20:49.487,3576.886
17 Aug 2020 17:54:13.566,17 Aug 2020 18:53:49.764,3576.198
17 Aug 2020 19:27:14.537,17 Aug 2020 20:26:50.007,3575.470
17 Aug 2020 21:00:15.499,17 Aug 2020 21:59:50.230,3574.731
17 Aug 2020 22:33:16.463,17 Aug 2020 23:32:50.370,3573.908
18 Aug 2020 00:06:17.367,18 Aug 2020 01:05:50.539,3573.172
18 Aug 2020 01:39:18.317,18 Aug 2020 02:38:50.682,3572.365
18 Aug 2020 03:12:19.260,18 Aug 2020 04:11:50.797,3571.538
18 Aug 2020 04:45:20.247,18 Aug 2020 05:44:50.942,3570.696
18 Aug 2020 06:18:21.171,18 Aug 2020 07:17:51.004,3569.833
18 Aug 2020 07:51:22.091,18 Aug 2020 08:50:51.038,3568.947
18 Aug 2020 09:24:23.006,18 Aug 2020 10:23:51.044,3568.038
18 Aug 2020 10:57:23.904,18 Aug 2020 11:56:51.022,3567.118
18 Aug 2020 12:30:24.799,18 Aug 2020 13:29:50.973,3566.174
18 Aug 2020 14:03:25.679,18 Aug 2020 15:02:50.895,3565.216
18 Aug 2020 15:36:26.547,18 Aug 2020 16:35:50.736,3564.189
18 Aug 2020 17:09:27.352,18 Aug 2020 18:08:50.581,3563.228
18 Aug 2020 18:42:28.178,18 Aug 2020 19:41:50.414,3562.236
18 Aug 2020 20:15:29.008,18 Aug 2020 21:14:50.218,3561.211
18 Aug 2020 21:48:29.824,18 Aug 2020 22:47:49.901,3560.077
18 Aug 2020 23:21:30.535,19 Aug 2020 00:20:49.641,3559.107
19 Aug 2020 00:54:31.319,19 Aug 2020 01:53:49.355,3558.037
19 Aug 2020 02:27:32.088,19 Aug 2020 03:26:49.041,3556.952
19 Aug 2020 04:00:32.842,19 Aug 2020 04:59:48.697,3555.854
19 Aug 2020 05:33:33.579,19 Aug 2020 06:32:48.324,3554.745
19 Aug 2020 07:06:34.301,19 Aug 2020 08:05:47.922,3553.622
19 Aug 2020 08:39:35.005,19 Aug 2020 09:38:47.492,3552.486
19 Aug 2020 10:12:35.694,19 Aug 2020 11:11:47.032,3551.338
19 Aug 2020 11:45:36.364,19 Aug 2020 12:44:46.543,3550.179
19 Aug 2020 13:18:37.017,19 Aug 2020 14:17:46.026,3549.009
19 Aug 2020 14:51:37.655,19 Aug 2020 15:50:45.479,3547.825
19 Aug 2020 16:24:38.267,19 Aug 2020 17:23:44.765,3546.498
19 Aug 2020 17:57:38.729,19 Aug 2020 18:56:44.156,3545.426
19 Aug 2020 19:30:39.301,19 Aug 2020 20:29:43.517,3544.216
19 Aug 2020 21:03:39.849,19 Aug 2020 22:02:42.850,3543.001
19 Aug 2020 22:36:40.381,19 Aug 2020 23:35:42.063,3541.683
20 Aug 2020 00:09:40.799,20 Aug 2020 01:08:41.336,3540.536
20 Aug 2020 01:42:41.284,20 Aug 2020 02:41:40.455,3539.170
20 Aug 2020 03:15:41.628,20 Aug 2020 04:14:39.664,3538.036
20 Aug 2020 04:48:42.070,20 Aug 2020 05:47:38.845,3536.775
20 Aug 2020 06:21:42.486,20 Aug 2020 07:20:37.998,3535.512
20 Aug 2020 07:54:42.876,20 Aug 2020 08:53:37.123,3534.246
20 Aug 2020 09:27:43.247,20 Aug 2020 10:26:36.066,3532.818
20 Aug 2020 11:00:43.447,20 Aug 2020 11:59:35.115,3531.668
20 Aug 2020 12:33:43.754,20 Aug 2020 13:32:34.676,3530.922
20 Aug 2020 14:06:44.550,20 Aug 2020 15:05:33.838,3529.289
20 Aug 2020 15:39:44.974,20 Aug 2020 16:38:32.984,3528.010
20 Aug 2020 17:12:45.384,20 Aug 2020 18:11:31.436,3526.051
20 Aug 2020 18:45:45.134,20 Aug 2020 19:44:30.394,3525.260
20 Aug 2020 20:18:45.366,20 Aug 2020 21:17:29.248,3523.882
20 Aug 2020 21:51:45.500,20 Aug 2020 22:50:28.135,3522.635
20 Aug 2020 23:24:45.671,21 Aug 2020 00:23:27.004,3521.334
21 Aug 2020 00:57:45.821,21 Aug 2020 01:56:25.848,3520.027
21 Aug 2020 02:30:45.947,21 Aug 2020 03:29:24.666,3518.719
21 Aug 2020 04:03:46.050,21 Aug 2020 05:02:23.460,3517.410
21 Aug 2020 05:36:46.127,21 Aug 2020 06:35:22.225,3516.098
21 Aug 2020 07:09:46.178,21 Aug 2020 08:08:20.971,3514.794
21 Aug 2020 08:42:46.203,21 Aug 2020 09:41:19.687,3513.484
21 Aug 2020 10:15:46.208,21 Aug 2020 11:14:18.149,3511.941
21 Aug 2020 11:48:45.958,21 Aug 2020 12:47:16.824,3510.866
21 Aug 2020 13:21:45.916,21 Aug 2020 14:20:15.448,3509.532
21 Aug 2020 14:54:45.823,21 Aug 2020 15:53:14.048,3508.225
21 Aug 2020 16:27:45.706,21 Aug 2020 17:26:12.760,3507.054
21 Aug 2020 18:00:45.666,21 Aug 2020 18:59:11.308,3505.643
21 Aug 2020 19:33:45.491,21 Aug 2020 20:32:09.832,3504.342
21 Aug 2020 21:06:45.286,21 Aug 2020 22:05:08.338,3503.052
21 Aug 2020 22:39:45.073,21 Aug 2020 23:38:06.824,3501.751
22 Aug 2020 00:12:44.831,22 Aug 2020 01:11:05.287,3500.456
22 Aug 2020 01:45:44.557,22 Aug 2020 02:44:03.727,3499.170
22 Aug 2020 03:18:44.275,22 Aug 2020 04:17:02.123,3497.847
22 Aug 2020 04:51:44.000,22 Aug 2020 05:50:00.573,3496.573
22 Aug 2020 06:24:43.580,22 Aug 2020 07:22:58.863,3495.283
22 Aug 2020 07:57:43.122,22 Aug 2020 08:55:57.121,3493.999
22 Aug 2020 09:30:42.625,22 Aug 2020 10:28:55.679,3493.054
22 Aug 2020 11:03:42.389,22 Aug 2020 12:01:53.947,3491.558
22 Aug 2020 12:36:41.896,22 Aug 2020 13:34:52.346,3490.450
22 Aug 2020 14:09:41.533,22 Aug 2020 15:07:50.609,3489.076
22 Aug 2020 15:42:41.022,22 Aug 2020 16:40:48.852,3487.830
22 Aug 2020 17:15:40.480,22 Aug 2020 18:13:46.916,3486.436
22 Aug 2020 18:48:39.804,22 Aug 2020 19:46:45.112,3485.308
22 Aug 2020 20:21:39.208,22 Aug 2020 21:19:43.329,3484.121
22 Aug 2020 21:54:38.588,22 Aug 2020 22:52:41.469,3482.881
22 Aug 2020 23:27:37.923,23 Aug 2020 00:25:39.589,3481.665
23 Aug 2020 01:00:37.231,23 Aug 2020 01:58:37.687,3480.457
23 Aug 2020 02:33:36.510,23 Aug 2020 03:31:35.765,3479.255
23 Aug 2020 04:06:35.850,23 Aug 2020 05:04:33.921,3478.071
23 Aug 2020 05:39:35.100,23 Aug 2020 06:37:31.984,3476.884
23 Aug 2020 07:12:34.321,23 Aug 2020 08:10:30.028,3475.707
23 Aug 2020 08:45:33.516,23 Aug 2020 09:43:28.017,3474.501
23 Aug 2020 10:18:32.647,23 Aug 2020 11:16:26.023,3473.376
23 Aug 2020 11:51:31.788,23 Aug 2020 12:49:24.166,3472.378
23 Aug 2020 13:24:31.041,23 Aug 2020 14:22:22.144,3471.103
23 Aug 2020 14:57:30.137,23 Aug 2020 15:55:20.107,3469.971
23 Aug 2020 16:30:29.207,23 Aug 2020 17:28:17.974,3468.768
23 Aug 2020 18:03:28.198,23 Aug 2020 19:01:15.896,3467.698
23 Aug 2020 19:36:27.215,23 Aug 2020 20:34:13.804,3466.590
23 Aug 2020 21:09:26.206,23 Aug 2020 22:07:11.582,3465.377
23 Aug 2020 22:42:25.030,23 Aug 2020 23:40:09.441,3464.411
24 Aug 2020 00:15:23.954,24 Aug 2020 01:13:07.197,3463.243
24 Aug 2020 01:48:22.764,24 Aug 2020 02:46:04.973,3462.209
24 Aug 2020 03:21:21.585,24 Aug 2020 04:19:02.726,3461.141
24 Aug 2020 04:54:20.798,24 Aug 2020 05:52:00.949,3460.151
24 Aug 2020 06:27:19.641,24 Aug 2020 07:24:58.749,3459.108
24 Aug 2020 08:00:18.457,24 Aug 2020 08:57:56.535,3458.078
24 Aug 2020 09:33:17.200,24 Aug 2020 10:30:54.255,3457.055
24 Aug 2020 11:06:15.965,24 Aug 2020 12:03:52.011,3456.046
24 Aug 2020 12:39:14.706,24 Aug 2020 13:36:49.795,3455.089
24 Aug 2020 14:12:13.459,24 Aug 2020 15:09:47.523,3454.063
24 Aug 2020 15:45:12.149,24 Aug 2020 16:42:45.237,3453.088
24 Aug 2020 17:18:10.819,24 Aug 2020 18:15:42.938,3452.119
24 Aug 2020 18:51:09.461,24 Aug 2020 19:48:40.663,3451.202
24 Aug 2020 20:24:08.108,24 Aug 2020 21:21:38.350,3450.243
24 Aug 2020 21:57:06.717,24 Aug 2020 22:54:36.013,3449.296
24 Aug 2020 23:30:05.290,25 Aug 2020 00:27:33.664,3448.374
25 Aug 2020 01:03:03.839,25 Aug 2020 02:00:31.302,3447.463
25 Aug 2020 02:36:02.362,25 Aug 2020 03:33:28.929,3446.567
25 Aug 2020 04:09:00.866,25 Aug 2020 05:06:26.547,3445.680
25 Aug 2020 05:41:59.349,25 Aug 2020 06:39:24.152,3444.803
25 Aug 2020 07:14:57.808,25 Aug 2020 08:12:21.746,3443.938
25 Aug 2020 08:47:56.244,25 Aug 2020 09:45:19.329,3443.085
25 Aug 2020 10:20:54.658,25 Aug 2020 11:18:16.902,3442.244
25 Aug 2020 11:53:53.049,25 Aug 2020 12:51:14.422,3441.373
25 Aug 2020 13:26:51.377,25 Aug 2020 14:24:11.973,3440.596
25 Aug 2020 14:59:49.723,25 Aug 2020 15:57:09.514,3439.791
25 Aug 2020 16:32:48.047,25 Aug 2020 17:30:07.046,3438.999
25 Aug 2020 18:05:46.349,25 Aug 2020 19:03:04.567,3438.218
25 Aug 2020 19:38:44.630,25 Aug 2020 20:36:02.022,3437.392
25 Aug 2020 21:11:42.829,25 Aug 2020 22:08:59.522,3436.693
25 Aug 2020 22:44:41.063,25 Aug 2020 23:41:57.016,3435.953
26 Aug 2020 00:17:39.277,26 Aug 2020 01:14:54.495,3435.219
26 Aug 2020 01:50:37.469,26 Aug 2020 02:47:51.926,3434.457
26 Aug 2020 03:23:35.647,26 Aug 2020 04:20:49.467,3433.820
26 Aug 2020 04:56:33.794,26 Aug 2020 05:53:46.842,3433.048
26 Aug 2020 06:29:31.861,26 Aug 2020 07:26:44.291,3432.430
26 Aug 2020 08:02:29.966,26 Aug 2020 08:59:41.727,3431.761
26 Aug 2020 09:35:28.049,26 Aug 2020 10:32:39.168,3431.119
26 Aug 2020 11:08:26.120,26 Aug 2020 12:05:36.588,3430.467
26 Aug 2020 12:41:24.167,26 Aug 2020 13:38:34.005,3429.838
26 Aug 2020 14:14:22.228,26 Aug 2020 15:11:31.449,3429.221
26 Aug 2020 15:47:20.236,26 Aug 2020 16:44:28.854,3428.618
26 Aug 2020 17:20:18.225,26 Aug 2020 18:17:26.235,3428.010
26 Aug 2020 18:53:16.172,26 Aug 2020 19:50:23.651,3427.479
26 Aug 2020 20:26:14.132,26 Aug 2020 21:23:21.035,3426.902
26 Aug 2020 21:59:12.061,26 Aug 2020 22:56:18.418,3426.357
26 Aug 2020 23:32:09.970,27 Aug 2020 00:29:15.790,3425.820
27 Aug 2020 01:05:07.864,27 Aug 2020 02:02:13.157,3425.293
27 Aug 2020 02:38:05.743,27 Aug 2020 03:35:10.521,3424.778
27 Aug 2020 04:11:03.593,27 Aug 2020 05:08:07.836,3424.243
27 Aug 2020 05:44:01.417,27 Aug 2020 06:41:05.189,3423.772
27 Aug 2020 07:16:59.235,27 Aug 2020 08:14:02.537,3423.302
27 Aug 2020 08:49:57.030,27 Aug 2020 09:46:59.898,3422.868
27 Aug 2020 10:22:54.834,27 Aug 2020 11:19:57.238,3422.404
27 Aug 2020 11:55:52.595,27 Aug 2020 12:52:54.580,3421.985
27 Aug 2020 13:28:50.344,27 Aug 2020 14:25:51.912,3421.569
27 Aug 2020 15:01:48.075,27 Aug 2020 15:58:49.238,3421.163
27 Aug 2020 16:34:45.789,27 Aug 2020 17:31:46.569,3420.780
27 Aug 2020 18:07:43.486,27 Aug 2020 19:04:43.890,3420.403
27 Aug 2020 19:40:41.167,27 Aug 2020 20:37:41.356,3420.189
27 Aug 2020 21:13:38.959,27 Aug 2020 22:10:38.680,3419.721
27 Aug 2020 22:46:36.613,27 Aug 2020 23:43:36.002,3419.389
28 Aug 2020 00:19:34.251,28 Aug 2020 01:16:33.317,3419.066
28 Aug 2020 01:52:31.977,28 Aug 2020 02:49:30.784,3418.807
28 Aug 2020 03:25:29.591,28 Aug 2020 04:22:28.104,3418.512
28 Aug 2020 04:58:27.190,28 Aug 2020 05:55:25.520,3418.330
28 Aug 2020 06:31:24.828,28 Aug 2020 07:28:22.841,3418.013
28 Aug 2020 08:04:22.390,28 Aug 2020 09:01:20.065,3417.675
28 Aug 2020 09:37:19.855,28 Aug 2020 10:34:17.347,3417.492
28 Aug 2020 11:10:17.354,28 Aug 2020 12:07:14.626,3417.271
28 Aug 2020 12:43:14.836,28 Aug 2020 13:40:11.937,3417.101
28 Aug 2020 14:16:12.382,28 Aug 2020 15:13:09.236,3416.855
28 Aug 2020 15:49:09.860,28 Aug 2020 16:46:06.540,3416.680
28 Aug 2020 17:22:07.324,28 Aug 2020 18:19:03.843,3416.519
28 Aug 2020 18:55:04.768,28 Aug 2020 19:52:01.179,3416.411
28 Aug 2020 20:28:02.238,28 Aug 2020 21:24:58.484,3416.246
28 Aug 2020 22:00:59.661,28 Aug 2020 22:57:55.798,3416.137
28 Aug 2020 23:33:57.076,29 Aug 2020 00:30:53.108,3416.032
29 Aug 2020 01:06:54.477,29 Aug 2020 02:03:50.420,3415.943
29 Aug 2020 02:39:51.864,29 Aug 2020 03:36:47.689,3415.824
29 Aug 2020 04:12:49.190,29 Aug 2020 05:09:45.046,3415.856
29 Aug 2020 05:45:46.575,29 Aug 2020 06:42:42.348,3415.773
29 Aug 2020 07:18:43.912,29 Aug 2020 08:15:39.646,3415.734
29 Aug 2020 08:51:41.231,29 Aug 2020 09:48:37.078,3415.847
29 Aug 2020 10:24:38.664,29 Aug 2020 11:21:34.399,3415.734
29 Aug 2020 11:57:35.976,29 Aug 2020 12:54:31.717,3415.741
29 Aug 2020 13:30:33.264,29 Aug 2020 14:27:29.025,3415.761
29 Aug 2020 15:03:30.553,29 Aug 2020 16:00:26.353,3415.800
29 Aug 2020 16:36:27.830,29 Aug 2020 17:33:23.669,3415.839
29 Aug 2020 18:09:25.067,29 Aug 2020 19:06:21.015,3415.948
29 Aug 2020 19:42:22.328,29 Aug 2020 20:39:18.354,3416.027
29 Aug 2020 21:15:19.563,29 Aug 2020 22:12:15.698,3416.135
29 Aug 2020 22:48:16.790,29 Aug 2020 23:45:13.040,3416.250
30 Aug 2020 00:21:14.006,30 Aug 2020 01:18:10.391,3416.385
30 Aug 2020 01:54:11.216,30 Aug 2020 02:51:07.752,3416.536
30 Aug 2020 03:27:08.406,30 Aug 2020 04:24:05.112,3416.706
30 Aug 2020 05:00:05.594,30 Aug 2020 05:57:02.351,3416.756
30 Aug 2020 06:33:02.659,30 Aug 2020 07:29:59.718,3417.060
30 Aug 2020 08:05:59.809,30 Aug 2020 09:02:57.086,3417.277
30 Aug 2020 09:38:56.954,30 Aug 2020 10:35:54.459,3417.504
30 Aug 2020 11:11:54.089,30 Aug 2020 12:08:51.896,3417.807
30 Aug 2020 12:44:51.278,30 Aug 2020 13:41:49.265,3417.987
30 Aug 2020 14:17:48.386,30 Aug 2020 15:14:46.662,3418.276
30 Aug 2020 15:50:45.495,30 Aug 2020 16:47:44.081,3418.586
30 Aug 2020 17:23:42.606,30 Aug 2020 18:20:41.491,3418.886
30 Aug 2020 18:56:39.695,30 Aug 2020 19:53:38.885,3419.190
30 Aug 2020 20:29:36.763,30 Aug 2020 21:26:36.301,3419.538
30 Aug 2020 22:02:33.833,30 Aug 2020 22:59:33.725,3419.892
30 Aug 2020 23:35:30.894,31 Aug 2020 00:32:31.157,3420.263
31 Aug 2020 01:08:27.946,31 Aug 2020 02:05:28.597,3420.650
31 Aug 2020 02:41:24.990,31 Aug 2020 03:38:26.043,3421.053
31 Aug 2020 04:14:22.026,31 Aug 2020 05:11:23.498,3421.473
31 Aug 2020 05:47:18.850,31 Aug 2020 06:44:20.867,3422.017
31 Aug 2020 07:20:15.922,31 Aug 2020 08:17:18.414,3422.492
31 Aug 2020 08:53:13.009,31 Aug 2020 09:50:16.380,3423.371
31 Aug 2020 10:26:10.490,31 Aug 2020 11:23:14.146,3423.656
31 Aug 2020 11:59:07.752,31 Aug 2020 12:56:10.990,3423.238
31 Aug 2020 13:32:04.157,31 Aug 2020 14:29:08.502,3424.344
31 Aug 2020 15:05:01.143,31 Aug 2020 16:02:05.988,3424.844
31 Aug 2020 16:37:58.092,31 Aug 2020 17:35:03.501,3425.409
31 Aug 2020 18:10:55.046,31 Aug 2020 19:08:01.046,3426.000
31 Aug 2020 19:43:52.013,31 Aug 2020 20:40:58.596,3426.583
31 Aug 2020 21:16:48.967,31 Aug 2020 22:13:56.151,3427.184
31 Aug 2020 22:49:45.920,31 Aug 2020 23:46:53.722,3427.802
1 Sep 2020 00:22:42.864,1 Sep 2020 01:19:51.304,3428.439
1 Sep 2020 01:55:39.800,1 Sep 2020 02:52:48.897,3429.097
1 Sep 2020 03:28:36.737,1 Sep 2020 04:25:46.502,3429.765
1 Sep 2020 05:01:33.663,1 Sep 2020 05:58:44.117,3430.454
1 Sep 2020 06:34:30.578,1 Sep 2020 07:31:41.746,3431.168
1 Sep 2020 08:07:27.494,1 Sep 2020 09:04:39.387,3431.893
1 Sep 2020 09:40:24.405,1 Sep 2020 10:37:37.040,3432.636
1 Sep 2020 11:13:21.310,1 Sep 2020 12:10:34.854,3433.544
1 Sep 2020 12:46:18.347,1 Sep 2020 13:43:32.589,3434.241
1 Sep 2020 14:19:15.299,1 Sep 2020 15:16:30.290,3434.991
1 Sep 2020 15:52:12.199,1 Sep 2020 16:49:28.005,3435.806
1 Sep 2020 17:25:09.095,1 Sep 2020 18:22:25.692,3436.597
1 Sep 2020 18:58:05.946,1 Sep 2020 19:55:23.433,3437.488
1 Sep 2020 20:31:02.832,1 Sep 2020 21:28:21.189,3438.357
1 Sep 2020 22:03:59.715,1 Sep 2020 23:01:18.960,3439.245
1 Sep 2020 23:36:56.594,2 Sep 2020 00:34:16.746,3440.151
2 Sep 2020 01:09:53.471,2 Sep 2020 02:07:14.547,3441.076
2 Sep 2020 02:42:50.344,2 Sep 2020 03:40:12.363,3442.020
2 Sep 2020 04:15:47.214,2 Sep 2020 05:13:10.196,3442.982
2 Sep 2020 05:48:44.022,2 Sep 2020 06:46:08.002,3443.980
2 Sep 2020 07:21:40.882,2 Sep 2020 08:19:05.862,3444.979
2 Sep 2020 08:54:37.740,2 Sep 2020 09:52:03.736,3445.996
2 Sep 2020 10:27:34.597,2 Sep 2020 11:25:01.629,3447.031
2 Sep 2020 12:00:31.451,2 Sep 2020 12:57:59.548,3448.097
2 Sep 2020 13:33:28.316,2 Sep 2020 14:30:57.478,3449.162
2 Sep 2020 15:06:25.168,2 Sep 2020 16:03:55.427,3450.259
2 Sep 2020 16:39:22.019,2 Sep 2020 17:36:53.381,3451.362
2 Sep 2020 18:12:18.851,2 Sep 2020 19:09:51.365,3452.514
2 Sep 2020 19:45:15.698,2 Sep 2020 20:42:49.368,3453.670
2 Sep 2020 21:18:12.545,2 Sep 2020 22:15:47.390,3454.845
2 Sep 2020 22:51:09.391,2 Sep 2020 23:48:45.431,3456.041
3 Sep 2020 00:24:06.236,3 Sep 2020 01:21:43.492,3457.256
3 Sep 2020 01:57:03.079,3 Sep 2020 02:54:41.574,3458.495
3 Sep 2020 03:29:59.924,3 Sep 2020 04:27:39.675,3459.751
3 Sep 2020 05:02:56.769,3 Sep 2020 06:00:37.767,3460.998
3 Sep 2020 06:35:53.588,3 Sep 2020 07:33:35.909,3462.321
3 Sep 2020 08:08:50.433,3 Sep 2020 09:06:34.072,3463.639
3 Sep 2020 09:41:47.278,3 Sep 2020 10:39:32.274,3464.996
3 Sep 2020 11:14:44.150,3 Sep 2020 12:12:30.481,3466.331
3 Sep 2020 12:47:41.001,3 Sep 2020 13:45:28.661,3467.660
3 Sep 2020 14:20:37.800,3 Sep 2020 15:18:26.909,3469.109
3 Sep 2020 15:53:34.648,3 Sep 2020 16:51:25.180,3470.532
3 Sep 2020 17:26:31.497,3 Sep 2020 18:24:23.471,3471.974
3 Sep 2020 18:59:28.345,3 Sep 2020 19:57:21.787,3473.442
3 Sep 2020 20:32:25.198,3 Sep 2020 21:30:20.128,3474.930
3 Sep 2020 22:05:22.053,3 Sep 2020 23:03:18.555,3476.502
3 Sep 2020 23:38:18.968,4 Sep 2020 00:36:16.947,3477.979
4 Sep 2020 01:11:15.832,4 Sep 2020 02:09:15.364,3479.532
4 Sep 2020 02:44:12.698,4 Sep 2020 03:42:13.806,3481.108
4 Sep 2020 04:17:09.567,4 Sep 2020 05:15:12.273,3482.705
4 Sep 2020 05:50:06.441,4 Sep 2020 06:48:10.798,3484.357
4 Sep 2020 07:23:03.352,4 Sep 2020 08:21:09.320,3485.967
4 Sep 2020 08:56:00.236,4 Sep 2020 09:54:07.868,3487.632
4 Sep 2020 10:28:57.123,4 Sep 2020 11:27:06.638,3489.514
4 Sep 2020 12:01:54.219,4 Sep 2020 13:00:05.260,3491.041
4 Sep 2020 13:34:51.136,4 Sep 2020 14:33:03.805,3492.669
4 Sep 2020 15:07:47.955,4 Sep 2020 16:06:02.470,3494.514
4 Sep 2020 16:40:44.869,4 Sep 2020 17:39:01.207,3496.339
4 Sep 2020 18:13:41.830,4 Sep 2020 19:11:59.933,3498.103
4 Sep 2020 19:46:38.761,4 Sep 2020 20:44:58.705,3499.945
4 Sep 2020 21:19:35.710,4 Sep 2020 22:17:57.492,3501.782
4 Sep 2020 22:52:32.652,4 Sep 2020 23:50:56.309,3503.656
5 Sep 2020 00:25:29.610,5 Sep 2020 01:23:55.163,3505.553
5 Sep 2020 01:58:26.564,5 Sep 2020 02:56:54.042,3507.478
5 Sep 2020 03:31:23.531,5 Sep 2020 04:29:52.952,3509.421
5 Sep 2020 05:04:20.518,5 Sep 2020 06:02:51.910,3511.392
5 Sep 2020 06:37:17.499,5 Sep 2020 07:35:50.886,3513.387
5 Sep 2020 08:10:14.486,5 Sep 2020 09:08:49.895,3515.409
5 Sep 2020 09:43:11.487,5 Sep 2020 10:41:48.936,3517.449
5 Sep 2020 11:16:08.494,5 Sep 2020 12:14:48.128,3519.634
5 Sep 2020 12:49:05.624,5 Sep 2020 13:47:47.243,3521.618
5 Sep 2020 14:22:02.655,5 Sep 2020 15:20:46.395,3523.739
5 Sep 2020 15:54:59.694,5 Sep 2020 16:53:45.578,3525.884
5 Sep 2020 17:27:56.748,5 Sep 2020 18:26:44.798,3528.050
5 Sep 2020 19:00:53.808,5 Sep 2020 19:59:44.054,3530.246
5 Sep 2020 20:33:50.885,5 Sep 2020 21:32:43.346,3532.461
5 Sep 2020 22:06:47.969,5 Sep 2020 23:05:42.675,3534.706
5 Sep 2020 23:39:45.062,6 Sep 2020 00:38:42.040,3536.978
6 Sep 2020 01:12:42.170,6 Sep 2020 02:11:41.443,3539.273
6 Sep 2020 02:45:39.290,6 Sep 2020 03:44:40.965,3541.675
6 Sep 2020 04:18:36.502,6 Sep 2020 05:17:40.455,3543.952
6 Sep 2020 05:51:33.667,6 Sep 2020 06:50:39.980,3546.313
6 Sep 2020 07:24:30.833,6 Sep 2020 08:23:39.544,3548.711
6 Sep 2020 08:57:28.013,6 Sep 2020 09:56:39.148,3551.135
6 Sep 2020 10:30:25.208,6 Sep 2020 11:29:38.761,3553.553
6 Sep 2020 12:03:22.402,6 Sep 2020 13:02:38.416,3556.014
6 Sep 2020 13:36:19.591,6 Sep 2020 14:35:38.135,3558.544
6 Sep 2020 15:09:16.824,6 Sep 2020 16:08:37.872,3561.048
6 Sep 2020 16:42:14.046,6 Sep 2020 17:41:37.671,3563.625
6 Sep 2020 18:15:11.307,6 Sep 2020 19:14:37.513,3566.206
6 Sep 2020 19:48:08.583,6 Sep 2020 20:47:37.400,3568.817
6 Sep 2020 21:21:05.953,6 Sep 2020 22:20:37.424,3571.471
6 Sep 2020 22:54:03.270,6 Sep 2020 23:53:37.403,3574.133
7 Sep 2020 00:27:00.607,7 Sep 2020 01:26:37.427,3576.820
7 Sep 2020 01:59:57.962,7 Sep 2020 02:59:37.495,3579.533
7 Sep 2020 03:32:55.339,7 Sep 2020 04:32:37.578,3582.239
7 Sep 2020 05:05:52.704,7 Sep 2020 06:05:37.710,3585.006
7 Sep 2020 06:38:50.087,7 Sep 2020 07:38:37.914,3587.827
7 Sep 2020 08:11:47.519,7 Sep 2020 09:11:38.162,3590.643
7 Sep 2020 09:44:44.969,7 Sep 2020 10:44:38.501,3593.532
7 Sep 2020 11:17:42.487,7 Sep 2020 12:17:38.844,3596.357
7 Sep 2020 12:50:39.980,7 Sep 2020 13:50:39.202,3599.222
7 Sep 2020 14:23:37.470,7 Sep 2020 15:23:39.638,3602.168
7 Sep 2020 15:56:35.005,7 Sep 2020 16:56:40.106,3605.101
7 Sep 2020 17:29:32.541,7 Sep 2020 18:29:40.638,3608.097
7 Sep 2020 19:02:30.125,7 Sep 2020 20:02:41.219,3611.094
7 Sep 2020 20:35:27.728,7 Sep 2020 21:35:41.850,3614.121
7 Sep 2020 22:08:25.352,7 Sep 2020 23:08:42.530,3617.177
7 Sep 2020 23:41:23.005,8 Sep 2020 00:41:43.260,3620.255
8 Sep 2020 01:14:20.682,8 Sep 2020 02:14:44.056,3623.374
8 Sep 2020 02:47:18.406,8 Sep 2020 03:47:44.889,3626.483
8 Sep 2020 04:20:16.132,8 Sep 2020 05:20:45.773,3629.641
8 Sep 2020 05:53:13.893,8 Sep 2020 06:53:46.708,3632.815
8 Sep 2020 07:26:11.676,8 Sep 2020 08:26:47.696,3636.019
8 Sep 2020 08:59:09.487,8 Sep 2020 09:59:48.735,3639.249
8 Sep 2020 10:32:07.329,8 Sep 2020 11:32:49.827,3642.498
8 Sep 2020 12:05:05.202,8 Sep 2020 13:05:51.145,3645.943
8 Sep 2020 13:38:03.330,8 Sep 2020 14:38:52.363,3649.032
8 Sep 2020 15:11:01.280,8 Sep 2020 16:11:53.581,3652.301
8 Sep 2020 16:43:59.212,8 Sep 2020 17:44:54.898,3655.686
8 Sep 2020 18:16:57.223,8 Sep 2020 19:17:56.271,3659.048
8 Sep 2020 19:49:55.257,8 Sep 2020 20:50:57.696,3662.438
8 Sep 2020 21:22:53.257,8 Sep 2020 22:23:59.135,3665.878
8 Sep 2020 22:55:51.358,8 Sep 2020 23:57:00.667,3669.310
9 Sep 2020 00:28:49.492,9 Sep 2020 01:30:02.257,3672.764
9 Sep 2020 02:01:47.662,9 Sep 2020 03:03:03.892,3676.230
9 Sep 2020 03:34:45.861,9 Sep 2020 04:36:05.590,3679.729
9 Sep 2020 05:07:44.103,9 Sep 2020 06:09:07.385,3683.282
9 Sep 2020 06:40:42.421,9 Sep 2020 07:42:09.197,3686.776
9 Sep 2020 08:13:40.741,9 Sep 2020 09:15:11.064,3690.323
9 Sep 2020 09:46:39.101,9 Sep 2020 10:48:12.970,3693.869
9 Sep 2020 11:19:37.499,9 Sep 2020 12:21:14.950,3697.451
9 Sep 2020 12:52:35.936,9 Sep 2020 13:54:16.985,3701.049
9 Sep 2020 14:25:34.414,9 Sep 2020 15:27:19.084,3704.670
9 Sep 2020 15:58:32.942,9 Sep 2020 17:00:21.236,3708.294
9 Sep 2020 17:31:31.504,9 Sep 2020 18:33:23.440,3711.936
9 Sep 2020 19:04:30.110,9 Sep 2020 20:06:25.732,3715.622
9 Sep 2020 20:37:28.798,9 Sep 2020 21:39:28.054,3719.256
9 Sep 2020 22:10:27.495,9 Sep 2020 23:12:30.434,3722.939
9 Sep 2020 23:43:26.242,10 Sep 2020 00:45:32.869,3726.628
10 Sep 2020 01:16:25.031,10 Sep 2020 02:18:35.356,3730.324
10 Sep 2020 02:49:23.891,10 Sep 2020 03:51:37.924,3734.033
10 Sep 2020 04:22:22.775,10 Sep 2020 05:24:40.524,3737.749
10 Sep 2020 05:55:21.651,10 Sep 2020 06:57:43.127,3741.476
10 Sep 2020 07:28:20.633,10 Sep 2020 08:30:45.837,3745.204
10 Sep 2020 09:01:19.664,10 Sep 2020 10:03:48.601,3748.936
10 Sep 2020 10:34:18.747,10 Sep 2020 11:36:51.420,3752.672
10 Sep 2020 12:07:17.885,10 Sep 2020 13:09:54.223,3756.338
10 Sep 2020 13:40:17.011,10 Sep 2020 14:42:57.148,3760.137
10 Sep 2020 15:13:16.246,10 Sep 2020 16:16:00.123,3763.876
10 Sep 2020 16:46:15.539,10 Sep 2020 17:49:03.147,3767.608
10 Sep 2020 18:19:14.887,10 Sep 2020 19:22:06.226,3771.339
10 Sep 2020 19:52:14.294,10 Sep 2020 20:55:09.332,3775.038
10 Sep 2020 21:25:13.733,10 Sep 2020 22:28:12.513,3778.781
10 Sep 2020 22:58:13.245,11 Sep 2020 00:01:15.742,3782.497
11 Sep 2020 00:31:12.821,11 Sep 2020 01:34:19.019,3786.198
11 Sep 2020 02:04:15.062,11 Sep 2020 03:07:27.135,3792.073
11 Sep 2020 03:37:15.955,11 Sep 2020 04:40:32.007,3796.052
11 Sep 2020 05:10:17.082,11 Sep 2020 06:13:36.183,3799.101
11 Sep 2020 06:43:17.716,11 Sep 2020 07:46:41.138,3803.421
11 Sep 2020 08:16:18.990,11 Sep 2020 09:19:46.276,3807.286
11 Sep 2020 09:49:20.459,11 Sep 2020 10:52:51.597,3811.138
11 Sep 2020 11:22:22.128,11 Sep 2020 12:25:57.090,3814.962
11 Sep 2020 12:55:23.996,11 Sep 2020 13:58:57.764,3813.768
11 Sep 2020 14:28:21.900,11 Sep 2020 15:32:02.368,3820.468
11 Sep 2020 16:01:23.016,11 Sep 2020 17:05:06.972,3823.956
11 Sep 2020 17:34:24.182,11 Sep 2020 18:38:11.603,3827.421
11 Sep 2020 19:07:25.398,11 Sep 2020 20:11:16.727,3831.329
11 Sep 2020 20:40:27.156,11 Sep 2020 21:44:21.537,3834.381
11 Sep 2020 22:13:28.609,11 Sep 2020 23:17:26.382,3837.773
11 Sep 2020 23:46:30.139,12 Sep 2020 00:50:31.263,3841.124
12 Sep 2020 01:19:31.544,12 Sep 2020 02:23:35.918,3844.374
12 Sep 2020 02:52:33.195,12 Sep 2020 03:56:40.835,3847.640
12 Sep 2020 04:25:35.107,12 Sep 2020 05:29:45.984,3850.877
12 Sep 2020 05:58:36.926,12 Sep 2020 07:02:50.982,3854.057
12 Sep 2020 07:31:38.819,12 Sep 2020 08:35:55.997,3857.178
12 Sep 2020 09:04:40.788,12 Sep 2020 10:09:01.040,3860.252
12 Sep 2020 10:37:42.833,12 Sep 2020 11:42:06.105,3863.273
12 Sep 2020 12:10:44.955,12 Sep 2020 13:15:11.118,3866.163
12 Sep 2020 13:43:47.092,12 Sep 2020 14:48:16.209,3869.117
12 Sep 2020 15:16:49.352,12 Sep 2020 16:21:21.318,3871.966
12 Sep 2020 16:49:51.691,12 Sep 2020 17:54:26.438,3874.747
12 Sep 2020 18:22:54.107,12 Sep 2020 19:27:31.535,3877.428
12 Sep 2020 19:55:56.574,12 Sep 2020 21:00:36.670,3880.096
12 Sep 2020 21:28:59.137,12 Sep 2020 22:33:41.814,3882.677
12 Sep 2020 23:02:01.778,13 Sep 2020 00:06:46.957,3885.179
13 Sep 2020 00:35:04.495,13 Sep 2020 01:39:52.105,3887.610
13 Sep 2020 02:08:07.291,13 Sep 2020 03:12:57.257,3889.966
13 Sep 2020 03:41:10.050,13 Sep 2020 04:46:02.290,3892.241
13 Sep 2020 05:14:12.989,13 Sep 2020 06:19:07.426,3894.436
13 Sep 2020 06:47:16.033,13 Sep 2020 07:52:12.596,3896.563
13 Sep 2020 08:20:19.123,13 Sep 2020 09:25:17.716,3898.592
13 Sep 2020 09:53:22.234,13 Sep 2020 10:58:22.770,3900.536
13 Sep 2020 11:26:25.475,13 Sep 2020 12:31:27.847,3902.372
13 Sep 2020 12:59:28.788,13 Sep 2020 14:04:32.926,3904.137
13 Sep 2020 14:32:32.176,13 Sep 2020 15:37:37.982,3905.806
13 Sep 2020 16:05:35.637,13 Sep 2020 17:10:43.023,3907.386
13 Sep 2020 17:38:39.171,13 Sep 2020 18:43:47.984,3908.813
13 Sep 2020 19:11:42.719,13 Sep 2020 20:16:52.974,3910.255
13 Sep 2020 20:44:46.436,13 Sep 2020 21:49:57.968,3911.533
13 Sep 2020 22:17:50.182,13 Sep 2020 23:23:02.902,3912.720
13 Sep 2020 23:50:54.003,14 Sep 2020 00:56:07.804,3913.801
14 Sep 2020 01:23:57.888,14 Sep 2020 02:29:12.673,3914.785
14 Sep 2020 02:57:01.690,14 Sep 2020 04:02:17.347,3915.657
14 Sep 2020 04:30:05.715,14 Sep 2020 05:35:22.148,3916.434
14 Sep 2020 06:03:09.785,14 Sep 2020 07:08:26.894,3917.109
14 Sep 2020 07:36:13.927,14 Sep 2020 08:41:31.597,3917.671
14 Sep 2020 09:09:18.123,14 Sep 2020 10:14:36.253,3918.130
14 Sep 2020 10:42:22.384,14 Sep 2020 11:47:40.870,3918.486
14 Sep 2020 12:15:26.700,14 Sep 2020 13:20:45.418,3918.718
14 Sep 2020 13:48:31.063,14 Sep 2020 14:53:49.930,3918.867
14 Sep 2020 15:21:35.497,14 Sep 2020 16:26:54.390,3918.893
14 Sep 2020 16:54:39.982,14 Sep 2020 17:59:58.772,3918.789
14 Sep 2020 18:27:44.504,14 Sep 2020 19:33:03.149,3918.644
14 Sep 2020 20:00:49.112,14 Sep 2020 21:06:07.443,3918.332
14 Sep 2020 21:33:53.748,14 Sep 2020 22:39:11.683,3917.936
14 Sep 2020 23:06:58.437,15 Sep 2020 00:12:15.857,3917.420
15 Sep 2020 00:40:03.169,15 Sep 2020 01:45:19.969,3916.800
15 Sep 2020 02:13:07.938,15 Sep 2020 03:18:24.020,3916.082
15 Sep 2020 03:46:12.753,15 Sep 2020 04:51:28.010,3915.257
15 Sep 2020 05:19:17.535,15 Sep 2020 06:24:31.871,3914.336
15 Sep 2020 06:52:22.430,15 Sep 2020 07:57:35.731,3913.301
15 Sep 2020 08:25:27.360,15 Sep 2020 09:30:39.523,3912.163
15 Sep 2020 09:58:32.326,15 Sep 2020 11:03:43.247,3910.921
15 Sep 2020 11:31:37.316,15 Sep 2020 12:36:46.941,3909.626
15 Sep 2020 13:04:42.431,15 Sep 2020 14:09:50.530,3908.098
15 Sep 2020 14:37:47.346,15 Sep 2020 15:42:53.905,3906.559
15 Sep 2020 16:10:52.401,15 Sep 2020 17:15:57.331,3904.931
15 Sep 2020 17:43:57.482,15 Sep 2020 18:49:00.682,3903.199
15 Sep 2020 19:17:02.578,15 Sep 2020 20:22:03.960,3901.382
15 Sep 2020 20:50:07.692,15 Sep 2020 21:55:07.161,3899.469
15 Sep 2020 22:23:12.817,15 Sep 2020 23:28:10.290,3897.473
15 Sep 2020 23:56:17.958,16 Sep 2020 01:01:13.343,3895.385
16 Sep 2020 01:29:23.108,16 Sep 2020 02:34:16.317,3893.209
16 Sep 2020 03:02:28.284,16 Sep 2020 04:07:19.227,3890.943
16 Sep 2020 04:35:33.450,16 Sep 2020 05:40:22.056,3888.606
16 Sep 2020 06:08:38.624,16 Sep 2020 07:13:24.811,3886.188
16 Sep 2020 07:41:43.789,16 Sep 2020 08:46:27.487,3883.698
16 Sep 2020 09:14:48.953,16 Sep 2020 10:19:30.083,3881.130
16 Sep 2020 10:47:54.117,16 Sep 2020 11:52:32.599,3878.482
16 Sep 2020 12:20:59.262,16 Sep 2020 13:25:35.031,3875.769
16 Sep 2020 13:54:04.403,16 Sep 2020 14:58:37.395,3872.992
16 Sep 2020 15:27:09.537,16 Sep 2020 16:31:39.684,3870.147
16 Sep 2020 17:00:14.658,16 Sep 2020 18:04:41.892,3867.234
16 Sep 2020 18:33:19.764,16 Sep 2020 19:37:44.029,3864.265
16 Sep 2020 20:06:24.785,16 Sep 2020 21:10:46.053,3861.268
16 Sep 2020 21:39:29.856,16 Sep 2020 22:43:48.040,3858.184
16 Sep 2020 23:12:34.908,17 Sep 2020 00:16:49.945,3855.037
17 Sep 2020 00:45:39.933,17 Sep 2020 01:49:51.778,3851.846
17 Sep 2020 02:18:44.935,17 Sep 2020 03:22:53.537,3848.602
17 Sep 2020 03:51:49.912,17 Sep 2020 04:55:55.222,3845.310
17 Sep 2020 05:24:54.927,17 Sep 2020 06:28:56.907,3841.980
17 Sep 2020 06:57:59.850,17 Sep 2020 08:01:58.454,3838.604
17 Sep 2020 08:31:04.716,17 Sep 2020 09:34:59.890,3835.174
17 Sep 2020 10:04:09.572,17 Sep 2020 11:08:01.289,3831.717
17 Sep 2020 11:37:14.388,17 Sep 2020 12:41:02.611,3828.223
17 Sep 2020 13:10:19.173,17 Sep 2020 14:14:03.866,3824.694
17 Sep 2020 14:43:23.919,17 Sep 2020 15:47:05.051,3821.132
17 Sep 2020 16:16:28.626,17 Sep 2020 17:20:06.167,3817.541
17 Sep 2020 17:49:33.295,17 Sep 2020 18:53:07.217,3813.922
17 Sep 2020 19:22:37.919,17 Sep 2020 20:26:08.196,3810.277
17 Sep 2020 20:55:42.469,17 Sep 2020 21:59:09.074,3806.605
17 Sep 2020 22:28:47.006,17 Sep 2020 23:32:09.916,3802.910
18 Sep 2020 00:01:51.493,18 Sep 2020 01:05:10.699,3799.206
18 Sep 2020 01:34:55.937,18 Sep 2020 02:38:11.413,3795.476
18 Sep 2020 03:08:00.333,18 Sep 2020 04:11:12.064,3791.731
18 Sep 2020 04:41:04.680,18 Sep 2020 05:44:12.649,3787.968
18 Sep 2020 06:14:08.982,18 Sep 2020 07:17:13.174,3784.192
18 Sep 2020 07:47:13.192,18 Sep 2020 08:50:13.605,3780.413
18 Sep 2020 09:20:17.391,18 Sep 2020 10:23:14.005,3776.614
18 Sep 2020 10:53:21.483,18 Sep 2020 11:56:14.303,3772.819
18 Sep 2020 12:26:25.571,18 Sep 2020 13:29:14.583,3769.012
18 Sep 2020 13:59:29.610,18 Sep 2020 15:02:14.803,3765.193
18 Sep 2020 15:32:33.588,18 Sep 2020 16:35:14.962,3761.374
18 Sep 2020 17:05:37.508,18 Sep 2020 18:08:15.073,3757.565
18 Sep 2020 18:38:41.376,18 Sep 2020 19:41:15.121,3753.745
18 Sep 2020 20:11:45.160,18 Sep 2020 21:14:15.088,3749.928
18 Sep 2020 21:44:48.912,18 Sep 2020 22:47:15.025,3746.113
18 Sep 2020 23:17:52.610,19 Sep 2020 00:20:14.915,3742.305
19 Sep 2020 00:50:56.250,19 Sep 2020 01:53:14.749,3738.499
19 Sep 2020 02:23:59.832,19 Sep 2020 03:26:14.532,3734.700
19 Sep 2020 03:57:03.386,19 Sep 2020 04:59:14.294,3730.908
19 Sep 2020 05:30:06.847,19 Sep 2020 06:32:13.970,3727.123
19 Sep 2020 07:03:10.255,19 Sep 2020 08:05:13.600,3723.346
19 Sep 2020 08:36:13.581,19 Sep 2020 09:38:13.162,3719.582
19 Sep 2020 10:09:16.871,19 Sep 2020 11:11:12.696,3715.825
19 Sep 2020 11:42:20.101,19 Sep 2020 12:44:12.185,3712.084
19 Sep 2020 13:15:23.201,19 Sep 2020 14:17:11.571,3708.370
19 Sep 2020 14:48:26.310,19 Sep 2020 15:50:10.966,3704.655
19 Sep 2020 16:21:29.359,19 Sep 2020 17:23:10.318,3700.959
19 Sep 2020 17:54:32.354,19 Sep 2020 18:56:09.624,3697.270
19 Sep 2020 19:27:35.284,19 Sep 2020 20:29:08.886,3693.602
19 Sep 2020 21:00:38.117,19 Sep 2020 22:02:08.067,3689.950
19 Sep 2020 22:33:40.927,19 Sep 2020 23:35:07.243,3686.316
20 Sep 2020 00:06:43.673,20 Sep 2020 01:08:06.375,3682.702
20 Sep 2020 01:39:46.363,20 Sep 2020 02:41:05.472,3679.109
20 Sep 2020 03:12:49.082,20 Sep 2020 04:14:04.667,3675.585
20 Sep 2020 04:45:51.717,20 Sep 2020 05:47:03.728,3672.010
20 Sep 2020 06:18:54.239,20 Sep 2020 07:20:02.720,3668.482
20 Sep 2020 07:51:56.706,20 Sep 2020 08:53:01.674,3664.968
20 Sep 2020 09:24:59.117,20 Sep 2020 10:26:00.593,3661.476
20 Sep 2020 10:58:01.482,20 Sep 2020 11:58:59.487,3658.006
20 Sep 2020 12:31:03.778,20 Sep 2020 13:31:58.336,3654.557
20 Sep 2020 14:04:06.012,20 Sep 2020 15:04:57.150,3651.138
20 Sep 2020 15:37:08.193,20 Sep 2020 16:37:56.037,3647.844
20 Sep 2020 17:10:10.397,20 Sep 2020 18:10:54.804,3644.406
20 Sep 2020 18:43:12.484,20 Sep 2020 19:43:53.541,3641.057
20 Sep 2020 20:16:14.515,20 Sep 2020 21:16:51.978,3637.463
20 Sep 2020 21:49:16.238,20 Sep 2020 22:49:50.625,3634.387
20 Sep 2020 23:22:18.132,21 Sep 2020 00:22:49.240,3631.108
21 Sep 2020 00:55:19.971,21 Sep 2020 01:55:47.825,3627.855
21 Sep 2020 02:28:21.754,21 Sep 2020 03:28:46.381,3624.627
21 Sep 2020 04:01:23.482,21 Sep 2020 05:01:44.907,3621.424
21 Sep 2020 05:34:25.249,21 Sep 2020 06:34:43.488,3618.239
21 Sep 2020 07:07:26.869,21 Sep 2020 08:07:41.958,3615.089
21 Sep 2020 08:40:28.417,21 Sep 2020 09:40:40.380,3611.963
21 Sep 2020 10:13:29.910,21 Sep 2020 11:13:38.782,3608.872
21 Sep 2020 11:46:31.368,21 Sep 2020 12:46:37.169,3605.801
21 Sep 2020 13:19:32.781,21 Sep 2020 14:19:35.540,3602.760
21 Sep 2020 14:52:34.134,21 Sep 2020 15:52:33.877,3599.743
21 Sep 2020 16:25:35.434,21 Sep 2020 17:25:32.148,3596.714
21 Sep 2020 17:58:36.629,21 Sep 2020 18:58:30.416,3593.787
21 Sep 2020 19:31:37.808,21 Sep 2020 20:31:28.657,3590.850
21 Sep 2020 21:04:39.017,21 Sep 2020 22:04:26.959,3587.943
21 Sep 2020 22:37:40.114,21 Sep 2020 23:37:25.175,3585.061
22 Sep 2020 00:10:41.161,22 Sep 2020 01:10:23.368,3582.207
22 Sep 2020 01:43:42.159,22 Sep 2020 02:43:21.539,3579.380
22 Sep 2020 03:16:43.107,22 Sep 2020 04:16:19.688,3576.581
22 Sep 2020 04:49:44.007,22 Sep 2020 05:49:17.816,3573.809
22 Sep 2020 06:22:44.873,22 Sep 2020 07:22:15.938,3571.065
22 Sep 2020 07:55:45.676,22 Sep 2020 08:55:14.024,3568.347
22 Sep 2020 09:28:46.346,22 Sep 2020 10:28:12.004,3565.658
22 Sep 2020 11:01:47.048,22 Sep 2020 12:01:10.048,3562.999
22 Sep 2020 12:34:47.707,22 Sep 2020 13:34:08.071,3560.364
22 Sep 2020 14:07:48.320,22 Sep 2020 15:07:06.076,3557.756
22 Sep 2020 15:40:48.891,22 Sep 2020 16:40:04.064,3555.173
22 Sep 2020 17:13:49.415,22 Sep 2020 18:13:02.033,3552.618
22 Sep 2020 18:46:49.891,22 Sep 2020 19:45:59.983,3550.092
22 Sep 2020 20:19:50.298,22 Sep 2020 21:18:57.898,3547.600
22 Sep 2020 21:52:50.684,22 Sep 2020 22:51:55.813,3545.129
22 Sep 2020 23:25:51.027,23 Sep 2020 00:24:55.861,3544.834
23 Sep 2020 00:58:52.823,23 Sep 2020 01:57:55.449,3542.625
23 Sep 2020 02:31:54.646,23 Sep 2020 03:30:55.453,3540.807
23 Sep 2020 04:04:56.860,23 Sep 2020 05:03:55.874,3539.013
23 Sep 2020 05:37:54.888,23 Sep 2020 06:36:48.856,3533.968
23 Sep 2020 07:10:55.588,23 Sep 2020 08:09:47.312,3531.724
23 Sep 2020 08:43:56.309,23 Sep 2020 09:42:45.771,3529.462
23 Sep 2020 10:16:56.911,23 Sep 2020 11:15:44.064,3527.153
23 Sep 2020 11:49:57.518,23 Sep 2020 12:48:42.435,3524.917
23 Sep 2020 13:22:58.078,23 Sep 2020 14:21:40.791,3522.713
23 Sep 2020 14:55:58.604,23 Sep 2020 15:54:39.133,3520.529
23 Sep 2020 16:28:59.086,23 Sep 2020 17:27:37.699,3518.613
23 Sep 2020 18:01:59.746,23 Sep 2020 19:00:36.050,3516.304
23 Sep 2020 19:35:00.188,23 Sep 2020 20:33:34.389,3514.201
23 Sep 2020 21:08:00.624,23 Sep 2020 22:06:32.758,3512.134
23 Sep 2020 22:41:01.000,23 Sep 2020 23:39:31.084,3510.084
24 Sep 2020 00:14:01.336,24 Sep 2020 01:12:29.399,3508.063
24 Sep 2020 01:47:01.639,24 Sep 2020 02:45:27.703,3506.064
24 Sep 2020 03:20:01.909,24 Sep 2020 04:18:25.997,3504.088
24 Sep 2020 04:53:02.138,24 Sep 2020 05:51:24.280,3502.143
24 Sep 2020 06:26:02.336,24 Sep 2020 07:24:22.554,3500.218
24 Sep 2020 07:59:02.498,24 Sep 2020 08:57:20.818,3498.319
24 Sep 2020 09:32:02.646,24 Sep 2020 10:30:19.118,3496.472
24 Sep 2020 11:05:02.738,24 Sep 2020 12:03:17.362,3494.624
24 Sep 2020 12:38:02.796,24 Sep 2020 13:36:15.596,3492.800
24 Sep 2020 14:11:02.835,24 Sep 2020 15:09:13.839,3491.004
24 Sep 2020 15:44:02.826,24 Sep 2020 16:42:12.056,3489.230
24 Sep 2020 17:17:02.785,24 Sep 2020 18:15:10.265,3487.480
24 Sep 2020 18:50:02.711,24 Sep 2020 19:48:08.465,3485.754
24 Sep 2020 20:23:02.579,24 Sep 2020 21:21:06.615,3484.036
24 Sep 2020 21:56:02.434,24 Sep 2020 22:54:04.793,3482.358
24 Sep 2020 23:29:02.261,25 Sep 2020 00:27:02.963,3480.702
25 Sep 2020 01:02:02.054,25 Sep 2020 02:00:01.125,3479.072
25 Sep 2020 02:35:02.211,25 Sep 2020 03:32:59.815,3477.604
25 Sep 2020 04:08:02.061,25 Sep 2020 05:05:58.098,3476.037
25 Sep 2020 05:41:01.894,25 Sep 2020 06:38:56.389,3474.495
25 Sep 2020 07:14:01.107,25 Sep 2020 08:11:53.876,3472.768
25 Sep 2020 08:47:00.676,25 Sep 2020 09:44:51.894,3471.218
25 Sep 2020 10:20:00.256,25 Sep 2020 11:17:49.974,3469.718
25 Sep 2020 11:52:59.802,25 Sep 2020 12:50:48.045,3468.244
25 Sep 2020 13:25:59.313,25 Sep 2020 14:23:46.106,3466.792
25 Sep 2020 14:58:58.791,25 Sep 2020 15:56:44.310,3465.519
25 Sep 2020 16:31:58.349,25 Sep 2020 17:29:42.412,3464.063
25 Sep 2020 18:04:57.821,25 Sep 2020 19:02:40.509,3462.688
25 Sep 2020 19:37:57.266,25 Sep 2020 20:35:38.600,3461.334
25 Sep 2020 21:10:56.684,25 Sep 2020 22:08:36.688,3460.004
25 Sep 2020 22:43:55.967,25 Sep 2020 23:41:34.643,3458.675
26 Sep 2020 00:16:55.324,26 Sep 2020 01:14:32.713,3457.389
26 Sep 2020 01:49:54.655,26 Sep 2020 02:47:30.779,3456.124
26 Sep 2020 03:22:53.960,26 Sep 2020 04:20:28.842,3454.882
26 Sep 2020 04:55:53.266,26 Sep 2020 05:53:26.929,3453.663
26 Sep 2020 06:28:52.554,26 Sep 2020 07:26:24.988,3452.435
26 Sep 2020 08:01:51.710,26 Sep 2020 08:59:22.970,3451.260
26 Sep 2020 09:34:50.895,26 Sep 2020 10:32:21.000,3450.105
26 Sep 2020 11:07:50.062,26 Sep 2020 12:05:19.027,3448.964
26 Sep 2020 12:40:49.199,26 Sep 2020 13:38:17.114,3447.915
26 Sep 2020 14:13:48.353,26 Sep 2020 15:11:15.152,3446.799
26 Sep 2020 15:46:47.459,26 Sep 2020 16:44:13.184,3445.725
26 Sep 2020 17:19:46.543,26 Sep 2020 18:17:11.216,3444.673
26 Sep 2020 18:52:45.601,26 Sep 2020 19:50:09.246,3443.645
26 Sep 2020 20:25:44.636,26 Sep 2020 21:23:07.275,3442.639
26 Sep 2020 21:58:43.598,26 Sep 2020 22:56:05.216,3441.618
26 Sep 2020 23:31:42.575,27 Sep 2020 00:29:03.227,3440.652
27 Sep 2020 01:04:41.529,27 Sep 2020 02:02:01.281,3439.752
27 Sep 2020 02:37:40.504,27 Sep 2020 03:34:59.296,3438.792
27 Sep 2020 04:10:39.421,27 Sep 2020 05:07:57.310,3437.889
27 Sep 2020 05:43:38.216,27 Sep 2020 06:40:55.240,3437.024
27 Sep 2020 07:16:37.089,27 Sep 2020 08:13:53.251,3436.162
27 Sep 2020 08:49:35.941,27 Sep 2020 09:46:51.261,3435.320
27 Sep 2020 10:22:34.772,27 Sep 2020 11:19:49.270,3434.499
27 Sep 2020 11:55:33.582,27 Sep 2020 12:52:47.279,3433.698
27 Sep 2020 13:28:32.314,27 Sep 2020 14:25:45.207,3432.893
27 Sep 2020 15:01:31.073,27 Sep 2020 15:58:43.202,3432.129
27 Sep 2020 16:34:29.812,27 Sep 2020 17:31:41.176,3431.364
27 Sep 2020 18:07:28.515,27 Sep 2020 19:04:39.172,3430.657
27 Sep 2020 19:40:27.211,27 Sep 2020 20:37:37.168,3429.957
27 Sep 2020 21:13:25.886,27 Sep 2020 22:10:35.162,3429.276
27 Sep 2020 22:46:24.542,27 Sep 2020 23:43:33.152,3428.609
28 Sep 2020 00:19:23.179,28 Sep 2020 01:16:31.152,3427.972
28 Sep 2020 01:52:21.797,28 Sep 2020 02:49:29.142,3427.345
28 Sep 2020 03:25:20.460,28 Sep 2020 04:22:27.222,3426.763
28 Sep 2020 04:58:19.049,28 Sep 2020 05:55:25.224,3426.175
28 Sep 2020 06:31:17.617,28 Sep 2020 07:28:23.229,3425.612
28 Sep 2020 08:04:16.154,28 Sep 2020 09:01:21.224,3425.071
28 Sep 2020 09:37:14.685,28 Sep 2020 10:34:19.227,3424.542
28 Sep 2020 11:10:13.202,28 Sep 2020 12:07:17.236,3424.035
28 Sep 2020 12:43:11.720,28 Sep 2020 13:40:15.277,3423.557
28 Sep 2020 14:16:10.203,28 Sep 2020 15:13:13.292,3423.089
28 Sep 2020 15:49:08.665,28 Sep 2020 16:46:11.272,3422.607
28 Sep 2020 17:22:07.086,28 Sep 2020 18:19:09.294,3422.208
28 Sep 2020 18:55:05.511,28 Sep 2020 19:52:07.315,3421.804
28 Sep 2020 20:28:03.923,28 Sep 2020 21:25:05.335,3421.412
28 Sep 2020 22:01:02.324,28 Sep 2020 22:58:03.389,3421.066
28 Sep 2020 23:34:00.728,29 Sep 2020 00:31:01.421,3420.693
29 Sep 2020 01:06:59.093,29 Sep 2020 02:03:59.459,3420.366
29 Sep 2020 02:39:57.439,29 Sep 2020 03:36:57.498,3420.060
29 Sep 2020 04:12:55.774,29 Sep 2020 05:09:55.541,3419.768
29 Sep 2020 05:45:54.052,29 Sep 2020 06:42:53.543,3419.492
29 Sep 2020 07:18:52.349,29 Sep 2020 08:15:51.588,3419.239
29 Sep 2020 08:51:50.642,29 Sep 2020 09:48:49.645,3419.003
29 Sep 2020 10:24:48.915,29 Sep 2020 11:21:47.699,3418.784
29 Sep 2020 11:57:47.173,29 Sep 2020 12:54:45.765,3418.592
29 Sep 2020 13:30:45.421,29 Sep 2020 14:27:43.836,3418.415
29 Sep 2020 15:03:43.657,29 Sep 2020 16:00:41.913,3418.256
29 Sep 2020 16:36:41.868,29 Sep 2020 17:33:39.987,3418.118
29 Sep 2020 18:09:40.071,29 Sep 2020 19:06:38.074,3418.002
29 Sep 2020 19:42:38.261,29 Sep 2020 20:39:36.163,3417.902
29 Sep 2020 21:15:36.430,29 Sep 2020 22:12:34.246,3417.816
29 Sep 2020 22:48:34.593,29 Sep 2020 23:45:32.338,3417.745
30 Sep 2020 00:21:32.735,30 Sep 2020 01:18:30.444,3417.709
30 Sep 2020 01:54:30.871,30 Sep 2020 02:51:28.553,3417.682
30 Sep 2020 03:27:28.995,30 Sep 2020 04:24:26.672,3417.677
30 Sep 2020 05:00:27.106,30 Sep 2020 05:57:24.797,3417.691
30 Sep 2020 06:33:25.201,30 Sep 2020 07:30:22.826,3417.626
30 Sep 2020 08:06:23.186,30 Sep 2020 09:03:20.961,3417.775
30 Sep 2020 09:39:21.262,30 Sep 2020 10:36:19.103,3417.842
30 Sep 2020 11:12:19.320,30 Sep 2020 12:09:17.253,3417.933
30 Sep 2020 12:45:17.396,30 Sep 2020 13:42:15.425,3418.029
30 Sep 2020 14:18:15.437,30 Sep 2020 15:15:13.565,3418.128
30 Sep 2020 15:51:13.447,30 Sep 2020 16:48:11.736,3418.289
30 Sep 2020 17:24:11.461,30 Sep 2020 18:21:09.916,3418.455
30 Sep 2020 18:57:09.459,30 Sep 2020 19:54:08.054,3418.595
30 Sep 2020 20:30:07.418,30 Sep 2020 21:27:06.253,3418.835
30 Sep 2020 22:03:05.399,30 Sep 2020 23:00:04.453,3419.055
30 Sep 2020 23:36:03.365,1 Oct 2020 00:33:02.674,3419.309
1 Oct 2020 01:09:01.323,1 Oct 2020 02:06:00.895,3419.572
1 Oct 2020 02:41:59.267,1 Oct 2020 03:38:59.121,3419.854
1 Oct 2020 04:14:57.190,1 Oct 2020 05:11:57.346,3420.157
1 Oct 2020 05:47:55.075,1 Oct 2020 06:44:55.548,3420.473
1 Oct 2020 07:20:52.986,1 Oct 2020 08:17:53.807,3420.821
1 Oct 2020 08:53:50.887,1 Oct 2020 09:50:52.067,3421.180
1 Oct 2020 10:26:48.783,1 Oct 2020 11:23:50.347,3421.564
1 Oct 2020 11:59:46.668,1 Oct 2020 12:56:48.646,3421.978
1 Oct 2020 13:32:44.536,1 Oct 2020 14:29:46.942,3422.407
1 Oct 2020 15:05:42.400,1 Oct 2020 16:02:45.250,3422.850
1 Oct 2020 16:38:40.255,1 Oct 2020 17:35:43.571,3423.316
1 Oct 2020 18:11:38.120,1 Oct 2020 19:08:41.905,3423.786
1 Oct 2020 19:44:35.957,1 Oct 2020 20:41:40.282,3424.325
1 Oct 2020 21:17:33.822,1 Oct 2020 22:14:38.634,3424.812
1 Oct 2020 22:50:31.645,1 Oct 2020 23:47:37.002,3425.356
2 Oct 2020 00:23:29.460,2 Oct 2020 01:20:35.382,3425.922
2 Oct 2020 01:56:27.267,2 Oct 2020 02:53:33.774,3426.507
2 Oct 2020 03:29:25.066,2 Oct 2020 04:26:32.185,3427.118
2 Oct 2020 05:02:22.858,2 Oct 2020 05:59:30.600,3427.743
2 Oct 2020 06:35:20.688,2 Oct 2020 07:32:29.077,3428.389
2 Oct 2020 08:08:18.466,2 Oct 2020 09:05:27.549,3429.082
2 Oct 2020 09:41:16.259,2 Oct 2020 10:38:26.008,3429.749
2 Oct 2020 11:14:14.023,2 Oct 2020 12:11:24.522,3430.499
2 Oct 2020 12:47:11.839,2 Oct 2020 13:44:23.009,3431.169
2 Oct 2020 14:20:09.592,2 Oct 2020 15:17:21.515,3431.922
2 Oct 2020 15:53:07.339,2 Oct 2020 16:50:20.042,3432.703
2 Oct 2020 17:26:05.070,2 Oct 2020 18:23:18.578,3433.508
2 Oct 2020 18:59:02.804,2 Oct 2020 19:56:17.129,3434.325
2 Oct 2020 20:32:00.532,2 Oct 2020 21:29:15.696,3435.164
2 Oct 2020 22:04:58.254,2 Oct 2020 23:02:14.279,3436.025
2 Oct 2020 23:37:55.970,3 Oct 2020 00:35:12.878,3436.908
3 Oct 2020 01:10:53.680,3 Oct 2020 02:08:11.493,3437.813
3 Oct 2020 02:43:51.386,3 Oct 2020 03:41:10.125,3438.740
3 Oct 2020 04:16:49.087,3 Oct 2020 05:14:08.774,3439.687
3 Oct 2020 05:49:46.901,3 Oct 2020 06:47:07.531,3440.630
3 Oct 2020 07:22:44.594,3 Oct 2020 08:20:06.219,3441.624
3 Oct 2020 08:55:42.288,3 Oct 2020 09:53:04.925,3442.636
3 Oct 2020 10:28:39.967,3 Oct 2020 11:26:03.680,3443.713
3 Oct 2020 12:01:37.680,3 Oct 2020 12:59:02.424,3444.745
3 Oct 2020 13:34:35.356,3 Oct 2020 14:32:01.187,3445.830
3 Oct 2020 15:07:33.029,3 Oct 2020 16:04:59.969,3446.939
3 Oct 2020 16:40:30.698,3 Oct 2020 17:37:58.770,3448.072
3 Oct 2020 18:13:28.363,3 Oct 2020 19:10:57.591,3449.228
3 Oct 2020 19:46:26.024,3 Oct 2020 20:43:56.432,3450.407
3 Oct 2020 21:19:23.682,3 Oct 2020 22:16:55.293,3451.611
3 Oct 2020 22:52:21.336,3 Oct 2020 23:49:54.175,3452.838
4 Oct 2020 00:25:18.988,4 Oct 2020 01:22:53.293,3454.306
4 Oct 2020 01:58:16.842,4 Oct 2020 02:55:52.202,3455.360
4 Oct 2020 03:31:14.473,4 Oct 2020 04:28:51.157,3456.684
4 Oct 2020 05:04:12.086,4 Oct 2020 06:01:50.086,3458.000
4 Oct 2020 06:37:09.734,4 Oct 2020 07:34:49.084,3459.350
4 Oct 2020 08:10:07.382,4 Oct 2020 09:07:48.105,3460.723
4 Oct 2020 09:43:05.026,4 Oct 2020 10:40:47.176,3462.150
4 Oct 2020 11:16:02.693,4 Oct 2020 12:13:46.243,3463.550
4 Oct 2020 12:49:00.335,4 Oct 2020 13:46:45.336,3465.001
4 Oct 2020 14:21:57.975,4 Oct 2020 15:19:44.453,3466.478
4 Oct 2020 15:54:55.615,4 Oct 2020 16:52:43.595,3467.981
4 Oct 2020 17:27:53.252,4 Oct 2020 18:25:42.737,3469.485
4 Oct 2020 19:00:50.866,4 Oct 2020 19:58:41.922,3471.056
4 Oct 2020 20:33:48.499,4 Oct 2020 21:31:41.181,3472.682
4 Oct 2020 22:06:46.172,4 Oct 2020 23:04:40.425,3474.253
4 Oct 2020 23:39:43.807,5 Oct 2020 00:37:39.502,3475.695
5 Oct 2020 01:12:41.225,5 Oct 2020 02:10:38.661,3477.435
5 Oct 2020 02:45:38.934,5 Oct 2020 03:43:38.061,3479.127
5 Oct 2020 04:18:36.459,5 Oct 2020 05:16:37.270,3480.811
5 Oct 2020 05:51:34.085,5 Oct 2020 06:49:36.694,3482.609
5 Oct 2020 07:24:31.621,5 Oct 2020 08:22:35.977,3484.356
5 Oct 2020 08:57:29.137,5 Oct 2020 09:55:35.271,3486.134
5 Oct 2020 10:30:27.198,5 Oct 2020 11:28:35.408,3488.210
5 Oct 2020 12:03:24.886,5 Oct 2020 13:01:34.971,3490.085
5 Oct 2020 13:36:22.591,5 Oct 2020 14:34:34.576,3491.984
5 Oct 2020 15:09:20.307,5 Oct 2020 16:07:34.011,3493.704
5 Oct 2020 16:42:17.893,5 Oct 2020 17:40:33.641,3495.749
5 Oct 2020 18:15:15.573,5 Oct 2020 19:13:33.310,3497.737
5 Oct 2020 19:48:13.265,5 Oct 2020 20:46:33.016,3499.751
5 Oct 2020 21:21:10.965,5 Oct 2020 22:19:32.761,3501.796
5 Oct 2020 22:54:08.673,5 Oct 2020 23:52:32.544,3503.871
6 Oct 2020 00:27:06.023,6 Oct 2020 01:25:31.940,3505.917
6 Oct 2020 02:00:03.692,6 Oct 2020 02:58:31.713,3508.021
6 Oct 2020 03:33:01.310,6 Oct 2020 04:31:31.504,3510.194
6 Oct 2020 05:05:58.969,6 Oct 2020 06:04:31.356,3512.386
6 Oct 2020 06:38:56.634,6 Oct 2020 07:37:31.243,3514.608
6 Oct 2020 08:11:54.301,6 Oct 2020 09:10:31.165,3516.865
6 Oct 2020 09:44:51.970,6 Oct 2020 10:43:31.124,3519.154
6 Oct 2020 11:17:49.644,6 Oct 2020 12:16:31.152,3521.508
6 Oct 2020 12:50:47.365,6 Oct 2020 13:49:31.190,3523.825
6 Oct 2020 14:23:45.047,6 Oct 2020 15:22:31.260,3526.213
6 Oct 2020 15:56:42.740,6 Oct 2020 16:55:31.292,3528.552
6 Oct 2020 17:29:40.360,6 Oct 2020 18:28:31.435,3531.075
6 Oct 2020 19:02:38.050,6 Oct 2020 20:01:32.107,3534.057
6 Oct 2020 20:35:36.150,6 Oct 2020 21:34:32.515,3536.365
6 Oct 2020 22:08:34.024,6 Oct 2020 23:07:32.998,3538.974
6 Oct 2020 23:41:31.942,7 Oct 2020 00:40:33.557,3541.616
7 Oct 2020 01:14:29.900,7 Oct 2020 02:13:34.193,3544.293
7 Oct 2020 02:47:27.902,7 Oct 2020 03:46:34.905,3547.003
7 Oct 2020 04:20:24.264,7 Oct 2020 05:19:33.586,3549.322
7 Oct 2020 05:53:22.026,7 Oct 2020 06:52:34.110,3552.084
7 Oct 2020 07:26:19.809,7 Oct 2020 08:25:34.698,3554.889
7 Oct 2020 08:59:17.623,7 Oct 2020 09:58:35.351,3557.728
7 Oct 2020 10:32:15.465,7 Oct 2020 11:31:33.339,3557.875
7 Oct 2020 12:05:11.052,7 Oct 2020 13:04:33.060,3562.008
7 Oct 2020 13:38:07.943,7 Oct 2020 14:37:32.695,3564.753
7 Oct 2020 15:11:04.720,7 Oct 2020 16:10:29.948,3565.228
7 Oct 2020 16:43:59.215,7 Oct 2020 17:43:29.377,3570.162
7 Oct 2020 18:16:55.598,7 Oct 2020 19:16:28.868,3573.269
7 Oct 2020 19:49:52.032,7 Oct 2020 20:49:28.152,3576.121
7 Oct 2020 21:22:48.323,7 Oct 2020 22:22:27.582,3579.260
7 Oct 2020 22:55:44.011,7 Oct 2020 23:55:26.385,3582.373
8 Oct 2020 00:28:40.259,8 Oct 2020 01:28:25.923,3585.664
8 Oct 2020 02:01:36.582,8 Oct 2020 03:01:25.109,3588.527
8 Oct 2020 03:34:32.632,8 Oct 2020 04:34:24.519,3591.887
8 Oct 2020 05:07:28.778,8 Oct 2020 06:07:23.958,3595.179
8 Oct 2020 06:40:24.914,8 Oct 2020 07:40:23.424,3598.509
8 Oct 2020 08:13:21.037,8 Oct 2020 09:13:22.919,3601.882
8 Oct 2020 09:46:18.100,8 Oct 2020 10:46:23.709,3605.610
8 Oct 2020 11:19:14.429,8 Oct 2020 12:19:23.535,3609.106
8 Oct 2020 12:52:10.777,8 Oct 2020 13:52:23.410,3612.633
8 Oct 2020 14:25:07.122,8 Oct 2020 15:25:23.335,3616.213
8 Oct 2020 15:58:03.480,8 Oct 2020 16:58:23.323,3619.843
8 Oct 2020 17:30:59.850,8 Oct 2020 18:31:23.364,3623.514
8 Oct 2020 19:03:56.236,8 Oct 2020 20:04:23.631,3627.396
8 Oct 2020 20:36:52.790,8 Oct 2020 21:37:23.830,3631.040
8 Oct 2020 22:09:49.180,8 Oct 2020 23:10:24.018,3634.838
8 Oct 2020 23:42:45.642,9 Oct 2020 00:43:24.339,3638.697
9 Oct 2020 01:15:42.122,9 Oct 2020 02:16:24.554,3642.432
9 Oct 2020 02:48:38.466,9 Oct 2020 03:49:24.981,3646.516
9 Oct 2020 04:21:34.964,9 Oct 2020 05:22:25.478,3650.514
9 Oct 2020 05:54:31.483,9 Oct 2020 06:55:26.033,3654.550
9 Oct 2020 07:27:28.019,9 Oct 2020 08:28:26.655,3658.636
9 Oct 2020 09:00:24.571,9 Oct 2020 10:01:27.341,3662.770
9 Oct 2020 10:33:21.143,9 Oct 2020 11:34:28.247,3667.104
9 Oct 2020 12:06:17.896,9 Oct 2020 13:07:29.081,3671.185
9 Oct 2020 13:39:14.516,9 Oct 2020 14:40:29.989,3675.473
9 Oct 2020 15:12:11.166,9 Oct 2020 16:13:30.969,3679.803
9 Oct 2020 16:45:07.833,9 Oct 2020 17:46:32.016,3684.183
9 Oct 2020 18:18:04.528,9 Oct 2020 19:19:33.138,3688.609
9 Oct 2020 19:51:01.242,9 Oct 2020 20:52:34.428,3693.186
9 Oct 2020 21:23:58.059,9 Oct 2020 22:25:35.700,3697.641
9 Oct 2020 22:56:54.834,9 Oct 2020 23:58:37.059,3702.225
10 Oct 2020 00:29:51.641,10 Oct 2020 01:31:38.489,3706.848
10 Oct 2020 02:02:48.468,10 Oct 2020 03:04:39.936,3711.468
10 Oct 2020 03:35:45.280,10 Oct 2020 04:37:41.518,3716.237
10 Oct 2020 05:08:42.163,10 Oct 2020 06:10:43.189,3721.026
10 Oct 2020 06:41:39.084,10 Oct 2020 07:43:44.931,3725.847
10 Oct 2020 08:14:36.026,10 Oct 2020 09:16:46.809,3730.783
10 Oct 2020 09:47:33.061,10 Oct 2020 10:49:48.715,3735.654
10 Oct 2020 11:20:30.064,10 Oct 2020 12:22:50.699,3740.635
10 Oct 2020 12:53:27.102,10 Oct 2020 13:55:52.761,3745.659
10 Oct 2020 14:26:24.166,10 Oct 2020 15:28:54.912,3750.746
10 Oct 2020 15:59:21.270,10 Oct 2020 17:01:57.159,3755.890
10 Oct 2020 17:32:18.414,10 Oct 2020 18:34:59.480,3761.066
10 Oct 2020 19:05:15.588,10 Oct 2020 20:08:01.882,3766.294
10 Oct 2020 20:38:12.798,10 Oct 2020 21:41:04.374,3771.575
10 Oct 2020 22:11:10.060,10 Oct 2020 23:14:06.953,3776.893
10 Oct 2020 23:44:07.347,11 Oct 2020 00:47:09.618,3782.271
11 Oct 2020 01:17:04.673,11 Oct 2020 02:20:12.375,3787.702
11 Oct 2020 02:50:02.036,11 Oct 2020 03:53:15.235,3793.199
11 Oct 2020 04:22:59.468,11 Oct 2020 05:26:18.167,3798.699
11 Oct 2020 05:55:56.920,11 Oct 2020 06:59:21.192,3804.272
11 Oct 2020 07:28:54.416,11 Oct 2020 08:32:24.310,3809.894
11 Oct 2020 09:01:51.957,11 Oct 2020 10:05:27.513,3815.556
11 Oct 2020 10:34:49.545,11 Oct 2020 11:38:30.809,3821.265
11 Oct 2020 12:07:47.178,11 Oct 2020 13:11:34.169,3826.992
11 Oct 2020 13:40:44.824,11 Oct 2020 14:44:37.645,3832.821
11 Oct 2020 15:13:42.550,11 Oct 2020 16:17:41.213,3838.662
11 Oct 2020 16:46:40.327,11 Oct 2020 17:50:44.892,3844.565
11 Oct 2020 18:19:38.168,11 Oct 2020 19:23:48.643,3850.475
11 Oct 2020 19:52:36.052,11 Oct 2020 20:56:52.489,3856.437
11 Oct 2020 21:25:33.988,11 Oct 2020 22:29:56.432,3862.444
11 Oct 2020 22:58:31.979,12 Oct 2020 00:03:00.465,3868.486
12 Oct 2020 00:31:30.027,12 Oct 2020 01:36:04.587,3874.560
12 Oct 2020 02:04:28.128,12 Oct 2020 03:09:08.807,3880.678
12 Oct 2020 03:37:26.294,12 Oct 2020 04:42:13.116,3886.822
12 Oct 2020 05:10:24.521,12 Oct 2020 06:15:17.516,3892.996
12 Oct 2020 06:43:22.810,12 Oct 2020 07:48:21.933,3899.123
12 Oct 2020 08:16:21.079,12 Oct 2020 09:21:26.514,3905.434
12 Oct 2020 09:49:19.496,12 Oct 2020 10:54:31.189,3911.693
12 Oct 2020 11:22:17.979,12 Oct 2020 12:27:35.923,3917.944
12 Oct 2020 12:55:16.512,12 Oct 2020 14:00:40.775,3924.263
12 Oct 2020 14:28:15.133,12 Oct 2020 15:33:45.719,3930.585
12 Oct 2020 16:01:13.833,12 Oct 2020 17:06:50.751,3936.918
12 Oct 2020 17:34:12.601,12 Oct 2020 18:39:55.870,3943.269
12 Oct 2020 19:07:11.444,12 Oct 2020 20:13:01.076,3949.632
12 Oct 2020 20:40:10.366,12 Oct 2020 21:46:06.357,3955.991
12 Oct 2020 22:13:09.359,12 Oct 2020 23:19:11.731,3962.372
12 Oct 2020 23:46:08.440,13 Oct 2020 00:52:17.192,3968.751
13 Oct 2020 01:19:07.603,13 Oct 2020 02:25:22.660,3975.057
13 Oct 2020 02:52:06.765,13 Oct 2020 03:58:28.275,3981.510
13 Oct 2020 04:25:06.097,13 Oct 2020 05:31:33.965,3987.868
13 Oct 2020 05:58:05.518,13 Oct 2020 07:04:39.737,3994.219
13 Oct 2020 07:31:05.029,13 Oct 2020 08:37:45.576,4000.547
13 Oct 2020 09:04:04.633,13 Oct 2020 10:10:51.455,4006.822
13 Oct 2020 10:37:04.312,13 Oct 2020 11:43:57.443,4013.131
13 Oct 2020 12:10:04.109,13 Oct 2020 13:17:03.441,4019.332
13 Oct 2020 13:43:03.991,13 Oct 2020 14:50:09.555,4025.564
13 Oct 2020 15:16:03.984,13 Oct 2020 16:23:15.727,4031.743
13 Oct 2020 16:49:04.077,13 Oct 2020 17:56:22.016,4037.939
13 Oct 2020 18:22:04.304,13 Oct 2020 19:29:28.311,4044.007
13 Oct 2020 19:55:04.614,13 Oct 2020 21:02:34.651,4050.037
13 Oct 2020 21:28:05.025,13 Oct 2020 22:35:41.045,4056.019
13 Oct 2020 23:01:05.551,14 Oct 2020 00:08:47.539,4061.988
14 Oct 2020 00:34:06.249,14 Oct 2020 01:41:54.021,4067.771
14 Oct 2020 02:07:07.001,14 Oct 2020 03:15:00.539,4073.538
14 Oct 2020 03:40:07.867,14 Oct 2020 04:48:07.092,4079.225
14 Oct 2020 05:13:08.854,14 Oct 2020 06:21:13.677,4084.823
14 Oct 2020 06:46:09.956,14 Oct 2020 07:54:20.292,4090.336
14 Oct 2020 08:19:11.187,14 Oct 2020 09:27:26.926,4095.739
14 Oct 2020 09:52:12.537,14 Oct 2020 11:00:33.564,4101.027
14 Oct 2020 11:25:14.007,14 Oct 2020 12:33:40.249,4106.241
14 Oct 2020 12:58:15.638,14 Oct 2020 14:06:46.926,4111.288
14 Oct 2020 14:31:17.370,14 Oct 2020 15:39:53.607,4116.238
14 Oct 2020 16:04:19.256,14 Oct 2020 17:13:00.290,4121.035
14 Oct 2020 17:37:21.249,14 Oct 2020 18:46:06.969,4125.720
14 Oct 2020 19:10:23.374,14 Oct 2020 20:19:13.637,4130.263
14 Oct 2020 20:43:25.631,14 Oct 2020 21:52:20.263,4134.632
14 Oct 2020 22:16:28.025,14 Oct 2020 23:25:26.898,4138.873
14 Oct 2020 23:49:30.552,15 Oct 2020 00:58:33.516,4142.964
15 Oct 2020 01:22:33.207,15 Oct 2020 02:31:40.091,4146.883
15 Oct 2020 02:55:36.009,15 Oct 2020 04:04:46.634,4150.625
15 Oct 2020 04:28:38.945,15 Oct 2020 05:37:53.137,4154.192
15 Oct 2020 06:01:42.016,15 Oct 2020 07:10:59.593,4157.577
15 Oct 2020 07:34:45.224,15 Oct 2020 08:44:06.000,4160.776
15 Oct 2020 09:07:48.570,15 Oct 2020 10:17:12.352,4163.781
15 Oct 2020 10:40:52.053,15 Oct 2020 11:50:18.642,4166.589
15 Oct 2020 12:13:55.677,15 Oct 2020 13:23:24.866,4169.189
15 Oct 2020 13:46:59.431,15 Oct 2020 14:56:31.025,4171.594
15 Oct 2020 15:20:03.322,15 Oct 2020 16:29:37.102,4173.780
15 Oct 2020 16:53:07.342,15 Oct 2020 18:02:43.117,4175.775
15 Oct 2020 18:26:11.564,15 Oct 2020 19:35:49.036,4177.472
15 Oct 2020 19:59:15.853,15 Oct 2020 21:08:54.807,4178.954
15 Oct 2020 21:32:20.176,15 Oct 2020 22:42:00.539,4180.364
15 Oct 2020 23:05:24.719,16 Oct 2020 00:15:06.163,4181.444
16 Oct 2020 00:38:29.353,16 Oct 2020 01:48:11.700,4182.347
16 Oct 2020 02:11:34.143,16 Oct 2020 03:21:17.131,4182.988
16 Oct 2020 03:44:39.050,16 Oct 2020 04:54:22.453,4183.404
16 Oct 2020 05:17:44.071,16 Oct 2020 06:27:27.663,4183.592
16 Oct 2020 06:50:49.214,16 Oct 2020 08:00:32.767,4183.553
16 Oct 2020 08:23:54.528,16 Oct 2020 09:33:37.722,4183.194
16 Oct 2020 09:56:59.804,16 Oct 2020 11:06:42.574,4182.769
16 Oct 2020 11:30:05.261,16 Oct 2020 12:39:47.298,4182.037
16 Oct 2020 13:03:10.817,16 Oct 2020 14:12:51.903,4181.085
16 Oct 2020 14:36:16.469,16 Oct 2020 15:45:56.372,4179.904
16 Oct 2020 16:09:22.211,16 Oct 2020 17:19:00.717,4178.506
16 Oct 2020 17:42:28.041,16 Oct 2020 18:52:04.928,4176.887
16 Oct 2020 19:15:33.948,16 Oct 2020 20:25:09.000,4175.052
16 Oct 2020 20:48:39.938,16 Oct 2020 21:58:12.867,4172.928
16 Oct 2020 22:21:45.947,16 Oct 2020 23:31:16.668,4170.721
16 Oct 2020 23:54:52.076,17 Oct 2020 01:04:20.332,4168.256
17 Oct 2020 01:27:58.271,17 Oct 2020 02:37:23.859,4165.588
17 Oct 2020 03:01:04.522,17 Oct 2020 04:10:27.247,4162.725
17 Oct 2020 04:34:10.825,17 Oct 2020 05:43:30.508,4159.684
17 Oct 2020 06:07:17.172,17 Oct 2020 07:16:33.618,4156.446
17 Oct 2020 07:40:23.568,17 Oct 2020 08:49:36.589,4153.021
17 Oct 2020 09:13:30.009,17 Oct 2020 10:22:39.422,4149.414
17 Oct 2020 10:46:36.478,17 Oct 2020 11:55:42.122,4145.644
17 Oct 2020 12:19:42.976,17 Oct 2020 13:28:44.676,4141.700
17 Oct 2020 13:52:49.498,17 Oct 2020 15:01:47.098,4137.600
17 Oct 2020 15:25:56.038,17 Oct 2020 16:34:49.409,4133.370
17 Oct 2020 16:59:02.566,17 Oct 2020 18:07:51.529,4128.963
17 Oct 2020 18:32:09.071,17 Oct 2020 19:40:53.451,4124.380
17 Oct 2020 20:05:15.565,17 Oct 2020 21:13:55.344,4119.780
17 Oct 2020 21:38:22.133,17 Oct 2020 22:46:57.103,4114.969
17 Oct 2020 23:11:28.699,18 Oct 2020 00:19:58.729,4110.030
18 Oct 2020 00:44:35.260,18 Oct 2020 01:53:00.231,4104.971
18 Oct 2020 02:17:41.797,18 Oct 2020 03:26:01.611,4099.814
18 Oct 2020 03:50:48.320,18 Oct 2020 04:59:02.860,4094.540
18 Oct 2020 05:23:54.831,18 Oct 2020 06:32:04.000,4089.169
18 Oct 2020 06:57:01.299,18 Oct 2020 08:05:05.010,4083.711
18 Oct 2020 08:30:07.739,18 Oct 2020 09:38:05.887,4078.148
18 Oct 2020 10:03:14.119,18 Oct 2020 11:11:06.661,4072.542
18 Oct 2020 11:36:20.485,18 Oct 2020 12:44:07.341,4066.856
18 Oct 2020 13:09:26.824,18 Oct 2020 14:17:07.889,4061.065
18 Oct 2020 14:42:33.106,18 Oct 2020 15:50:08.325,4055.220
18 Oct 2020 16:15:39.338,18 Oct 2020 17:23:08.695,4049.356
18 Oct 2020 17:48:45.542,18 Oct 2020 18:56:08.922,4043.380
18 Oct 2020 19:21:51.667,18 Oct 2020 20:29:09.040,4037.372
18 Oct 2020 20:54:57.741,18 Oct 2020 22:02:09.059,4031.319
18 Oct 2020 22:28:03.752,18 Oct 2020 23:35:08.958,4025.206
19 Oct 2020 00:01:09.672,19 Oct 2020 01:08:08.775,4019.103
19 Oct 2020 01:34:15.557,19 Oct 2020 02:41:08.498,4012.942
19 Oct 2020 03:07:21.371,19 Oct 2020 04:14:08.122,4006.752
19 Oct 2020 04:40:27.117,19 Oct 2020 05:47:07.686,4000.570
19 Oct 2020 06:13:32.819,19 Oct 2020 07:20:07.129,3994.310
19 Oct 2020 07:46:38.419,19 Oct 2020 08:53:06.488,3988.068
19 Oct 2020 09:19:43.940,19 Oct 2020 10:26:05.759,3981.819
19 Oct 2020 10:52:49.386,19 Oct 2020 11:59:04.929,3975.543
19 Oct 2020 12:25:54.735,19 Oct 2020 13:32:04.050,3969.315
19 Oct 2020 13:59:00.042,19 Oct 2020 15:05:03.078,3963.036
19 Oct 2020 15:32:05.249,19 Oct 2020 16:38:02.018,3956.769
19 Oct 2020 17:05:10.373,19 Oct 2020 18:11:00.903,3950.530
19 Oct 2020 18:38:15.423,19 Oct 2020 19:43:59.696,3944.273
19 Oct 2020 20:11:20.378,19 Oct 2020 21:16:58.445,3938.066
19 Oct 2020 21:44:25.267,19 Oct 2020 22:49:57.092,3931.826
19 Oct 2020 23:17:30.050,20 Oct 2020 00:22:55.670,3925.621
20 Oct 2020 00:50:34.740,20 Oct 2020 01:55:54.180,3919.440
20 Oct 2020 02:23:39.352,20 Oct 2020 03:28:52.623,3913.271
20 Oct 2020 03:56:43.856,20 Oct 2020 05:01:50.988,3907.132
20 Oct 2020 05:29:48.279,20 Oct 2020 06:34:49.301,3901.022
20 Oct 2020 07:02:52.619,20 Oct 2020 08:07:47.550,3894.931
20 Oct 2020 08:35:56.868,20 Oct 2020 09:40:45.617,3888.749
20 Oct 2020 10:09:00.913,20 Oct 2020 11:13:43.748,3882.835
20 Oct 2020 11:42:04.978,20 Oct 2020 12:46:41.799,3876.821
20 Oct 2020 13:15:08.935,20 Oct 2020 14:19:39.816,3870.881
20 Oct 2020 14:48:12.821,20 Oct 2020 15:52:37.772,3864.950
20 Oct 2020 16:21:16.615,20 Oct 2020 17:25:35.677,3859.062
20 Oct 2020 17:54:20.319,20 Oct 2020 18:58:33.540,3853.220
20 Oct 2020 19:27:23.941,20 Oct 2020 20:31:31.340,3847.400
20 Oct 2020 21:00:27.456,20 Oct 2020 22:04:29.087,3841.631
20 Oct 2020 22:33:30.889,20 Oct 2020 23:37:26.788,3835.898
21 Oct 2020 00:06:34.228,21 Oct 2020 01:10:24.444,3830.217
21 Oct 2020 01:39:37.484,21 Oct 2020 02:43:22.052,3824.568
21 Oct 2020 03:12:40.644,21 Oct 2020 04:16:19.615,3818.972
21 Oct 2020 04:45:43.739,21 Oct 2020 05:49:17.165,3813.425
21 Oct 2020 06:18:46.728,21 Oct 2020 07:22:14.644,3807.917
21 Oct 2020 07:51:49.634,21 Oct 2020 08:55:12.053,3802.419
21 Oct 2020 09:24:52.417,21 Oct 2020 10:28:09.447,3797.031
21 Oct 2020 10:57:55.144,21 Oct 2020 12:01:06.800,3791.656
21 Oct 2020 12:30:57.786,21 Oct 2020 13:34:04.193,3786.407
21 Oct 2020 14:04:00.408,21 Oct 2020 15:07:01.476,3781.068
21 Oct 2020 15:37:02.889,21 Oct 2020 16:39:58.764,3775.875
21 Oct 2020 17:10:05.309,21 Oct 2020 18:12:55.973,3770.663
21 Oct 2020 18:43:07.625,21 Oct 2020 19:45:53.150,3765.525
21 Oct 2020 20:16:09.850,21 Oct 2020 21:18:50.304,3760.455
21 Oct 2020 21:49:12.008,21 Oct 2020 22:51:47.418,3755.410
21 Oct 2020 23:22:14.073,22 Oct 2020 00:24:44.494,3750.422
22 Oct 2020 00:55:16.058,22 Oct 2020 01:57:41.542,3745.485
22 Oct 2020 02:28:17.961,22 Oct 2020 03:30:38.559,3740.598
22 Oct 2020 04:01:19.789,22 Oct 2020 05:03:35.584,3735.795
22 Oct 2020 05:34:21.566,22 Oct 2020 06:36:32.544,3730.977
22 Oct 2020 07:07:23.240,22 Oct 2020 08:09:29.475,3726.235
22 Oct 2020 08:40:24.837,22 Oct 2020 09:42:26.324,3721.487
22 Oct 2020 10:13:26.310,22 Oct 2020 11:15:23.201,3716.891
22 Oct 2020 11:46:27.754,22 Oct 2020 12:48:20.085,3712.331
22 Oct 2020 13:19:29.157,22 Oct 2020 14:21:16.911,3707.754
22 Oct 2020 14:52:30.457,22 Oct 2020 15:54:13.711,3703.253
22 Oct 2020 16:25:31.685,22 Oct 2020 17:27:10.489,3698.804
22 Oct 2020 17:58:32.840,22 Oct 2020 19:00:07.246,3694.406
22 Oct 2020 19:31:33.927,22 Oct 2020 20:33:03.978,3690.051
22 Oct 2020 21:04:34.944,22 Oct 2020 22:06:00.783,3685.839
22 Oct 2020 22:37:35.913,22 Oct 2020 23:38:57.478,3681.565
23 Oct 2020 00:10:36.798,23 Oct 2020 01:11:54.149,3677.352
23 Oct 2020 01:43:37.612,23 Oct 2020 02:44:50.806,3673.194
23 Oct 2020 03:16:38.366,23 Oct 2020 04:17:47.445,3669.078
23 Oct 2020 04:49:39.053,23 Oct 2020 05:50:44.059,3665.006
23 Oct 2020 06:22:39.678,23 Oct 2020 07:23:40.659,3660.981
23 Oct 2020 07:55:40.231,23 Oct 2020 08:56:37.238,3657.007
23 Oct 2020 09:28:40.605,23 Oct 2020 10:29:33.654,3653.049
23 Oct 2020 11:01:41.018,23 Oct 2020 12:02:30.185,3649.166
23 Oct 2020 12:34:41.378,23 Oct 2020 13:35:26.717,3645.339
23 Oct 2020 14:07:41.685,23 Oct 2020 15:08:23.216,3641.531
23 Oct 2020 15:40:41.920,23 Oct 2020 16:41:19.699,3637.778
23 Oct 2020 17:13:42.096,23 Oct 2020 18:14:16.184,3634.088
23 Oct 2020 18:46:42.235,23 Oct 2020 19:47:12.638,3630.402
23 Oct 2020 20:19:42.291,23 Oct 2020 21:20:09.045,3626.754
23 Oct 2020 21:52:42.260,23 Oct 2020 22:53:05.464,3623.204
23 Oct 2020 23:25:42.203,24 Oct 2020 00:26:01.871,3619.669
24 Oct 2020 00:58:42.091,24 Oct 2020 01:58:58.269,3616.178
24 Oct 2020 02:31:41.922,24 Oct 2020 03:31:54.654,3612.732
24 Oct 2020 04:04:41.702,24 Oct 2020 05:04:51.022,3609.321
24 Oct 2020 05:37:41.424,24 Oct 2020 06:37:47.378,3605.954
24 Oct 2020 07:10:41.094,24 Oct 2020 08:10:43.723,3602.628
24 Oct 2020 08:43:40.712,24 Oct 2020 09:43:40.008,3599.296
24 Oct 2020 10:16:40.221,24 Oct 2020 11:16:36.327,3596.106
24 Oct 2020 11:49:39.734,24 Oct 2020 12:49:32.658,3592.924
24 Oct 2020 13:22:39.220,24 Oct 2020 14:22:28.958,3589.738
24 Oct 2020 14:55:38.634,24 Oct 2020 15:55:25.247,3586.612
24 Oct 2020 16:28:38.000,24 Oct 2020 17:28:21.528,3583.529
24 Oct 2020 18:01:37.319,24 Oct 2020 19:01:17.798,3580.479
24 Oct 2020 19:34:36.589,24 Oct 2020 20:34:14.042,3577.453
24 Oct 2020 21:07:35.796,24 Oct 2020 22:07:10.291,3574.495
24 Oct 2020 22:40:34.970,24 Oct 2020 23:40:06.534,3571.564
25 Oct 2020 00:13:34.095,25 Oct 2020 01:13:02.767,3568.671
25 Oct 2020 01:46:33.179,25 Oct 2020 02:45:58.991,3565.812
25 Oct 2020 03:19:32.219,25 Oct 2020 04:18:55.205,3562.986
25 Oct 2020 04:52:31.214,25 Oct 2020 05:51:51.415,3560.201
25 Oct 2020 06:25:30.168,25 Oct 2020 07:24:47.617,3557.449
25 Oct 2020 07:58:29.073,25 Oct 2020 08:57:43.812,3554.739
25 Oct 2020 09:31:27.921,25 Oct 2020 10:30:39.987,3552.066
25 Oct 2020 11:04:26.747,25 Oct 2020 12:03:36.169,3549.421
25 Oct 2020 12:37:25.536,25 Oct 2020 13:36:32.346,3546.810
25 Oct 2020 14:10:24.279,25 Oct 2020 15:09:28.545,3544.266
25 Oct 2020 15:43:23.013,25 Oct 2020 16:42:24.710,3541.697
25 Oct 2020 17:16:21.680,25 Oct 2020 18:15:20.869,3539.189
25 Oct 2020 18:49:20.311,25 Oct 2020 19:48:17.023,3536.712
25 Oct 2020 20:22:18.898,25 Oct 2020 21:21:13.148,3534.250
25 Oct 2020 21:55:17.423,25 Oct 2020 22:54:09.291,3531.868
25 Oct 2020 23:28:15.937,26 Oct 2020 00:27:05.429,3529.492
26 Oct 2020 01:01:14.415,26 Oct 2020 02:00:01.563,3527.148
26 Oct 2020 02:34:12.858,26 Oct 2020 03:32:57.691,3524.834
26 Oct 2020 04:07:11.264,26 Oct 2020 05:05:53.816,3522.552
26 Oct 2020 05:40:09.635,26 Oct 2020 06:38:49.939,3520.304
26 Oct 2020 07:13:07.973,26 Oct 2020 08:11:46.058,3518.085
26 Oct 2020 08:46:06.261,26 Oct 2020 09:44:42.159,3515.899
26 Oct 2020 10:19:04.534,26 Oct 2020 11:17:38.273,3513.739
26 Oct 2020 11:52:02.772,26 Oct 2020 12:50:34.384,3511.612
26 Oct 2020 13:25:00.978,26 Oct 2020 14:23:30.492,3509.515
26 Oct 2020 14:57:59.151,26 Oct 2020 15:56:26.598,3507.447
26 Oct 2020 16:30:57.294,26 Oct 2020 17:29:22.702,3505.408
26 Oct 2020 18:03:55.406,26 Oct 2020 19:02:18.799,3503.394
26 Oct 2020 19:36:53.478,26 Oct 2020 20:35:14.899,3501.420
26 Oct 2020 21:09:51.528,26 Oct 2020 22:08:10.995,3499.468
26 Oct 2020 22:42:49.549,26 Oct 2020 23:41:07.094,3497.545
27 Oct 2020 00:15:47.539,27 Oct 2020 01:14:03.186,3495.647
27 Oct 2020 01:48:45.502,27 Oct 2020 02:46:59.281,3493.779
27 Oct 2020 03:21:43.436,27 Oct 2020 04:19:55.374,3491.937
27 Oct 2020 04:54:41.343,27 Oct 2020 05:52:51.468,3490.124
27 Oct 2020 06:27:39.221,27 Oct 2020 07:25:47.560,3488.339
27 Oct 2020 08:00:37.076,27 Oct 2020 08:58:43.652,3486.577
27 Oct 2020 09:33:34.902,27 Oct 2020 10:31:39.709,3484.807
27 Oct 2020 11:06:32.667,27 Oct 2020 12:04:35.802,3483.135
27 Oct 2020 12:39:30.441,27 Oct 2020 13:37:31.872,3481.431
27 Oct 2020 14:12:28.149,27 Oct 2020 15:10:27.962,3479.813
27 Oct 2020 15:45:25.871,27 Oct 2020 16:43:24.054,3478.183
27 Oct 2020 17:18:23.570,27 Oct 2020 18:16:20.146,3476.576
27 Oct 2020 18:51:21.241,27 Oct 2020 19:49:16.275,3475.034
27 Oct 2020 20:24:18.928,27 Oct 2020 21:22:12.370,3473.442
27 Oct 2020 21:57:16.551,27 Oct 2020 22:55:08.465,3471.914
27 Oct 2020 23:30:14.156,28 Oct 2020 00:28:04.562,3470.406
28 Oct 2020 01:03:11.733,28 Oct 2020 02:01:00.665,3468.932
28 Oct 2020 02:36:09.297,28 Oct 2020 03:33:56.766,3467.469
28 Oct 2020 04:09:06.830,28 Oct 2020 05:06:52.859,3466.028
28 Oct 2020 05:42:04.339,28 Oct 2020 06:39:48.963,3464.624
28 Oct 2020 07:15:01.829,28 Oct 2020 08:12:45.070,3463.241
28 Oct 2020 08:47:59.301,28 Oct 2020 09:45:41.178,3461.878
28 Oct 2020 10:20:56.752,28 Oct 2020 11:18:37.290,3460.538
28 Oct 2020 11:53:54.183,28 Oct 2020 12:51:33.404,3459.221
28 Oct 2020 13:26:51.560,28 Oct 2020 14:24:29.491,3457.931
28 Oct 2020 14:59:48.950,28 Oct 2020 15:57:25.610,3456.659
28 Oct 2020 16:32:46.321,28 Oct 2020 17:30:21.714,3455.392
28 Oct 2020 18:05:43.654,28 Oct 2020 19:03:17.837,3454.183
28 Oct 2020 19:38:40.987,28 Oct 2020 20:36:13.963,3452.976
28 Oct 2020 21:11:38.300,28 Oct 2020 22:09:10.094,3451.794
28 Oct 2020 22:44:35.596,28 Oct 2020 23:42:06.228,3450.632
29 Oct 2020 00:17:32.875,29 Oct 2020 01:15:02.366,3449.491
29 Oct 2020 01:50:30.136,29 Oct 2020 02:47:58.508,3448.372
29 Oct 2020 03:23:27.381,29 Oct 2020 04:20:54.655,3447.274
29 Oct 2020 04:56:24.608,29 Oct 2020 05:53:50.771,3446.163
29 Oct 2020 06:29:21.783,29 Oct 2020 07:26:46.925,3445.142
29 Oct 2020 08:02:18.977,29 Oct 2020 08:59:43.084,3444.107
29 Oct 2020 09:35:16.155,29 Oct 2020 10:32:39.249,3443.094
29 Oct 2020 11:08:13.319,29 Oct 2020 12:05:35.417,3442.098
29 Oct 2020 12:41:10.467,29 Oct 2020 13:38:31.593,3441.126
29 Oct 2020 14:14:07.600,29 Oct 2020 15:11:27.769,3440.169
29 Oct 2020 15:47:04.718,29 Oct 2020 16:44:23.955,3439.237
29 Oct 2020 17:20:01.821,29 Oct 2020 18:17:20.141,3438.320
29 Oct 2020 18:52:58.911,29 Oct 2020 19:50:16.386,3437.475
29 Oct 2020 20:25:56.018,29 Oct 2020 21:23:12.586,3436.568
29 Oct 2020 21:58:53.080,29 Oct 2020 22:56:08.787,3435.707
29 Oct 2020 23:31:50.129,30 Oct 2020 00:29:04.996,3434.867
30 Oct 2020 01:04:47.164,30 Oct 2020 02:02:01.216,3434.052
30 Oct 2020 02:37:44.189,30 Oct 2020 03:34:57.442,3433.253
30 Oct 2020 04:10:41.201,30 Oct 2020 05:07:53.675,3432.473
30 Oct 2020 05:43:38.247,30 Oct 2020 06:40:49.964,3431.718
30 Oct 2020 07:16:35.238,30 Oct 2020 08:13:46.213,3430.975
30 Oct 2020 08:49:32.217,30 Oct 2020 09:46:42.468,3430.251
30 Oct 2020 10:22:29.185,30 Oct 2020 11:19:38.730,3429.545
30 Oct 2020 11:55:26.142,30 Oct 2020 12:52:35.000,3428.858
30 Oct 2020 13:28:23.091,30 Oct 2020 14:25:31.277,3428.185
30 Oct 2020 15:01:20.027,30 Oct 2020 15:58:27.561,3427.534
30 Oct 2020 16:34:16.950,30 Oct 2020 17:31:23.853,3426.903
30 Oct 2020 18:07:13.868,30 Oct 2020 19:04:20.493,3426.625
30 Oct 2020 19:40:11.079,30 Oct 2020 20:37:16.828,3425.749
30 Oct 2020 21:13:08.008,30 Oct 2020 22:10:13.172,3425.164
30 Oct 2020 22:46:04.919,30 Oct 2020 23:43:09.526,3424.607
31 Oct 2020 00:19:01.827,31 Oct 2020 01:16:05.889,3424.062
31 Oct 2020 01:51:58.473,31 Oct 2020 02:49:01.964,3423.491
31 Oct 2020 03:24:55.402,31 Oct 2020 04:21:58.404,3423.002
31 Oct 2020 04:57:52.269,31 Oct 2020 05:54:54.776,3422.508
31 Oct 2020 06:30:49.122,31 Oct 2020 07:27:51.157,3422.035
31 Oct 2020 08:03:45.871,31 Oct 2020 09:00:47.432,3421.561
31 Oct 2020 09:36:42.707,31 Oct 2020 10:33:43.828,3421.122
31 Oct 2020 11:09:39.530,31 Oct 2020 12:06:40.224,3420.694
31 Oct 2020 12:42:36.357,31 Oct 2020 13:39:36.557,3420.200
31 Oct 2020 14:15:33.105,31 Oct 2020 15:12:32.970,3419.864
31 Oct 2020 15:48:29.912,31 Oct 2020 16:45:29.392,3419.480
31 Oct 2020 17:21:26.702,31 Oct 2020 18:18:25.821,3419.119
31 Oct 2020 18:54:23.495,31 Oct 2020 19:51:22.263,3418.768
31 Oct 2020 20:27:20.278,31 Oct 2020 21:24:18.719,3418.441
31 Oct 2020 22:00:17.054,31 Oct 2020 22:57:15.181,3418.127
31 Oct 2020 23:33:13.821,1 Nov 2020 00:30:11.652,3417.831
1 Nov 2020 01:06:10.587,1 Nov 2020 02:03:08.137,3417.550
1 Nov 2020 02:39:07.348,1 Nov 2020 03:36:04.631,3417.283
1 Nov 2020 04:12:04.103,1 Nov 2020 05:09:01.135,3417.032
1 Nov 2020 05:45:00.859,1 Nov 2020 06:41:57.648,3416.789
1 Nov 2020 07:17:57.600,1 Nov 2020 08:14:54.174,3416.573
1 Nov 2020 08:50:54.343,1 Nov 2020 09:47:50.629,3416.286
1 Nov 2020 10:23:50.996,1 Nov 2020 11:20:47.173,3416.177
1 Nov 2020 11:56:47.732,1 Nov 2020 12:53:43.729,3415.997
1 Nov 2020 13:29:44.453,1 Nov 2020 14:26:40.275,3415.822
1 Nov 2020 15:02:41.150,1 Nov 2020 15:59:36.852,3415.702
1 Nov 2020 16:35:37.863,1 Nov 2020 17:32:33.449,3415.586
1 Nov 2020 18:08:34.565,1 Nov 2020 19:05:30.050,3415.485
1 Nov 2020 19:41:31.273,1 Nov 2020 20:38:26.663,3415.390
1 Nov 2020 21:14:27.986,1 Nov 2020 22:11:23.287,3415.301
1 Nov 2020 22:47:24.692,1 Nov 2020 23:44:19.920,3415.227
2 Nov 2020 00:20:21.397,2 Nov 2020 01:17:16.572,3415.175
2 Nov 2020 01:53:18.099,2 Nov 2020 02:50:13.234,3415.134
2 Nov 2020 03:26:14.802,2 Nov 2020 04:23:09.903,3415.101
2 Nov 2020 04:59:11.502,2 Nov 2020 05:56:06.590,3415.088
2 Nov 2020 06:32:08.160,2 Nov 2020 07:29:03.254,3415.095
2 Nov 2020 08:05:04.851,2 Nov 2020 09:01:59.959,3415.109
2 Nov 2020 09:38:01.546,2 Nov 2020 10:34:56.671,3415.125
2 Nov 2020 11:10:58.236,2 Nov 2020 12:07:53.403,3415.167
2 Nov 2020 12:43:54.920,2 Nov 2020 13:40:50.145,3415.224
2 Nov 2020 14:16:51.607,2 Nov 2020 15:13:46.905,3415.298
2 Nov 2020 15:49:48.299,2 Nov 2020 16:46:43.698,3415.399
2 Nov 2020 17:22:44.976,2 Nov 2020 18:19:40.488,3415.513
2 Nov 2020 18:55:41.662,2 Nov 2020 19:52:37.288,3415.626
2 Nov 2020 20:28:38.349,2 Nov 2020 21:25:34.096,3415.747
2 Nov 2020 22:01:35.039,2 Nov 2020 22:58:30.924,3415.884
2 Nov 2020 23:34:31.755,3 Nov 2020 00:31:27.773,3416.018
3 Nov 2020 01:07:28.441,3 Nov 2020 02:04:24.628,3416.186
3 Nov 2020 02:40:25.130,3 Nov 2020 03:37:21.504,3416.374
3 Nov 2020 04:13:21.824,3 Nov 2020 05:10:18.391,3416.567
3 Nov 2020 05:46:18.522,3 Nov 2020 06:43:15.263,3416.741
3 Nov 2020 07:19:15.166,3 Nov 2020 08:16:12.176,3417.010
3 Nov 2020 08:52:11.861,3 Nov 2020 09:49:09.104,3417.243
3 Nov 2020 10:25:08.558,3 Nov 2020 11:22:06.047,3417.489
3 Nov 2020 11:58:05.257,3 Nov 2020 12:55:03.039,3417.782
3 Nov 2020 13:31:02.013,3 Nov 2020 14:28:00.017,3418.004
3 Nov 2020 15:03:58.718,3 Nov 2020 16:00:57.014,3418.296
3 Nov 2020 16:36:55.428,3 Nov 2020 17:33:54.017,3418.589
3 Nov 2020 18:09:52.142,3 Nov 2020 19:06:51.043,3418.901
3 Nov 2020 19:42:48.859,3 Nov 2020 20:39:48.081,3419.222
3 Nov 2020 21:15:45.580,3 Nov 2020 22:12:45.136,3419.556
3 Nov 2020 22:48:42.298,3 Nov 2020 23:45:42.204,3419.906
4 Nov 2020 00:21:39.035,4 Nov 2020 01:18:39.304,3420.268
4 Nov 2020 01:54:35.768,4 Nov 2020 02:51:36.405,3420.637
4 Nov 2020 03:27:32.505,4 Nov 2020 04:24:33.531,3421.026
4 Nov 2020 05:00:29.237,4 Nov 2020 05:57:30.651,3421.414
4 Nov 2020 06:33:25.983,4 Nov 2020 07:30:27.805,3421.823
4 Nov 2020 08:06:22.733,4 Nov 2020 09:03:24.976,3422.243
4 Nov 2020 09:39:19.489,4 Nov 2020 10:36:22.189,3422.699
4 Nov 2020 11:12:16.258,4 Nov 2020 12:09:19.395,3423.136
4 Nov 2020 12:45:13.026,4 Nov 2020 13:42:16.618,3423.592
4 Nov 2020 14:18:09.800,4 Nov 2020 15:15:13.861,3424.061
4 Nov 2020 15:51:06.580,4 Nov 2020 16:48:11.116,3424.537
4 Nov 2020 17:24:03.365,4 Nov 2020 18:21:08.392,3425.027
4 Nov 2020 18:57:00.156,4 Nov 2020 19:54:05.685,3425.530
4 Nov 2020 20:29:56.951,4 Nov 2020 21:27:02.996,3426.045
4 Nov 2020 22:02:53.754,4 Nov 2020 23:00:00.324,3426.570
4 Nov 2020 23:35:50.566,5 Nov 2020 00:32:57.671,3427.105
5 Nov 2020 01:08:47.408,5 Nov 2020 02:05:55.063,3427.655
5 Nov 2020 02:41:44.240,5 Nov 2020 03:38:52.447,3428.207
5 Nov 2020 04:14:41.075,5 Nov 2020 05:11:49.850,3428.776
5 Nov 2020 05:47:37.912,5 Nov 2020 06:44:47.311,3429.399
5 Nov 2020 07:20:34.810,5 Nov 2020 08:17:44.754,3429.943
5 Nov 2020 08:53:31.672,5 Nov 2020 09:50:42.215,3430.544
5 Nov 2020 10:26:28.542,5 Nov 2020 11:23:39.696,3431.154
5 Nov 2020 11:59:25.420,5 Nov 2020 12:56:37.196,3431.775
5 Nov 2020 13:32:22.308,5 Nov 2020 14:29:34.714,3432.407
5 Nov 2020 15:05:19.204,5 Nov 2020 16:02:32.313,3433.109
5 Nov 2020 16:38:16.161,5 Nov 2020 17:35:29.872,3433.711
5 Nov 2020 18:11:13.078,5 Nov 2020 19:08:27.450,3434.372
5 Nov 2020 19:44:10.005,5 Nov 2020 20:41:25.049,3435.044
5 Nov 2020 21:17:06.941,5 Nov 2020 22:14:22.666,3435.725
5 Nov 2020 22:50:03.964,5 Nov 2020 23:47:20.398,3436.433
6 Nov 2020 00:23:00.931,6 Nov 2020 01:20:18.065,3437.134
6 Nov 2020 01:55:57.909,6 Nov 2020 02:53:15.709,3437.800
6 Nov 2020 03:28:54.852,6 Nov 2020 04:26:13.410,3438.558
6 Nov 2020 05:01:51.845,6 Nov 2020 05:59:11.135,3439.290
6 Nov 2020 06:34:48.956,6 Nov 2020 07:32:08.992,3440.036
6 Nov 2020 08:07:45.976,6 Nov 2020 09:05:06.759,3440.783
6 Nov 2020 09:40:43.009,6 Nov 2020 10:38:04.544,3441.536
6 Nov 2020 11:13:40.053,6 Nov 2020 12:11:02.357,3442.305
6 Nov 2020 12:46:37.111,6 Nov 2020 13:44:00.221,3443.110
6 Nov 2020 14:19:34.228,6 Nov 2020 15:16:58.073,3443.845
6 Nov 2020 15:52:31.312,6 Nov 2020 16:49:55.946,3444.635
6 Nov 2020 17:25:27.908,6 Nov 2020 18:22:53.197,3445.289
6 Nov 2020 18:58:24.866,6 Nov 2020 19:55:50.933,3446.067
6 Nov 2020 20:31:21.815,6 Nov 2020 21:28:48.668,3446.853
6 Nov 2020 22:04:19.797,6 Nov 2020 23:01:47.678,3447.881
6 Nov 2020 23:37:16.950,7 Nov 2020 00:34:45.660,3448.710
7 Nov 2020 01:10:14.113,7 Nov 2020 02:07:43.662,3449.549
7 Nov 2020 02:43:11.294,7 Nov 2020 03:40:41.686,3450.393
7 Nov 2020 04:16:08.489,7 Nov 2020 05:13:39.733,3451.243
7 Nov 2020 05:49:05.700,7 Nov 2020 06:46:37.801,3452.101
7 Nov 2020 07:22:02.922,7 Nov 2020 08:19:35.890,3452.968
7 Nov 2020 08:55:00.161,7 Nov 2020 09:52:34.001,3453.839
7 Nov 2020 10:27:57.416,7 Nov 2020 11:25:32.133,3454.717
7 Nov 2020 12:00:54.685,7 Nov 2020 12:58:30.286,3455.601
7 Nov 2020 13:33:51.970,7 Nov 2020 14:31:28.514,3456.544
7 Nov 2020 15:06:49.332,7 Nov 2020 16:04:26.716,3457.384
7 Nov 2020 16:39:46.652,7 Nov 2020 17:37:24.938,3458.286
7 Nov 2020 18:12:43.989,7 Nov 2020 19:10:23.182,3459.194
7 Nov 2020 19:45:41.341,7 Nov 2020 20:43:21.448,3460.107
7 Nov 2020 21:18:38.710,7 Nov 2020 22:16:19.735,3461.025
7 Nov 2020 22:51:36.106,7 Nov 2020 23:49:18.056,3461.950
8 Nov 2020 00:24:33.510,8 Nov 2020 01:22:16.388,3462.878
8 Nov 2020 01:57:30.931,8 Nov 2020 02:55:14.742,3463.811
8 Nov 2020 03:30:28.369,8 Nov 2020 04:28:13.117,3464.748
8 Nov 2020 05:03:25.825,8 Nov 2020 06:01:11.514,3465.690
8 Nov 2020 06:36:23.298,8 Nov 2020 07:34:09.933,3466.635
8 Nov 2020 08:09:20.791,8 Nov 2020 09:07:08.373,3467.583
8 Nov 2020 09:42:18.299,8 Nov 2020 10:40:06.835,3468.536
8 Nov 2020 11:15:15.826,8 Nov 2020 12:13:05.319,3469.493
8 Nov 2020 12:48:13.371,8 Nov 2020 13:46:03.827,3470.455
8 Nov 2020 14:21:10.935,8 Nov 2020 15:19:02.353,3471.418
8 Nov 2020 15:54:08.517,8 Nov 2020 16:52:00.898,3472.381
8 Nov 2020 17:27:06.118,8 Nov 2020 18:24:59.467,3473.349
8 Nov 2020 19:00:03.738,8 Nov 2020 19:57:58.057,3474.319
8 Nov 2020 20:33:01.377,8 Nov 2020 21:30:56.668,3475.292
8 Nov 2020 22:05:59.033,8 Nov 2020 23:03:55.301,3476.268
8 Nov 2020 23:38:56.714,9 Nov 2020 00:36:53.954,3477.241
9 Nov 2020 01:11:54.408,9 Nov 2020 02:09:52.629,3478.221
9 Nov 2020 02:44:52.127,9 Nov 2020 03:42:51.324,3479.197
9 Nov 2020 04:17:49.863,9 Nov 2020 05:15:50.039,3480.176
9 Nov 2020 05:50:47.618,9 Nov 2020 06:48:48.776,3481.158
9 Nov 2020 07:23:45.397,9 Nov 2020 08:21:47.533,3482.136
9 Nov 2020 08:56:43.191,9 Nov 2020 09:54:46.310,3483.118
9 Nov 2020 10:29:41.009,9 Nov 2020 11:27:45.107,3484.098
9 Nov 2020 12:02:38.849,9 Nov 2020 13:00:43.924,3485.075
9 Nov 2020 13:35:36.706,9 Nov 2020 14:33:42.761,3486.056
9 Nov 2020 15:08:34.588,9 Nov 2020 16:06:41.618,3487.031
9 Nov 2020 16:41:32.484,9 Nov 2020 17:39:40.495,3488.011
9 Nov 2020 18:14:30.405,9 Nov 2020 19:12:39.391,3488.985
9 Nov 2020 19:47:28.350,9 Nov 2020 20:45:38.306,3489.956
9 Nov 2020 21:20:26.311,9 Nov 2020 22:18:37.240,3490.929
9 Nov 2020 22:53:24.296,9 Nov 2020 23:51:36.194,3491.898
10 Nov 2020 00:26:22.302,10 Nov 2020 01:24:35.165,3492.863
10 Nov 2020 01:59:20.330,10 Nov 2020 02:57:34.156,3493.826
10 Nov 2020 03:32:18.379,10 Nov 2020 04:30:33.165,3494.785
10 Nov 2020 05:05:16.450,10 Nov 2020 06:03:32.191,3495.741
10 Nov 2020 06:38:14.543,10 Nov 2020 07:36:31.236,3496.693
10 Nov 2020 08:11:12.657,10 Nov 2020 09:09:30.298,3497.641
10 Nov 2020 09:44:10.796,10 Nov 2020 10:42:29.378,3498.582
10 Nov 2020 11:17:08.954,10 Nov 2020 12:15:28.474,3499.520
10 Nov 2020 12:50:07.135,10 Nov 2020 13:48:27.588,3500.453
10 Nov 2020 14:23:04.532,10 Nov 2020 15:21:25.866,3501.334
10 Nov 2020 15:56:02.736,10 Nov 2020 16:54:24.992,3502.256
10 Nov 2020 17:29:00.962,10 Nov 2020 18:27:24.136,3503.174
10 Nov 2020 19:01:59.211,10 Nov 2020 20:00:23.291,3504.080
10 Nov 2020 20:34:57.477,10 Nov 2020 21:33:22.463,3504.986
10 Nov 2020 22:07:55.769,10 Nov 2020 23:06:21.650,3505.881
10 Nov 2020 23:40:54.094,11 Nov 2020 00:39:20.868,3506.774
11 Nov 2020 01:13:52.428,11 Nov 2020 02:12:20.085,3507.657
11 Nov 2020 02:46:50.786,11 Nov 2020 03:45:19.317,3508.531
11 Nov 2020 04:19:49.169,11 Nov 2020 05:18:18.562,3509.393
11 Nov 2020 05:52:47.568,11 Nov 2020 06:51:17.821,3510.253
11 Nov 2020 07:25:45.992,11 Nov 2020 08:24:17.092,3511.101
11 Nov 2020 08:58:44.438,11 Nov 2020 09:57:16.377,3511.939
11 Nov 2020 10:31:42.899,11 Nov 2020 11:30:15.668,3512.768
11 Nov 2020 12:04:41.393,11 Nov 2020 13:03:14.978,3513.585
11 Nov 2020 13:37:39.902,11 Nov 2020 14:36:14.299,3514.397
11 Nov 2020 15:10:38.439,11 Nov 2020 16:09:13.633,3515.193
11 Nov 2020 16:43:36.995,11 Nov 2020 17:42:12.979,3515.984
11 Nov 2020 18:16:35.572,11 Nov 2020 19:15:12.334,3516.762
11 Nov 2020 19:49:34.170,11 Nov 2020 20:48:11.698,3517.528
11 Nov 2020 21:22:32.790,11 Nov 2020 22:21:11.073,3518.283
11 Nov 2020 22:55:31.429,11 Nov 2020 23:54:10.457,3519.028
12 Nov 2020 00:28:30.094,12 Nov 2020 01:27:09.851,3519.756
12 Nov 2020 02:01:28.778,12 Nov 2020 03:00:09.253,3520.474
12 Nov 2020 03:34:27.480,12 Nov 2020 04:33:08.663,3521.182
12 Nov 2020 05:07:26.206,12 Nov 2020 06:06:08.021,3521.815
12 Nov 2020 06:40:24.896,12 Nov 2020 07:39:07.443,3522.547
12 Nov 2020 08:13:23.660,12 Nov 2020 09:12:06.872,3523.212
12 Nov 2020 09:46:22.444,12 Nov 2020 10:45:06.307,3523.864
12 Nov 2020 11:19:21.248,12 Nov 2020 12:18:05.749,3524.501
12 Nov 2020 12:52:20.075,12 Nov 2020 13:51:04.972,3524.897
12 Nov 2020 14:25:18.792,12 Nov 2020 15:24:04.419,3525.627
12 Nov 2020 15:58:17.651,12 Nov 2020 16:57:03.871,3526.220
12 Nov 2020 17:31:16.529,12 Nov 2020 18:30:03.327,3526.798
12 Nov 2020 19:04:15.426,12 Nov 2020 20:03:02.786,3527.360
12 Nov 2020 20:37:14.341,12 Nov 2020 21:36:02.248,3527.907
12 Nov 2020 22:10:13.276,12 Nov 2020 23:09:01.713,3528.437
12 Nov 2020 23:43:12.229,13 Nov 2020 00:42:01.180,3528.952
13 Nov 2020 01:16:11.199,13 Nov 2020 02:15:00.649,3529.449
13 Nov 2020 02:49:10.185,13 Nov 2020 03:48:00.118,3529.933
13 Nov 2020 04:22:09.194,13 Nov 2020 05:20:59.589,3530.395
13 Nov 2020 05:55:08.218,13 Nov 2020 06:53:59.060,3530.842
13 Nov 2020 07:28:07.258,13 Nov 2020 08:26:58.530,3531.272
13 Nov 2020 09:01:06.313,13 Nov 2020 09:59:58.000,3531.687
13 Nov 2020 10:34:05.390,13 Nov 2020 11:32:57.468,3532.079
13 Nov 2020 12:07:04.480,13 Nov 2020 13:05:56.935,3532.455
13 Nov 2020 13:40:03.583,13 Nov 2020 14:38:56.400,3532.817
13 Nov 2020 15:13:02.704,13 Nov 2020 16:11:55.864,3533.160
13 Nov 2020 16:46:01.844,13 Nov 2020 17:44:55.323,3533.479
13 Nov 2020 18:19:00.992,13 Nov 2020 19:18:16.251,3555.259
13 Nov 2020 19:52:21.087,13 Nov 2020 20:51:17.161,3536.075
13 Nov 2020 21:25:21.723,13 Nov 2020 22:24:18.073,3536.350
13 Nov 2020 22:58:22.381,13 Nov 2020 23:57:18.987,3536.607
14 Nov 2020 00:31:23.062,14 Nov 2020 01:30:19.903,3536.841
14 Nov 2020 02:04:23.757,14 Nov 2020 03:03:20.819,3537.062
14 Nov 2020 03:37:24.474,14 Nov 2020 04:36:21.735,3537.261
14 Nov 2020 05:10:25.210,14 Nov 2020 06:09:22.650,3537.441
14 Nov 2020 06:43:25.965,14 Nov 2020 07:42:23.566,3537.601
14 Nov 2020 08:16:26.738,14 Nov 2020 09:15:24.479,3537.741
14 Nov 2020 09:49:27.530,14 Nov 2020 10:48:25.392,3537.862
14 Nov 2020 11:22:28.339,14 Nov 2020 12:21:26.302,3537.963
14 Nov 2020 12:55:29.167,14 Nov 2020 13:54:27.207,3538.040
14 Nov 2020 14:28:30.009,14 Nov 2020 15:27:27.328,3537.319
14 Nov 2020 16:01:30.112,14 Nov 2020 17:00:28.120,3538.008
14 Nov 2020 17:34:30.881,14 Nov 2020 18:33:28.906,3538.026
14 Nov 2020 19:07:31.657,14 Nov 2020 20:06:29.678,3538.021
14 Nov 2020 20:40:32.447,14 Nov 2020 21:39:30.437,3537.991
14 Nov 2020 22:13:32.964,14 Nov 2020 23:12:30.844,3537.880
14 Nov 2020 23:46:33.727,15 Nov 2020 00:45:31.538,3537.811
15 Nov 2020 01:19:34.674,15 Nov 2020 02:18:32.457,3537.783
15 Nov 2020 02:52:35.504,15 Nov 2020 03:51:33.190,3537.686
15 Nov 2020 04:25:36.348,15 Nov 2020 05:24:33.915,3537.567
15 Nov 2020 05:58:37.202,15 Nov 2020 06:57:34.631,3537.429
15 Nov 2020 07:31:38.067,15 Nov 2020 08:30:35.337,3537.270
15 Nov 2020 09:04:38.944,15 Nov 2020 10:03:36.033,3537.089
15 Nov 2020 10:37:39.828,15 Nov 2020 11:36:36.722,3536.894
15 Nov 2020 12:10:40.720,15 Nov 2020 13:09:37.397,3536.677
15 Nov 2020 13:43:41.246,15 Nov 2020 14:42:37.627,3536.380
15 Nov 2020 15:16:42.088,15 Nov 2020 16:15:38.204,3536.115
15 Nov 2020 16:49:42.926,15 Nov 2020 17:48:38.764,3535.838
15 Nov 2020 18:22:43.771,15 Nov 2020 19:21:39.307,3535.535
15 Nov 2020 19:55:44.615,15 Nov 2020 20:54:39.833,3535.217
15 Nov 2020 21:28:45.450,15 Nov 2020 22:27:40.331,3534.881
15 Nov 2020 23:01:46.298,16 Nov 2020 00:00:40.821,3534.523
16 Nov 2020 00:34:47.142,16 Nov 2020 01:33:41.293,3534.150
16 Nov 2020 02:07:47.988,16 Nov 2020 03:06:41.745,3533.757
16 Nov 2020 03:40:48.828,16 Nov 2020 04:39:42.179,3533.351
16 Nov 2020 05:13:49.669,16 Nov 2020 06:12:42.593,3532.924
16 Nov 2020 06:46:50.509,16 Nov 2020 07:45:42.987,3532.479
16 Nov 2020 08:19:51.346,16 Nov 2020 09:18:43.362,3532.016
16 Nov 2020 09:52:52.182,16 Nov 2020 10:51:43.714,3531.532
16 Nov 2020 11:25:52.953,16 Nov 2020 12:24:43.988,3531.036
16 Nov 2020 12:58:53.776,16 Nov 2020 13:57:44.298,3530.522
16 Nov 2020 14:31:54.595,16 Nov 2020 15:30:44.587,3529.992
16 Nov 2020 16:04:55.408,16 Nov 2020 17:03:44.854,3529.446
16 Nov 2020 17:37:56.216,16 Nov 2020 18:36:45.107,3528.891
16 Nov 2020 19:10:57.021,16 Nov 2020 20:09:45.329,3528.308
16 Nov 2020 20:43:57.819,16 Nov 2020 21:42:45.531,3527.713
16 Nov 2020 22:16:58.605,16 Nov 2020 23:15:45.711,3527.107
16 Nov 2020 23:49:59.386,17 Nov 2020 00:48:45.869,3526.483
17 Nov 2020 01:23:00.163,17 Nov 2020 02:21:46.004,3525.841
17 Nov 2020 02:56:00.928,17 Nov 2020 03:54:46.115,3525.187
17 Nov 2020 04:29:01.663,17 Nov 2020 05:27:46.174,3524.511
17 Nov 2020 06:02:02.409,17 Nov 2020 07:00:46.238,3523.830
17 Nov 2020 07:35:03.120,17 Nov 2020 08:33:46.255,3523.136
17 Nov 2020 09:08:03.838,17 Nov 2020 10:06:46.265,3522.426
17 Nov 2020 10:41:04.555,17 Nov 2020 11:39:46.256,3521.701
17 Nov 2020 12:14:05.257,17 Nov 2020 13:12:46.223,3520.966
17 Nov 2020 13:47:05.948,17 Nov 2020 14:45:46.167,3520.219
17 Nov 2020 15:20:06.623,17 Nov 2020 16:18:46.088,3519.465
17 Nov 2020 16:53:07.293,17 Nov 2020 17:51:45.983,3518.690
17 Nov 2020 18:26:07.943,17 Nov 2020 19:24:45.853,3517.910
17 Nov 2020 19:59:08.587,17 Nov 2020 20:57:45.698,3517.112
17 Nov 2020 21:32:09.211,17 Nov 2020 22:30:45.519,3516.308
17 Nov 2020 23:05:09.496,18 Nov 2020 00:03:44.945,3515.448
18 Nov 2020 00:38:10.100,18 Nov 2020 01:36:44.720,3514.621
18 Nov 2020 02:11:10.754,18 Nov 2020 03:09:44.572,3513.818
18 Nov 2020 03:44:11.320,18 Nov 2020 04:42:44.293,3512.973
18 Nov 2020 05:17:11.911,18 Nov 2020 06:15:44.015,3512.104
18 Nov 2020 06:50:12.432,18 Nov 2020 07:48:43.685,3511.253
18 Nov 2020 08:23:12.951,18 Nov 2020 09:21:43.318,3510.366
18 Nov 2020 09:56:13.450,18 Nov 2020 10:54:42.930,3509.481
18 Nov 2020 11:29:13.923,18 Nov 2020 12:27:42.512,3508.589
18 Nov 2020 13:02:14.378,18 Nov 2020 14:00:42.068,3507.690
18 Nov 2020 14:35:14.815,18 Nov 2020 15:33:41.598,3506.782
18 Nov 2020 16:08:15.234,18 Nov 2020 17:06:41.103,3505.868
18 Nov 2020 17:41:15.633,18 Nov 2020 18:39:40.582,3504.948
18 Nov 2020 19:14:16.100,18 Nov 2020 20:12:40.124,3504.024
18 Nov 2020 20:47:16.496,18 Nov 2020 21:45:39.589,3503.092
18 Nov 2020 22:20:16.845,18 Nov 2020 23:18:38.999,3502.154
18 Nov 2020 23:53:17.177,19 Nov 2020 00:51:38.384,3501.207
19 Nov 2020 01:26:17.485,19 Nov 2020 02:24:37.743,3500.258
19 Nov 2020 02:59:18.103,19 Nov 2020 03:57:37.427,3499.324
19 Nov 2020 04:32:18.369,19 Nov 2020 05:30:36.727,3498.358
19 Nov 2020 06:05:18.630,19 Nov 2020 07:03:36.025,3497.396
19 Nov 2020 07:38:19.843,19 Nov 2020 08:36:36.403,3496.561
19 Nov 2020 09:11:20.189,19 Nov 2020 10:09:35.773,3495.584
19 Nov 2020 10:44:20.511,19 Nov 2020 11:42:35.117,3494.606
19 Nov 2020 12:17:20.811,19 Nov 2020 13:15:34.435,3493.625
19 Nov 2020 13:50:21.088,19 Nov 2020 14:48:33.729,3492.641
19 Nov 2020 15:23:21.341,19 Nov 2020 16:21:32.998,3491.657
19 Nov 2020 16:56:21.576,19 Nov 2020 17:54:32.241,3490.665
19 Nov 2020 18:29:21.786,19 Nov 2020 19:27:31.460,3489.674
19 Nov 2020 20:02:21.971,19 Nov 2020 21:00:30.654,3488.684
19 Nov 2020 21:35:21.954,19 Nov 2020 22:33:29.592,3487.638
19 Nov 2020 23:08:22.152,20 Nov 2020 00:06:28.789,3486.637
20 Nov 2020 00:41:22.251,20 Nov 2020 01:39:27.954,3485.702
20 Nov 2020 02:14:22.334,20 Nov 2020 03:12:27.042,3484.707
20 Nov 2020 03:47:22.395,20 Nov 2020 04:45:26.243,3483.848
20 Nov 2020 05:20:22.599,20 Nov 2020 06:18:25.310,3482.711
20 Nov 2020 06:53:22.640,20 Nov 2020 07:51:24.355,3481.715
20 Nov 2020 08:26:22.658,20 Nov 2020 09:24:23.378,3480.720
20 Nov 2020 09:59:22.530,20 Nov 2020 10:57:22.292,3479.762
20 Nov 2020 11:32:22.493,20 Nov 2020 12:30:21.263,3478.770
20 Nov 2020 13:05:22.437,20 Nov 2020 14:03:20.215,3477.777
20 Nov 2020 14:38:22.357,20 Nov 2020 15:36:19.145,3476.788
20 Nov 2020 16:11:22.255,20 Nov 2020 17:09:18.140,3475.885
20 Nov 2020 17:44:22.215,20 Nov 2020 18:42:17.038,3474.823
20 Nov 2020 19:17:22.076,20 Nov 2020 20:15:15.917,3473.840
20 Nov 2020 20:50:21.916,20 Nov 2020 21:48:14.776,3472.860
20 Nov 2020 22:23:21.695,20 Nov 2020 23:21:13.571,3471.876
20 Nov 2020 23:56:21.490,21 Nov 2020 00:54:12.394,3470.904
21 Nov 2020 01:29:21.274,21 Nov 2020 02:27:11.206,3469.932
21 Nov 2020 03:02:21.026,21 Nov 2020 04:00:09.989,3468.962
21 Nov 2020 04:35:20.753,21 Nov 2020 05:33:08.753,3468.000
21 Nov 2020 06:08:20.459,21 Nov 2020 07:06:07.498,3467.039
21 Nov 2020 07:41:19.687,21 Nov 2020 08:39:05.720,3466.034
21 Nov 2020 09:14:19.265,21 Nov 2020 10:12:04.336,3465.071
21 Nov 2020 10:47:18.869,21 Nov 2020 11:45:02.987,3464.118
21 Nov 2020 12:20:18.447,21 Nov 2020 13:18:01.620,3463.172
21 Nov 2020 13:53:17.999,21 Nov 2020 14:50:59.784,3461.785
21 Nov 2020 15:26:17.104,21 Nov 2020 16:23:58.389,3461.285
21 Nov 2020 16:59:16.620,21 Nov 2020 17:56:56.920,3460.300
21 Nov 2020 18:32:16.059,21 Nov 2020 19:29:55.430,3459.372
21 Nov 2020 20:05:15.472,21 Nov 2020 21:02:53.921,3458.449
21 Nov 2020 21:38:14.856,21 Nov 2020 22:35:52.391,3457.535
21 Nov 2020 23:11:14.260,22 Nov 2020 00:08:50.891,3456.631
22 Nov 2020 00:44:13.596,22 Nov 2020 01:41:49.326,3455.730
22 Nov 2020 02:17:12.909,22 Nov 2020 03:14:47.741,3454.832
22 Nov 2020 03:50:12.229,22 Nov 2020 04:47:46.175,3453.946
22 Nov 2020 05:23:11.492,22 Nov 2020 06:20:44.559,3453.067
22 Nov 2020 06:56:10.733,22 Nov 2020 07:53:42.919,3452.186
22 Nov 2020 08:29:09.934,22 Nov 2020 09:26:41.247,3451.314
22 Nov 2020 10:02:09.120,22 Nov 2020 10:59:39.570,3450.450
22 Nov 2020 11:35:08.280,22 Nov 2020 12:32:37.874,3449.594
22 Nov 2020 13:08:07.415,22 Nov 2020 14:05:36.161,3448.746
22 Nov 2020 14:41:06.546,22 Nov 2020 15:38:34.465,3447.918
22 Nov 2020 16:14:05.636,22 Nov 2020 17:11:32.715,3447.080
22 Nov 2020 17:47:04.694,22 Nov 2020 18:44:30.949,3446.255
22 Nov 2020 19:20:03.727,22 Nov 2020 20:17:29.165,3445.438
22 Nov 2020 20:53:02.734,22 Nov 2020 21:50:27.340,3444.606
22 Nov 2020 22:26:01.688,22 Nov 2020 23:23:25.521,3443.833
22 Nov 2020 23:59:00.643,23 Nov 2020 00:56:23.706,3443.063
23 Nov 2020 01:31:59.600,23 Nov 2020 02:29:21.854,3442.254
23 Nov 2020 03:04:58.506,23 Nov 2020 04:02:19.987,3441.481
23 Nov 2020 04:37:57.387,23 Nov 2020 05:35:18.102,3440.715
23 Nov 2020 06:10:56.198,23 Nov 2020 07:08:16.162,3439.964
23 Nov 2020 07:43:55.031,23 Nov 2020 08:41:14.249,3439.218
23 Nov 2020 09:16:53.814,23 Nov 2020 10:14:12.289,3438.474
23 Nov 2020 10:49:52.594,23 Nov 2020 11:47:10.340,3437.746
23 Nov 2020 12:22:51.209,23 Nov 2020 13:20:08.205,3436.997
23 Nov 2020 13:55:49.912,23 Nov 2020 14:53:06.198,3436.286
23 Nov 2020 15:28:48.589,23 Nov 2020 16:26:04.174,3435.586
23 Nov 2020 17:01:47.239,23 Nov 2020 17:59:02.134,3434.895
23 Nov 2020 18:34:45.861,23 Nov 2020 19:32:00.077,3434.217
23 Nov 2020 20:07:44.500,23 Nov 2020 21:04:58.032,3433.531
23 Nov 2020 21:40:43.152,23 Nov 2020 22:37:56.054,3432.902
23 Nov 2020 23:13:41.718,24 Nov 2020 00:10:53.973,3432.254
24 Nov 2020 00:46:40.263,24 Nov 2020 01:43:51.877,3431.614
24 Nov 2020 02:19:38.814,24 Nov 2020 03:16:49.808,3430.994
24 Nov 2020 03:52:37.309,24 Nov 2020 04:49:47.687,3430.378
24 Nov 2020 05:25:35.780,24 Nov 2020 06:22:45.552,3429.772
24 Nov 2020 06:58:34.185,24 Nov 2020 07:55:43.355,3429.170
24 Nov 2020 08:31:32.592,24 Nov 2020 09:28:41.189,3428.597
24 Nov 2020 10:04:30.980,24 Nov 2020 11:01:39.010,3428.030
24 Nov 2020 11:37:29.350,24 Nov 2020 12:34:36.819,3427.469
24 Nov 2020 13:10:27.695,24 Nov 2020 14:07:34.615,3426.920
24 Nov 2020 14:43:26.017,24 Nov 2020 15:40:32.398,3426.382
24 Nov 2020 16:16:24.314,24 Nov 2020 17:13:30.180,3425.867
24 Nov 2020 17:49:22.601,24 Nov 2020 18:46:27.940,3425.339
24 Nov 2020 19:22:20.834,24 Nov 2020 20:19:25.645,3424.810
24 Nov 2020 20:55:19.059,24 Nov 2020 21:52:23.378,3424.319
24 Nov 2020 22:28:17.259,24 Nov 2020 23:25:21.104,3423.845
25 Nov 2020 00:01:15.437,25 Nov 2020 00:58:18.814,3423.377
25 Nov 2020 01:34:13.591,25 Nov 2020 02:31:16.508,3422.917
25 Nov 2020 03:07:11.721,25 Nov 2020 04:04:14.200,3422.479
25 Nov 2020 04:40:09.828,25 Nov 2020 05:37:11.872,3422.043
25 Nov 2020 06:13:07.920,25 Nov 2020 07:10:09.556,3421.636
25 Nov 2020 07:46:05.981,25 Nov 2020 08:43:07.207,3421.226
25 Nov 2020 09:19:04.019,25 Nov 2020 10:16:04.855,3420.836
25 Nov 2020 10:52:02.034,25 Nov 2020 11:49:02.487,3420.452
25 Nov 2020 12:25:00.027,25 Nov 2020 13:22:00.111,3420.084
25 Nov 2020 13:57:57.997,25 Nov 2020 14:54:57.727,3419.730
25 Nov 2020 15:30:55.945,25 Nov 2020 16:27:55.331,3419.386
25 Nov 2020 17:03:53.868,25 Nov 2020 18:00:52.931,3419.063
25 Nov 2020 18:36:51.771,25 Nov 2020 19:33:50.516,3418.745
25 Nov 2020 20:09:49.651,25 Nov 2020 21:06:48.090,3418.439
25 Nov 2020 21:42:47.533,25 Nov 2020 22:39:45.712,3418.179
25 Nov 2020 23:15:45.371,26 Nov 2020 00:12:43.269,3417.898
26 Nov 2020 00:48:43.251,26 Nov 2020 01:45:40.908,3417.657
26 Nov 2020 02:21:41.050,26 Nov 2020 03:18:38.454,3417.404
26 Nov 2020 03:54:38.828,26 Nov 2020 04:51:35.996,3417.168
26 Nov 2020 05:27:36.589,26 Nov 2020 06:24:33.531,3416.943
26 Nov 2020 07:00:34.322,26 Nov 2020 07:57:31.053,3416.731
26 Nov 2020 08:33:32.036,26 Nov 2020 09:30:28.570,3416.534
26 Nov 2020 10:06:29.725,26 Nov 2020 11:03:26.080,3416.355
26 Nov 2020 11:39:27.395,26 Nov 2020 12:36:23.588,3416.193
26 Nov 2020 13:12:25.045,26 Nov 2020 14:09:21.084,3416.039
26 Nov 2020 14:45:22.675,26 Nov 2020 15:42:18.600,3415.926
26 Nov 2020 16:18:20.309,26 Nov 2020 17:15:16.078,3415.769
26 Nov 2020 17:51:17.890,26 Nov 2020 18:48:13.551,3415.662
26 Nov 2020 19:24:15.458,26 Nov 2020 20:21:11.029,3415.572
26 Nov 2020 20:57:13.009,26 Nov 2020 21:54:08.496,3415.487
26 Nov 2020 22:30:10.533,26 Nov 2020 23:27:05.953,3415.419
27 Nov 2020 00:03:08.041,27 Nov 2020 01:00:03.409,3415.368
27 Nov 2020 01:36:05.542,27 Nov 2020 02:33:00.880,3415.338
27 Nov 2020 03:09:03.010,27 Nov 2020 04:05:58.331,3415.321
27 Nov 2020 04:42:00.459,27 Nov 2020 05:38:55.774,3415.315
27 Nov 2020 06:14:57.841,27 Nov 2020 07:11:53.160,3415.319
27 Nov 2020 07:47:55.236,27 Nov 2020 08:44:50.585,3415.349
27 Nov 2020 09:20:52.617,27 Nov 2020 10:17:48.010,3415.393
27 Nov 2020 10:53:49.983,27 Nov 2020 11:50:45.430,3415.447
27 Nov 2020 12:26:47.330,27 Nov 2020 13:23:42.842,3415.512
27 Nov 2020 13:59:44.658,27 Nov 2020 14:56:40.249,3415.591
27 Nov 2020 15:32:41.959,27 Nov 2020 16:29:37.632,3415.672
27 Nov 2020 17:05:39.219,27 Nov 2020 18:02:35.032,3415.813
27 Nov 2020 18:38:36.488,27 Nov 2020 19:35:32.432,3415.944
27 Nov 2020 20:11:33.737,27 Nov 2020 21:08:29.830,3416.093
27 Nov 2020 21:44:30.884,27 Nov 2020 22:41:27.136,3416.252
27 Nov 2020 23:17:28.092,28 Nov 2020 00:14:24.527,3416.435
28 Nov 2020 00:50:25.281,28 Nov 2020 01:47:21.912,3416.631
28 Nov 2020 02:23:22.396,28 Nov 2020 03:20:19.231,3416.835
28 Nov 2020 03:56:19.544,28 Nov 2020 04:53:16.611,3417.067
28 Nov 2020 05:29:16.674,28 Nov 2020 06:26:13.987,3417.312
28 Nov 2020 07:02:13.645,28 Nov 2020 07:59:11.211,3417.566
28 Nov 2020 08:35:10.730,28 Nov 2020 09:32:08.575,3417.845
28 Nov 2020 10:08:07.797,28 Nov 2020 11:05:05.938,3418.141
28 Nov 2020 11:41:04.846,28 Nov 2020 12:38:03.296,3418.450
28 Nov 2020 13:14:01.876,28 Nov 2020 14:11:00.597,3418.722
28 Nov 2020 14:46:58.822,28 Nov 2020 15:43:57.951,3419.129
28 Nov 2020 16:19:55.812,28 Nov 2020 17:16:55.305,3419.493
28 Nov 2020 17:52:52.785,28 Nov 2020 18:49:52.659,3419.874
28 Nov 2020 19:25:49.681,28 Nov 2020 20:22:49.944,3420.263
28 Nov 2020 20:58:46.615,28 Nov 2020 21:55:47.267,3420.652
28 Nov 2020 22:31:43.504,28 Nov 2020 23:28:44.610,3421.106
29 Nov 2020 00:04:40.401,29 Nov 2020 01:01:41.957,3421.556
29 Nov 2020 01:37:37.279,29 Nov 2020 02:34:39.259,3421.980
29 Nov 2020 03:10:34.110,29 Nov 2020 04:07:36.603,3422.493
29 Nov 2020 04:43:30.942,29 Nov 2020 05:40:33.947,3423.005
29 Nov 2020 06:16:27.692,29 Nov 2020 07:13:31.209,3423.517
29 Nov 2020 07:49:24.489,29 Nov 2020 08:46:28.555,3424.066
29 Nov 2020 09:22:21.268,29 Nov 2020 10:19:25.892,3424.624
29 Nov 2020 10:55:18.030,29 Nov 2020 11:52:23.240,3425.210
29 Nov 2020 12:28:14.773,29 Nov 2020 13:25:20.565,3425.792
29 Nov 2020 14:01:11.488,29 Nov 2020 14:58:17.893,3426.405
29 Nov 2020 15:34:08.157,29 Nov 2020 16:31:15.232,3427.075
29 Nov 2020 17:07:04.844,29 Nov 2020 18:04:12.578,3427.734
29 Nov 2020 18:40:01.514,29 Nov 2020 19:37:09.905,3428.391
29 Nov 2020 20:12:58.148,29 Nov 2020 21:10:07.254,3429.106
29 Nov 2020 21:45:54.783,29 Nov 2020 22:43:04.607,3429.824
29 Nov 2020 23:18:51.400,30 Nov 2020 00:16:01.962,3430.561
30 Nov 2020 00:51:48.000,30 Nov 2020 01:48:59.320,3431.319
30 Nov 2020 02:24:44.582,30 Nov 2020 03:21:56.680,3432.098
30 Nov 2020 03:57:41.148,30 Nov 2020 04:54:54.045,3432.897
30 Nov 2020 05:30:37.752,30 Nov 2020 06:27:51.462,3433.710
30 Nov 2020 07:03:34.286,30 Nov 2020 08:00:48.842,3434.556
30 Nov 2020 08:36:30.802,30 Nov 2020 09:33:46.216,3435.414
30 Nov 2020 10:09:27.302,30 Nov 2020 11:06:43.599,3436.297
30 Nov 2020 11:42:23.786,30 Nov 2020 12:39:40.991,3437.206
30 Nov 2020 13:15:20.253,30 Nov 2020 14:12:38.381,3438.127
30 Nov 2020 14:48:16.701,30 Nov 2020 15:45:35.786,3439.084
30 Nov 2020 16:21:13.136,30 Nov 2020 17:18:33.190,3440.054
30 Nov 2020 17:54:09.555,30 Nov 2020 18:51:30.595,3441.040
30 Nov 2020 19:27:05.955,30 Nov 2020 20:24:28.011,3442.056
30 Nov 2020 21:00:02.339,30 Nov 2020 21:57:25.564,3443.225
30 Nov 2020 22:32:58.833,30 Nov 2020 23:30:23.000,3444.167
1 Dec 2020 00:05:55.191,1 Dec 2020 01:03:20.443,3445.252
1 Dec 2020 01:38:51.551,1 Dec 2020 02:36:17.912,3446.361
1 Dec 2020 03:11:47.877,1 Dec 2020 04:09:15.370,3447.493
1 Dec 2020 04:44:44.187,1 Dec 2020 05:42:12.837,3448.650
1 Dec 2020 06:17:40.492,1 Dec 2020 07:15:10.319,3449.827
1 Dec 2020 07:50:36.771,1 Dec 2020 08:48:07.803,3451.032
1 Dec 2020 09:23:33.035,1 Dec 2020 10:21:05.297,3452.262
1 Dec 2020 10:56:29.283,1 Dec 2020 11:54:02.800,3453.516
1 Dec 2020 12:29:25.515,1 Dec 2020 13:27:00.360,3454.845
1 Dec 2020 14:02:21.782,1 Dec 2020 14:59:57.884,3456.102
1 Dec 2020 15:35:17.985,1 Dec 2020 16:32:55.385,3457.401
1 Dec 2020 17:08:14.139,1 Dec 2020 18:05:52.928,3458.790
1 Dec 2020 18:41:10.309,1 Dec 2020 19:38:50.482,3460.173
1 Dec 2020 20:14:06.463,1 Dec 2020 21:11:48.047,3461.583
1 Dec 2020 21:47:02.640,1 Dec 2020 22:44:45.666,3463.026
1 Dec 2020 23:19:58.766,2 Dec 2020 00:17:43.256,3464.490
2 Dec 2020 00:52:54.876,2 Dec 2020 01:50:40.858,3465.982
2 Dec 2020 02:25:50.971,2 Dec 2020 03:23:38.473,3467.502
2 Dec 2020 03:58:47.051,2 Dec 2020 04:56:36.100,3469.049
2 Dec 2020 05:31:43.087,2 Dec 2020 06:29:33.705,3470.618
2 Dec 2020 07:04:39.135,2 Dec 2020 08:02:31.358,3472.223
2 Dec 2020 08:37:35.167,2 Dec 2020 09:35:29.024,3473.857
2 Dec 2020 10:10:31.184,2 Dec 2020 11:08:26.704,3475.520
2 Dec 2020 11:43:27.185,2 Dec 2020 12:41:24.399,3477.214
2 Dec 2020 13:16:23.174,2 Dec 2020 14:14:22.108,3478.934
2 Dec 2020 14:49:19.145,2 Dec 2020 15:47:19.810,3480.666
2 Dec 2020 16:22:15.079,2 Dec 2020 17:20:17.549,3482.470
2 Dec 2020 17:55:11.017,2 Dec 2020 18:53:15.304,3484.287
2 Dec 2020 19:28:06.940,2 Dec 2020 20:26:13.077,3486.137
2 Dec 2020 21:01:02.848,2 Dec 2020 21:59:10.984,3488.136
2 Dec 2020 22:33:58.866,2 Dec 2020 23:32:08.798,3489.932
3 Dec 2020 00:06:54.750,3 Dec 2020 01:05:06.625,3491.875
3 Dec 2020 01:39:50.616,3 Dec 2020 02:38:04.473,3493.857
3 Dec 2020 03:12:46.473,3 Dec 2020 04:11:02.339,3495.866
3 Dec 2020 04:45:42.308,3 Dec 2020 05:44:00.224,3497.917
3 Dec 2020 06:18:38.132,3 Dec 2020 07:16:58.128,3499.996
3 Dec 2020 07:51:33.937,3 Dec 2020 08:49:56.053,3502.116
3 Dec 2020 09:24:29.733,3 Dec 2020 10:22:53.999,3504.266
3 Dec 2020 10:57:25.509,3 Dec 2020 11:55:51.965,3506.455
3 Dec 2020 12:30:21.271,3 Dec 2020 13:28:49.955,3508.683
3 Dec 2020 14:03:17.017,3 Dec 2020 15:01:47.964,3510.947
3 Dec 2020 15:36:12.752,3 Dec 2020 16:34:45.995,3513.244
3 Dec 2020 17:09:08.467,3 Dec 2020 18:07:44.050,3515.583
3 Dec 2020 18:42:04.167,3 Dec 2020 19:40:42.128,3517.961
3 Dec 2020 20:14:59.852,3 Dec 2020 21:13:40.230,3520.378
3 Dec 2020 21:47:55.519,3 Dec 2020 22:46:38.357,3522.838
3 Dec 2020 23:20:51.176,4 Dec 2020 00:19:36.511,3525.334
4 Dec 2020 00:53:46.812,4 Dec 2020 01:52:34.688,3527.876
4 Dec 2020 02:26:42.438,4 Dec 2020 03:25:32.891,3530.453
4 Dec 2020 03:59:38.042,4 Dec 2020 04:58:31.121,3533.079
4 Dec 2020 05:32:33.637,4 Dec 2020 06:31:29.378,3535.741
4 Dec 2020 07:05:29.212,4 Dec 2020 08:04:27.663,3538.451
4 Dec 2020 08:38:24.772,4 Dec 2020 09:37:25.977,3541.204
4 Dec 2020 10:11:20.314,4 Dec 2020 11:10:24.320,3544.005
4 Dec 2020 11:44:15.843,4 Dec 2020 12:43:22.692,3546.850
4 Dec 2020 13:17:11.355,4 Dec 2020 14:16:21.095,3549.740
4 Dec 2020 14:50:06.851,4 Dec 2020 15:49:19.529,3552.678
4 Dec 2020 16:23:02.332,4 Dec 2020 17:22:17.995,3555.663
4 Dec 2020 17:55:57.796,4 Dec 2020 18:55:16.494,3558.698
4 Dec 2020 19:28:53.244,4 Dec 2020 20:28:15.025,3561.782
4 Dec 2020 21:01:48.677,4 Dec 2020 22:01:14.383,3565.706
4 Dec 2020 22:34:44.897,4 Dec 2020 23:34:13.015,3568.118
5 Dec 2020 00:07:40.327,5 Dec 2020 01:07:11.683,3571.356
5 Dec 2020 01:40:35.742,5 Dec 2020 02:40:10.388,3574.646
5 Dec 2020 03:13:31.206,5 Dec 2020 04:13:09.193,3577.987
5 Dec 2020 04:46:26.607,5 Dec 2020 05:46:07.986,3581.380
5 Dec 2020 06:19:21.978,5 Dec 2020 07:19:06.810,3584.832
5 Dec 2020 07:52:17.330,5 Dec 2020 08:52:05.676,3588.346
5 Dec 2020 09:25:12.726,5 Dec 2020 10:25:04.649,3591.923
5 Dec 2020 10:58:08.051,5 Dec 2020 11:58:03.602,3595.551
5 Dec 2020 12:31:03.359,5 Dec 2020 13:31:02.676,3599.317
5 Dec 2020 14:03:58.761,5 Dec 2020 15:04:01.721,3602.959
5 Dec 2020 15:36:54.040,5 Dec 2020 16:37:00.767,3606.727
5 Dec 2020 17:09:49.261,5 Dec 2020 18:09:59.898,3610.638
5 Dec 2020 18:42:44.501,5 Dec 2020 19:42:59.076,3614.575
5 Dec 2020 20:15:39.727,5 Dec 2020 21:15:58.302,3618.576
5 Dec 2020 21:48:34.932,5 Dec 2020 22:48:57.605,3622.673
5 Dec 2020 23:21:30.128,6 Dec 2020 00:21:56.930,3626.803
6 Dec 2020 00:54:25.298,6 Dec 2020 01:54:56.307,3631.009
6 Dec 2020 02:27:20.449,6 Dec 2020 03:27:55.736,3635.288
6 Dec 2020 04:00:15.499,6 Dec 2020 05:00:55.118,3639.619
6 Dec 2020 05:33:10.612,6 Dec 2020 06:33:54.651,3644.038
6 Dec 2020 07:06:05.705,6 Dec 2020 08:06:54.242,3648.537
6 Dec 2020 08:39:00.779,6 Dec 2020 09:39:53.965,3653.186
6 Dec 2020 10:11:55.918,6 Dec 2020 11:12:53.669,3657.751
6 Dec 2020 11:44:50.956,6 Dec 2020 12:45:53.437,3662.481
6 Dec 2020 13:17:45.973,6 Dec 2020 14:18:53.229,3667.255
6 Dec 2020 14:50:40.940,6 Dec 2020 15:51:53.121,3672.181
6 Dec 2020 16:23:35.916,6 Dec 2020 17:24:53.073,3677.157
6 Dec 2020 17:56:30.871,6 Dec 2020 18:57:53.091,3682.219
6 Dec 2020 19:29:25.806,6 Dec 2020 20:30:53.175,3687.369
6 Dec 2020 21:02:20.722,6 Dec 2020 22:03:53.327,3692.605
6 Dec 2020 22:35:15.654,6 Dec 2020 23:36:53.591,3697.937
7 Dec 2020 00:08:10.528,7 Dec 2020 01:09:53.887,3703.359
7 Dec 2020 01:41:05.382,7 Dec 2020 02:42:54.254,3708.873
7 Dec 2020 03:14:00.206,7 Dec 2020 04:15:54.696,3714.490
7 Dec 2020 04:46:54.992,7 Dec 2020 05:48:55.199,3720.207
7 Dec 2020 06:19:49.769,7 Dec 2020 07:21:55.795,3726.026
7 Dec 2020 07:52:44.525,7 Dec 2020 08:54:56.476,3731.951
7 Dec 2020 09:25:39.253,7 Dec 2020 10:27:57.235,3737.982
7 Dec 2020 10:58:33.957,7 Dec 2020 12:00:58.075,3744.118
7 Dec 2020 12:31:28.635,7 Dec 2020 13:33:58.999,3750.364
7 Dec 2020 14:04:23.288,7 Dec 2020 15:07:00.015,3756.727
7 Dec 2020 15:37:17.914,7 Dec 2020 16:40:01.187,3763.273
7 Dec 2020 17:10:12.584,7 Dec 2020 18:13:02.390,3769.806
7 Dec 2020 18:43:07.160,7 Dec 2020 19:46:03.693,3776.533
7 Dec 2020 20:16:01.708,7 Dec 2020 21:19:05.089,3783.381
7 Dec 2020 21:48:56.227,7 Dec 2020 22:52:06.652,3790.425
7 Dec 2020 23:21:50.780,8 Dec 2020 00:25:08.257,3797.478
8 Dec 2020 00:54:45.242,8 Dec 2020 01:58:09.962,3804.720
8 Dec 2020 02:27:39.699,8 Dec 2020 03:31:11.802,3812.102
8 Dec 2020 04:00:34.101,8 Dec 2020 05:04:13.729,3819.628
8 Dec 2020 05:33:28.520,8 Dec 2020 06:37:15.832,3827.312
8 Dec 2020 07:06:22.861,8 Dec 2020 08:10:17.988,3835.127
8 Dec 2020 08:39:17.165,8 Dec 2020 09:43:20.267,3843.102
8 Dec 2020 10:12:11.434,8 Dec 2020 11:16:22.667,3851.234
8 Dec 2020 11:45:05.667,8 Dec 2020 12:49:25.198,3859.532
8 Dec 2020 13:17:59.864,8 Dec 2020 14:22:27.856,3867.992
8 Dec 2020 14:50:54.022,8 Dec 2020 15:55:30.644,3876.622
8 Dec 2020 16:23:48.140,8 Dec 2020 17:28:33.607,3885.467
8 Dec 2020 17:56:42.270,8 Dec 2020 19:01:36.676,3894.406
8 Dec 2020 19:29:36.309,8 Dec 2020 20:34:39.884,3903.575
8 Dec 2020 21:02:30.301,8 Dec 2020 22:07:43.243,3912.942
8 Dec 2020 22:35:24.256,8 Dec 2020 23:40:46.750,3922.493
9 Dec 2020 00:08:18.157,9 Dec 2020 01:13:50.415,3932.258
9 Dec 2020 01:41:12.015,9 Dec 2020 02:46:54.242,3942.227
9 Dec 2020 03:14:05.823,9 Dec 2020 04:19:58.233,3952.410
9 Dec 2020 04:46:59.581,9 Dec 2020 05:53:02.400,3962.819
9 Dec 2020 06:19:53.286,9 Dec 2020 07:26:06.732,3973.447
9 Dec 2020 07:52:46.936,9 Dec 2020 08:59:11.250,3984.314
9 Dec 2020 09:25:40.530,9 Dec 2020 10:32:15.954,3995.424
9 Dec 2020 10:58:34.064,9 Dec 2020 12:05:20.849,4006.784
9 Dec 2020 12:31:27.538,9 Dec 2020 13:38:25.980,4018.442
9 Dec 2020 14:04:20.993,9 Dec 2020 15:11:31.280,4030.287
9 Dec 2020 15:37:14.340,9 Dec 2020 16:44:36.790,4042.450
9 Dec 2020 17:10:07.623,9 Dec 2020 18:17:42.534,4054.911
9 Dec 2020 18:43:00.841,9 Dec 2020 19:50:48.491,4067.650
9 Dec 2020 20:15:53.972,9 Dec 2020 21:23:54.671,4080.699
9 Dec 2020 21:48:47.026,9 Dec 2020 22:57:01.117,4094.092
9 Dec 2020 23:21:40.022,10 Dec 2020 00:30:07.789,4107.767
10 Dec 2020 00:54:32.908,10 Dec 2020 02:03:14.693,4121.785
10 Dec 2020 02:27:25.644,10 Dec 2020 03:36:21.887,4136.243
10 Dec 2020 04:00:18.344,10 Dec 2020 05:09:29.356,4151.012
10 Dec 2020 05:33:10.944,10 Dec 2020 06:42:37.113,4166.169
10 Dec 2020 07:06:03.441,10 Dec 2020 08:15:45.133,4181.692
10 Dec 2020 08:38:55.835,10 Dec 2020 09:48:53.485,4197.650
10 Dec 2020 10:11:48.105,10 Dec 2020 11:22:02.163,4214.057
10 Dec 2020 11:44:40.253,10 Dec 2020 12:55:11.165,4230.912
10 Dec 2020 13:17:32.271,10 Dec 2020 14:28:20.438,4248.166
10 Dec 2020 14:50:24.121,10 Dec 2020 16:01:30.143,4266.022
10 Dec 2020 16:23:15.854,10 Dec 2020 17:34:40.222,4284.369
10 Dec 2020 17:56:07.428,10 Dec 2020 19:07:50.692,4303.265
10 Dec 2020 19:28:58.843,10 Dec 2020 20:41:01.573,4322.730
10 Dec 2020 21:01:50.151,10 Dec 2020 22:14:12.897,4342.746
10 Dec 2020 22:34:41.199,10 Dec 2020 23:47:24.646,4363.447
11 Dec 2020 00:07:32.048,11 Dec 2020 01:20:36.870,4384.823
11 Dec 2020 01:40:22.678,11 Dec 2020 02:53:49.588,4406.911
11 Dec 2020 03:13:13.066,11 Dec 2020 04:27:02.829,4429.763
11 Dec 2020 04:46:03.209,11 Dec 2020 06:00:16.618,4453.409
11 Dec 2020 06:18:53.074,11 Dec 2020 07:33:30.991,4477.917
11 Dec 2020 07:51:42.632,11 Dec 2020 09:06:45.954,4503.322
11 Dec 2020 09:24:31.863,11 Dec 2020 10:40:01.604,4529.742
11 Dec 2020 10:57:20.737,11 Dec 2020 12:13:17.958,4557.221
11 Dec 2020 12:30:09.214,11 Dec 2020 13:46:34.906,4585.692
11 Dec 2020 14:02:57.238,11 Dec 2020 15:19:52.831,4615.593
11 Dec 2020 15:35:44.783,11 Dec 2020 16:53:11.665,4646.882
11 Dec 2020 17:08:31.746,11 Dec 2020 18:26:31.441,4679.695
11 Dec 2020 18:41:18.113,11 Dec 2020 19:59:52.286,4714.173
11 Dec 2020 20:14:03.773,11 Dec 2020 21:33:14.321,4750.548
11 Dec 2020 21:46:48.828,11 Dec 2020 23:06:37.650,4788.822
11 Dec 2020 23:19:32.727,12 Dec 2020 00:40:02.526,4829.799
12 Dec 2020 00:52:15.486,12 Dec 2020 02:13:29.167,4873.682
12 Dec 2020 02:24:56.881,12 Dec 2020 03:46:57.909,4921.028
12 Dec 2020 03:57:36.584,12 Dec 2020 05:20:29.207,4972.624
12 Dec 2020 05:30:14.331,12 Dec 2020 06:54:03.819,5029.489
12 Dec 2020 07:02:49.023,12 Dec 2020 08:27:42.926,5093.904
12 Dec 2020 08:35:19.664,12 Dec 2020 10:01:28.907,5169.243
12 Dec 2020 10:07:43.963,12 Dec 2020 11:35:27.547,5263.584
12 Dec 2020 11:39:56.003,12 Dec 2020 13:10:20.604,5424.601
12 Dec 2020 13:11:14.106,14 Dec 2020 13:40:38.191,174564.085
14 Dec 2020 13:49:56.789,14 Dec 2020 15:06:46.118,4609.328
14 Dec 2020 15:18:32.756,14 Dec 2020 17:37:28.549,8335.794
14 Dec 2020 17:52:46.074,17 Dec 2020 20:30:56.144,268690.071
17 Dec 2020 20:34:41.290,17 Dec 2020 22:03:01.510,5300.220
17 Dec 2020 22:08:46.644,17 Dec 2020 23:35:22.928,5196.285
17 Dec 2020 23:42:35.457,18 Dec 2020 01:07:51.901,5116.444
18 Dec 2020 01:16:16.251,18 Dec 2020 02:40:25.471,5049.220
18 Dec 2020 02:49:51.998,18 Dec 2020 04:13:02.205,4990.207
18 Dec 2020 04:23:24.153,18 Dec 2020 05:45:41.390,4937.237
18 Dec 2020 05:56:53.249,18 Dec 2020 07:18:22.256,4889.007
18 Dec 2020 07:30:20.424,18 Dec 2020 08:51:04.578,4844.154
18 Dec 2020 09:03:45.746,18 Dec 2020 10:23:48.097,4802.351
18 Dec 2020 10:37:09.484,18 Dec 2020 11:56:32.391,4762.908
18 Dec 2020 12:10:31.741,18 Dec 2020 13:29:17.867,4726.127
18 Dec 2020 13:43:52.910,18 Dec 2020 15:02:03.987,4691.077
18 Dec 2020 15:17:12.928,18 Dec 2020 16:34:50.749,4657.821
18 Dec 2020 16:50:31.944,18 Dec 2020 18:07:38.083,4626.139
18 Dec 2020 18:23:50.051,18 Dec 2020 19:40:25.924,4595.872
18 Dec 2020 19:57:07.324,18 Dec 2020 21:13:14.183,4566.858
18 Dec 2020 21:30:23.813,18 Dec 2020 22:46:02.882,4539.069
18 Dec 2020 23:03:39.618,19 Dec 2020 00:18:51.946,4512.328
19 Dec 2020 00:36:54.720,19 Dec 2020 01:51:41.348,4486.628
19 Dec 2020 02:10:09.190,19 Dec 2020 03:24:31.055,4461.866
19 Dec 2020 03:43:23.066,19 Dec 2020 04:57:21.044,4437.978
19 Dec 2020 05:16:36.382,19 Dec 2020 06:30:11.328,4414.946
19 Dec 2020 06:49:49.150,19 Dec 2020 08:03:01.814,4392.664
19 Dec 2020 08:23:01.435,19 Dec 2020 09:35:52.522,4371.087
19 Dec 2020 09:56:13.242,19 Dec 2020 11:08:43.385,4350.143
19 Dec 2020 11:29:24.463,19 Dec 2020 12:41:34.488,4330.024
19 Dec 2020 13:02:35.381,19 Dec 2020 14:14:25.878,4310.497
19 Dec 2020 14:35:45.963,19 Dec 2020 15:47:17.328,4291.365
19 Dec 2020 16:08:56.067,19 Dec 2020 17:20:08.933,4272.866
19 Dec 2020 17:42:05.796,19 Dec 2020 18:53:00.686,4254.890
19 Dec 2020 19:15:15.160,19 Dec 2020 20:25:52.550,4237.390
19 Dec 2020 20:48:24.078,19 Dec 2020 21:58:44.597,4220.519
19 Dec 2020 22:21:32.791,19 Dec 2020 23:31:36.743,4203.952
19 Dec 2020 23:54:41.141,20 Dec 2020 01:04:29.003,4187.862
20 Dec 2020 01:27:49.187,20 Dec 2020 02:37:21.374,4172.187
20 Dec 2020 03:00:56.931,20 Dec 2020 04:10:13.838,4156.906
20 Dec 2020 04:34:04.330,20 Dec 2020 05:43:06.414,4142.084
20 Dec 2020 06:07:11.510,20 Dec 2020 07:15:59.085,4127.576
20 Dec 2020 07:40:18.420,20 Dec 2020 08:48:51.865,4113.445
20 Dec 2020 09:13:25.132,20 Dec 2020 10:21:44.710,4099.578
20 Dec 2020 10:46:31.529,20 Dec 2020 11:54:37.638,4086.109
20 Dec 2020 12:19:37.682,20 Dec 2020 13:27:30.643,4072.962
20 Dec 2020 13:52:43.599,20 Dec 2020 15:00:23.756,4060.156
20 Dec 2020 15:25:49.310,20 Dec 2020 16:33:16.907,4047.596
20 Dec 2020 16:58:54.783,20 Dec 2020 18:06:10.127,4035.344
20 Dec 2020 18:31:59.996,20 Dec 2020 19:39:03.418,4023.422
20 Dec 2020 20:05:05.048,20 Dec 2020 21:11:56.767,4011.720
20 Dec 2020 21:38:09.913,20 Dec 2020 22:44:50.170,4000.257
20 Dec 2020 23:11:14.571,21 Dec 2020 00:17:43.636,3989.065
21 Dec 2020 00:44:19.034,21 Dec 2020 01:50:37.159,3978.125
21 Dec 2020 02:17:23.311,21 Dec 2020 03:23:30.731,3967.420
21 Dec 2020 03:50:27.415,21 Dec 2020 04:56:24.358,3956.943
21 Dec 2020 05:23:31.340,21 Dec 2020 06:29:18.048,3946.708
21 Dec 2020 06:56:35.102,21 Dec 2020 08:02:11.752,3936.650
21 Dec 2020 08:29:38.674,21 Dec 2020 09:35:05.525,3926.851
21 Dec 2020 10:02:42.113,21 Dec 2020 11:07:59.342,3917.229
21 Dec 2020 11:35:45.396,21 Dec 2020 12:40:53.199,3907.802
21 Dec 2020 13:08:48.529,21 Dec 2020 14:13:47.051,3898.522
21 Dec 2020 14:41:51.475,21 Dec 2020 15:46:40.990,3889.516
21 Dec 2020 16:14:54.316,21 Dec 2020 17:19:34.916,3880.600
21 Dec 2020 17:47:56.950,21 Dec 2020 18:52:28.930,3871.979
21 Dec 2020 19:20:59.516,21 Dec 2020 20:25:22.981,3863.465
21 Dec 2020 20:54:01.949,21 Dec 2020 21:58:17.047,3855.098
21 Dec 2020 22:27:04.230,21 Dec 2020 23:31:11.166,3846.937
22 Dec 2020 00:00:06.406,22 Dec 2020 01:04:05.323,3838.917
22 Dec 2020 01:33:08.462,22 Dec 2020 02:36:59.505,3831.043
22 Dec 2020 03:06:10.401,22 Dec 2020 04:09:53.722,3823.321
22 Dec 2020 04:39:12.226,22 Dec 2020 05:42:47.970,3815.744
22 Dec 2020 06:12:13.931,22 Dec 2020 07:15:42.249,3808.317
22 Dec 2020 07:45:15.533,22 Dec 2020 08:48:36.556,3801.023
22 Dec 2020 09:18:17.024,22 Dec 2020 10:21:30.895,3793.871
22 Dec 2020 10:51:18.412,22 Dec 2020 11:54:25.216,3786.804
22 Dec 2020 12:24:19.610,22 Dec 2020 13:27:19.606,3779.996
22 Dec 2020 13:57:20.791,22 Dec 2020 15:00:14.012,3773.221
22 Dec 2020 15:30:21.872,22 Dec 2020 16:33:08.452,3766.580
22 Dec 2020 17:03:22.859,22 Dec 2020 18:06:02.870,3760.011
22 Dec 2020 18:36:23.713,22 Dec 2020 19:38:57.356,3753.643
22 Dec 2020 20:09:24.512,22 Dec 2020 21:11:51.863,3747.351
22 Dec 2020 21:42:25.223,22 Dec 2020 22:44:46.384,3741.161
22 Dec 2020 23:15:25.844,23 Dec 2020 00:17:40.938,3735.094
23 Dec 2020 00:48:26.382,23 Dec 2020 01:50:35.515,3729.134
23 Dec 2020 02:21:26.836,23 Dec 2020 03:23:30.114,3723.278
23 Dec 2020 03:54:27.210,23 Dec 2020 04:56:24.733,3717.523
23 Dec 2020 05:27:27.502,23 Dec 2020 06:29:19.365,3711.863
23 Dec 2020 07:00:27.698,23 Dec 2020 08:02:14.026,3706.328
23 Dec 2020 08:33:27.835,23 Dec 2020 09:35:08.709,3700.874
23 Dec 2020 10:06:27.904,23 Dec 2020 11:08:03.410,3695.507
23 Dec 2020 11:39:27.898,23 Dec 2020 12:40:58.175,3690.277
23 Dec 2020 13:12:27.859,23 Dec 2020 14:13:52.940,3685.081
23 Dec 2020 14:45:27.740,23 Dec 2020 15:46:47.704,3679.964
23 Dec 2020 16:18:27.531,23 Dec 2020 17:19:42.456,3674.925
23 Dec 2020 17:51:27.222,23 Dec 2020 18:52:37.252,3670.029
23 Dec 2020 19:24:26.878,23 Dec 2020 20:25:32.066,3665.188
23 Dec 2020 20:57:26.470,23 Dec 2020 21:58:26.905,3660.435
23 Dec 2020 22:30:25.996,23 Dec 2020 23:31:21.753,3655.757
24 Dec 2020 00:03:25.465,24 Dec 2020 01:04:16.619,3651.155
24 Dec 2020 01:36:24.877,24 Dec 2020 02:37:11.500,3646.623
24 Dec 2020 03:09:24.222,24 Dec 2020 04:10:06.400,3642.178
24 Dec 2020 04:42:23.515,24 Dec 2020 05:43:01.315,3637.801
24 Dec 2020 06:15:22.750,24 Dec 2020 07:15:56.247,3633.497
24 Dec 2020 07:48:21.932,24 Dec 2020 08:48:51.195,3629.262
24 Dec 2020 09:21:21.061,24 Dec 2020 10:21:46.159,3625.098
24 Dec 2020 10:54:20.137,24 Dec 2020 11:54:41.138,3621.001
24 Dec 2020 12:27:19.161,24 Dec 2020 13:27:36.130,3616.968
24 Dec 2020 14:00:18.137,24 Dec 2020 15:00:31.300,3613.163
24 Dec 2020 15:33:17.210,24 Dec 2020 16:33:26.332,3609.123
24 Dec 2020 17:06:16.093,24 Dec 2020 18:06:21.380,3605.286
24 Dec 2020 18:39:14.930,24 Dec 2020 19:39:16.443,3601.513
24 Dec 2020 20:12:13.721,24 Dec 2020 21:12:11.520,3597.798
24 Dec 2020 21:45:12.463,24 Dec 2020 22:45:06.611,3594.148
24 Dec 2020 23:18:11.164,25 Dec 2020 00:18:01.717,3590.553
25 Dec 2020 00:51:09.822,25 Dec 2020 01:50:56.837,3587.015
25 Dec 2020 02:24:08.435,25 Dec 2020 03:23:51.971,3583.535
25 Dec 2020 03:57:07.004,25 Dec 2020 04:56:47.119,3580.115
25 Dec 2020 05:30:05.538,25 Dec 2020 06:29:42.336,3576.798
25 Dec 2020 07:03:04.061,25 Dec 2020 08:02:37.515,3573.453
25 Dec 2020 08:36:02.512,25 Dec 2020 09:35:32.707,3570.194
25 Dec 2020 10:09:00.931,25 Dec 2020 11:08:27.913,3566.982
25 Dec 2020 11:41:59.308,25 Dec 2020 12:41:23.132,3563.823
25 Dec 2020 13:14:57.649,25 Dec 2020 14:14:18.384,3560.735
25 Dec 2020 14:47:55.987,25 Dec 2020 15:47:13.646,3557.659
25 Dec 2020 16:20:54.253,25 Dec 2020 17:20:08.901,3554.648
25 Dec 2020 17:53:52.485,25 Dec 2020 18:53:04.175,3551.690
25 Dec 2020 19:26:50.681,25 Dec 2020 20:25:59.467,3548.785
25 Dec 2020 20:59:48.848,25 Dec 2020 21:58:54.766,3545.917
25 Dec 2020 22:32:46.982,25 Dec 2020 23:31:50.078,3543.096
26 Dec 2020 00:05:45.083,26 Dec 2020 01:04:45.403,3540.320
26 Dec 2020 01:38:43.149,26 Dec 2020 02:37:40.740,3537.591
26 Dec 2020 03:11:41.190,26 Dec 2020 04:10:36.091,3534.901
26 Dec 2020 04:44:39.198,26 Dec 2020 05:43:31.433,3532.235
26 Dec 2020 06:17:37.144,26 Dec 2020 07:16:26.808,3529.664
26 Dec 2020 07:50:35.093,26 Dec 2020 08:49:22.196,3527.103
26 Dec 2020 09:23:33.016,26 Dec 2020 10:22:17.624,3524.608
26 Dec 2020 10:56:30.935,26 Dec 2020 11:55:13.038,3522.104
26 Dec 2020 12:29:28.800,26 Dec 2020 13:28:08.465,3519.664
26 Dec 2020 14:02:26.642,26 Dec 2020 15:01:03.967,3517.325
26 Dec 2020 15:35:24.508,26 Dec 2020 16:33:59.420,3514.912
26 Dec 2020 17:08:22.296,26 Dec 2020 18:06:54.886,3512.590
26 Dec 2020 18:41:20.059,26 Dec 2020 19:39:50.365,3510.306
26 Dec 2020 20:14:17.790,26 Dec 2020 21:12:45.856,3508.066
26 Dec 2020 21:47:15.505,26 Dec 2020 22:45:41.358,3505.853
26 Dec 2020 23:20:13.194,27 Dec 2020 00:18:36.873,3503.679
27 Dec 2020 00:53:10.859,27 Dec 2020 01:51:32.399,3501.540
27 Dec 2020 02:26:08.501,27 Dec 2020 03:24:27.938,3499.437
27 Dec 2020 03:59:06.121,27 Dec 2020 04:57:23.489,3497.368
27 Dec 2020 05:32:03.721,27 Dec 2020 06:30:19.060,3495.339
27 Dec 2020 07:05:01.303,27 Dec 2020 08:03:14.636,3493.333
27 Dec 2020 08:37:58.859,27 Dec 2020 09:36:10.322,3491.463
27 Dec 2020 10:10:56.484,27 Dec 2020 11:09:05.926,3489.442
27 Dec 2020 11:43:54.003,27 Dec 2020 12:42:01.543,3487.540
27 Dec 2020 13:16:51.501,27 Dec 2020 14:14:57.284,3485.782
27 Dec 2020 14:49:49.077,27 Dec 2020 15:47:52.916,3483.840
27 Dec 2020 16:22:46.541,27 Dec 2020 17:20:48.583,3482.042
27 Dec 2020 17:55:43.992,27 Dec 2020 18:53:44.253,3480.261
27 Dec 2020 19:28:41.420,27 Dec 2020 20:26:39.940,3478.519
27 Dec 2020 21:01:38.837,27 Dec 2020 21:59:35.634,3476.797
27 Dec 2020 22:34:36.231,27 Dec 2020 23:32:31.343,3475.112
28 Dec 2020 00:07:33.609,28 Dec 2020 01:05:27.065,3473.456
28 Dec 2020 01:40:30.968,28 Dec 2020 02:38:22.800,3471.832
28 Dec 2020 03:13:28.320,28 Dec 2020 04:11:18.562,3470.242
28 Dec 2020 04:46:25.645,28 Dec 2020 05:44:14.318,3468.672
28 Dec 2020 06:19:22.959,28 Dec 2020 07:17:10.090,3467.131
28 Dec 2020 07:52:20.258,28 Dec 2020 08:50:05.876,3465.617
28 Dec 2020 09:25:17.543,28 Dec 2020 10:23:01.674,3464.131
28 Dec 2020 10:58:14.896,28 Dec 2020 11:55:57.575,3462.678
28 Dec 2020 12:31:12.165,28 Dec 2020 13:28:53.404,3461.238
28 Dec 2020 14:04:09.413,28 Dec 2020 15:01:49.233,3459.821
28 Dec 2020 15:37:06.633,28 Dec 2020 16:34:45.088,3458.455
28 Dec 2020 17:10:03.854,28 Dec 2020 18:07:40.955,3457.101
28 Dec 2020 18:43:01.062,28 Dec 2020 19:40:36.872,3455.810
28 Dec 2020 20:15:58.277,28 Dec 2020 21:13:32.767,3454.490
28 Dec 2020 21:48:55.464,28 Dec 2020 22:46:28.674,3453.210
28 Dec 2020 23:21:52.636,29 Dec 2020 00:19:24.595,3451.959
29 Dec 2020 00:54:49.800,29 Dec 2020 01:52:20.503,3450.703
29 Dec 2020 02:27:46.924,29 Dec 2020 03:25:16.447,3449.523
29 Dec 2020 04:00:44.061,29 Dec 2020 04:58:12.404,3448.343
29 Dec 2020 05:33:41.188,29 Dec 2020 06:31:08.374,3447.186
29 Dec 2020 07:06:38.294,29 Dec 2020 08:04:04.357,3446.063
29 Dec 2020 08:39:35.402,29 Dec 2020 09:37:00.354,3444.952
29 Dec 2020 10:12:32.500,29 Dec 2020 11:09:56.366,3443.866
29 Dec 2020 11:45:29.589,29 Dec 2020 12:42:52.391,3442.802
29 Dec 2020 13:18:26.668,29 Dec 2020 14:15:48.430,3441.762
29 Dec 2020 14:51:23.739,29 Dec 2020 15:48:44.482,3440.743
29 Dec 2020 16:24:20.801,29 Dec 2020 17:21:40.449,3439.648
29 Dec 2020 17:57:17.751,29 Dec 2020 18:54:36.522,3438.771
29 Dec 2020 19:30:14.790,29 Dec 2020 20:27:32.609,3437.819
29 Dec 2020 21:03:11.822,29 Dec 2020 22:00:28.709,3436.888
29 Dec 2020 22:36:08.846,29 Dec 2020 23:33:24.824,3435.978
30 Dec 2020 00:09:05.862,30 Dec 2020 01:06:20.952,3435.089
30 Dec 2020 01:42:02.871,30 Dec 2020 02:39:17.093,3434.222
30 Dec 2020 03:14:59.874,30 Dec 2020 04:12:13.249,3433.375
30 Dec 2020 04:47:56.869,30 Dec 2020 05:45:09.418,3432.549
30 Dec 2020 06:20:53.816,30 Dec 2020 07:18:05.554,3431.739
30 Dec 2020 07:53:50.796,30 Dec 2020 08:51:01.749,3430.953
30 Dec 2020 09:26:47.770,30 Dec 2020 10:23:57.960,3430.189
30 Dec 2020 10:59:44.738,30 Dec 2020 11:56:54.113,3429.375
30 Dec 2020 12:32:41.623,30 Dec 2020 13:29:50.346,3428.723
30 Dec 2020 14:05:38.555,30 Dec 2020 15:02:46.572,3428.017
30 Dec 2020 15:38:35.502,30 Dec 2020 16:35:42.834,3427.332
30 Dec 2020 17:11:32.443,30 Dec 2020 18:08:39.059,3426.616
30 Dec 2020 18:44:29.327,30 Dec 2020 19:41:35.343,3426.016
30 Dec 2020 20:17:26.256,30 Dec 2020 21:14:31.646,3425.390
30 Dec 2020 21:50:23.179,30 Dec 2020 22:47:27.953,3424.774
30 Dec 2020 23:23:20.099,31 Dec 2020 00:20:24.279,3424.181
31 Dec 2020 00:56:17.014,31 Dec 2020 01:53:20.625,3423.611
31 Dec 2020 02:29:13.926,31 Dec 2020 03:26:16.980,3423.054
31 Dec 2020 04:02:10.834,31 Dec 2020 04:59:13.350,3422.516
31 Dec 2020 05:35:07.738,31 Dec 2020 06:32:09.729,3421.991
31 Dec 2020 07:08:04.645,31 Dec 2020 08:05:06.125,3421.480
31 Dec 2020 08:41:01.546,31 Dec 2020 09:38:02.543,3420.997
31 Dec 2020 10:13:58.440,31 Dec 2020 11:10:58.965,3420.525
31 Dec 2020 11:46:55.330,31 Dec 2020 12:43:55.408,3420.078
31 Dec 2020 13:19:52.223,31 Dec 2020 14:16:51.851,3419.629
31 Dec 2020 14:52:49.101,31 Dec 2020 15:49:48.322,3419.222
31 Dec 2020 16:25:45.982,31 Dec 2020 17:22:44.808,3418.826
31 Dec 2020 17:58:42.869,31 Dec 2020 18:55:41.310,3418.441
31 Dec 2020 19:31:39.750,31 Dec 2020 20:28:37.826,3418.076
31 Dec 2020 21:04:36.630,31 Dec 2020 22:01:34.363,3417.733
31 Dec 2020 22:37:33.508,31 Dec 2020 23:34:30.905,3417.396
1 Jan 2021 00:10:30.386,1 Jan 2021 01:07:27.467,3417.081
1 Jan 2021 01:43:27.259,1 Jan 2021 02:40:24.045,3416.786
1 Jan 2021 03:16:24.139,1 Jan 2021 04:13:20.638,3416.500
1 Jan 2021 04:49:21.011,1 Jan 2021 05:46:17.246,3416.236
1 Jan 2021 06:22:17.889,1 Jan 2021 07:19:13.871,3415.982
1 Jan 2021 07:55:14.788,1 Jan 2021 08:52:10.550,3415.762
1 Jan 2021 09:28:11.682,1 Jan 2021 10:25:07.226,3415.545
1 Jan 2021 11:01:08.561,1 Jan 2021 11:58:03.898,3415.337
1 Jan 2021 12:34:05.440,1 Jan 2021 13:31:00.596,3415.156
1 Jan 2021 14:07:02.322,1 Jan 2021 15:03:57.299,3414.977
1 Jan 2021 15:39:59.203,1 Jan 2021 16:36:54.023,3414.820
1 Jan 2021 17:12:56.085,1 Jan 2021 18:00:00.000,2823.915

Global Statistics
"Min Duration",1 Jul 2020 18:00:00.000,1 Jul 2020 18:35:27.034,2127.034
"Max Duration",13 Jul 2020 19:07:56.260,18 Jul 2020 00:01:30.747,363214.487
"Mean Duration",,,3937.143
"Total Duration",,,10661782.450


"Start Time (UTCG)","Stop Time (UTCG)","Duration (sec)"
1 Jul 2020 18:35:27.034,1 Jul 2020 18:35:35.663,8.629
1 Jul 2020 19:10:47.327,1 Jul 2020 19:10:55.903,8.575
1 Jul 2020 20:08:23.380,1 Jul 2020 20:08:32.026,8.645
1 Jul 2020 20:43:42.498,1 Jul 2020 20:43:51.090,8.592
1 Jul 2020 21:41:19.737,1 Jul 2020 21:41:28.399,8.661
1 Jul 2020 22:16:37.656,1 Jul 2020 22:16:46.264,8.609
1 Jul 2020 23:14:16.104,1 Jul 2020 23:14:24.782,8.678
1 Jul 2020 23:49:32.800,1 Jul 2020 23:49:41.426,8.626
2 Jul 2020 00:47:12.482,2 Jul 2020 00:47:21.177,8.695
2 Jul 2020 01:22:27.947,2 Jul 2020 01:22:36.590,8.643
2 Jul 2020 02:20:08.889,2 Jul 2020 02:20:17.601,8.712
2 Jul 2020 02:55:23.068,2 Jul 2020 02:55:31.729,8.661
2 Jul 2020 03:53:05.290,2 Jul 2020 03:53:14.020,8.730
2 Jul 2020 04:28:18.176,2 Jul 2020 04:28:26.855,8.679
2 Jul 2020 05:26:01.664,2 Jul 2020 05:26:10.412,8.748
2 Jul 2020 06:01:13.233,2 Jul 2020 06:01:21.931,8.698
2 Jul 2020 06:58:58.087,2 Jul 2020 06:59:06.853,8.766
2 Jul 2020 07:34:08.314,2 Jul 2020 07:34:17.031,8.717
2 Jul 2020 08:31:54.522,2 Jul 2020 08:32:03.307,8.785
2 Jul 2020 09:07:03.382,2 Jul 2020 09:07:12.118,8.736
2 Jul 2020 10:04:50.960,2 Jul 2020 10:04:59.764,8.804
2 Jul 2020 10:39:58.432,2 Jul 2020 10:40:07.188,8.756
2 Jul 2020 11:37:47.420,2 Jul 2020 11:37:56.243,8.823
2 Jul 2020 12:12:53.476,2 Jul 2020 12:13:02.251,8.776
2 Jul 2020 13:10:43.853,2 Jul 2020 13:10:52.695,8.843
2 Jul 2020 13:45:48.467,2 Jul 2020 13:45:57.263,8.796
2 Jul 2020 14:43:40.337,2 Jul 2020 14:43:49.200,8.863
2 Jul 2020 15:18:43.483,2 Jul 2020 15:18:52.300,8.817
2 Jul 2020 16:16:36.836,2 Jul 2020 16:16:45.719,8.883
2 Jul 2020 16:51:38.488,2 Jul 2020 16:51:47.326,8.838
2 Jul 2020 17:49:33.285,2 Jul 2020 17:49:42.192,8.907
2 Jul 2020 18:24:33.421,2 Jul 2020 18:24:42.280,8.859
2 Jul 2020 19:22:29.818,2 Jul 2020 19:22:38.742,8.925
2 Jul 2020 19:57:28.402,2 Jul 2020 19:57:37.283,8.881
2 Jul 2020 20:55:26.352,2 Jul 2020 20:55:35.302,8.950
2 Jul 2020 21:30:23.364,2 Jul 2020 21:30:32.268,8.904
2 Jul 2020 22:28:22.904,2 Jul 2020 22:28:31.875,8.972
2 Jul 2020 23:03:18.314,2 Jul 2020 23:03:27.240,8.926
3 Jul 2020 00:01:19.472,3 Jul 2020 00:01:28.461,8.989
3 Jul 2020 00:36:13.251,3 Jul 2020 00:36:22.201,8.950
3 Jul 2020 01:34:16.051,3 Jul 2020 01:34:25.066,9.015
3 Jul 2020 02:09:08.176,3 Jul 2020 02:09:17.150,8.973
3 Jul 2020 03:07:12.651,3 Jul 2020 03:07:21.690,9.038
3 Jul 2020 03:42:03.089,3 Jul 2020 03:42:12.089,9.000
3 Jul 2020 04:40:09.265,3 Jul 2020 04:40:18.327,9.062
3 Jul 2020 05:14:57.979,3 Jul 2020 05:15:07.001,9.022
3 Jul 2020 06:13:05.881,3 Jul 2020 06:13:14.967,9.086
3 Jul 2020 06:47:52.865,3 Jul 2020 06:48:01.912,9.047
3 Jul 2020 07:46:02.528,3 Jul 2020 07:46:11.639,9.111
3 Jul 2020 08:20:47.743,3 Jul 2020 08:20:56.815,9.072
3 Jul 2020 09:18:59.255,3 Jul 2020 09:19:08.391,9.135
3 Jul 2020 09:53:42.665,3 Jul 2020 09:53:51.764,9.100
3 Jul 2020 10:51:55.937,3 Jul 2020 10:52:05.098,9.161
3 Jul 2020 11:26:37.518,3 Jul 2020 11:26:46.641,9.124
3 Jul 2020 12:24:52.636,3 Jul 2020 12:25:01.823,9.187
3 Jul 2020 12:59:32.356,3 Jul 2020 12:59:41.504,9.148
3 Jul 2020 13:57:49.354,3 Jul 2020 13:57:58.568,9.214
3 Jul 2020 14:32:27.179,3 Jul 2020 14:32:36.360,9.180
3 Jul 2020 15:30:46.151,3 Jul 2020 15:30:55.392,9.241
3 Jul 2020 16:05:22.055,3 Jul 2020 16:05:31.261,9.206
3 Jul 2020 17:03:42.925,3 Jul 2020 17:03:52.193,9.268
3 Jul 2020 17:38:16.870,3 Jul 2020 17:38:26.104,9.235
3 Jul 2020 18:36:39.721,3 Jul 2020 18:36:49.017,9.296
3 Jul 2020 19:11:11.677,3 Jul 2020 19:11:20.942,9.265
3 Jul 2020 20:09:36.524,3 Jul 2020 20:09:45.848,9.324
3 Jul 2020 20:44:06.464,3 Jul 2020 20:44:15.752,9.289
3 Jul 2020 21:42:33.348,3 Jul 2020 21:42:42.701,9.353
3 Jul 2020 22:17:01.236,3 Jul 2020 22:17:10.554,9.318
3 Jul 2020 23:15:30.193,3 Jul 2020 23:15:39.575,9.383
3 Jul 2020 23:49:55.996,3 Jul 2020 23:50:05.344,9.348
4 Jul 2020 00:48:27.059,4 Jul 2020 00:48:36.472,9.412
4 Jul 2020 01:22:50.744,4 Jul 2020 01:23:00.124,9.380
4 Jul 2020 02:21:31.958,4 Jul 2020 02:21:41.398,9.440
4 Jul 2020 02:55:53.064,4 Jul 2020 02:56:02.472,9.408
4 Jul 2020 03:54:29.903,4 Jul 2020 03:54:39.374,9.471
4 Jul 2020 04:28:48.829,4 Jul 2020 04:28:58.270,9.441
4 Jul 2020 05:27:27.766,4 Jul 2020 05:27:37.268,9.502
4 Jul 2020 06:01:44.488,4 Jul 2020 06:01:53.961,9.473
4 Jul 2020 07:00:25.711,4 Jul 2020 07:00:35.246,9.534
4 Jul 2020 07:34:40.182,4 Jul 2020 07:34:49.691,9.509
4 Jul 2020 08:33:23.662,4 Jul 2020 08:33:33.228,9.567
4 Jul 2020 09:07:35.845,4 Jul 2020 09:07:45.389,9.544
4 Jul 2020 10:06:21.617,4 Jul 2020 10:06:31.217,9.600
4 Jul 2020 10:40:31.482,4 Jul 2020 10:40:41.051,9.570
4 Jul 2020 11:39:20.443,4 Jul 2020 11:39:30.077,9.634
4 Jul 2020 12:13:27.883,4 Jul 2020 12:13:37.492,9.609
4 Jul 2020 13:12:18.483,4 Jul 2020 13:12:28.152,9.669
4 Jul 2020 13:46:23.552,4 Jul 2020 13:46:33.196,9.644
4 Jul 2020 14:45:16.586,4 Jul 2020 14:45:26.290,9.704
4 Jul 2020 15:19:19.221,4 Jul 2020 15:19:28.901,9.680
4 Jul 2020 16:18:14.694,4 Jul 2020 16:18:24.433,9.739
4 Jul 2020 16:52:14.855,4 Jul 2020 16:52:24.571,9.716
4 Jul 2020 17:51:13.189,4 Jul 2020 17:51:22.964,9.775
4 Jul 2020 18:25:10.795,4 Jul 2020 18:25:20.548,9.753
4 Jul 2020 19:24:11.448,4 Jul 2020 19:24:21.260,9.811
4 Jul 2020 19:58:06.497,4 Jul 2020 19:58:16.287,9.790
4 Jul 2020 20:57:09.735,4 Jul 2020 20:57:19.584,9.849
4 Jul 2020 21:31:02.185,4 Jul 2020 21:31:12.016,9.831
4 Jul 2020 22:30:08.050,4 Jul 2020 22:30:17.937,9.887
4 Jul 2020 23:03:57.863,4 Jul 2020 23:04:07.731,9.868
5 Jul 2020 00:03:06.394,5 Jul 2020 00:03:16.319,9.925
5 Jul 2020 00:36:53.527,5 Jul 2020 00:37:03.434,9.907
5 Jul 2020 01:36:04.767,5 Jul 2020 01:36:14.732,9.965
5 Jul 2020 02:09:49.178,5 Jul 2020 02:09:59.125,9.948
5 Jul 2020 03:09:03.449,5 Jul 2020 03:09:13.453,10.004
5 Jul 2020 03:42:44.895,5 Jul 2020 03:42:54.879,9.984
5 Jul 2020 04:42:01.881,5 Jul 2020 04:42:11.925,10.044
5 Jul 2020 05:15:40.366,5 Jul 2020 05:15:50.396,10.029
5 Jul 2020 06:14:59.996,5 Jul 2020 06:15:10.084,10.088
5 Jul 2020 06:48:35.957,5 Jul 2020 06:48:46.028,10.072
5 Jul 2020 07:47:58.468,5 Jul 2020 07:48:08.597,10.128
5 Jul 2020 08:21:31.597,5 Jul 2020 08:21:41.711,10.114
5 Jul 2020 09:20:57.073,5 Jul 2020 09:21:07.244,10.171
5 Jul 2020 09:54:27.176,5 Jul 2020 09:54:37.338,10.162
5 Jul 2020 10:53:55.628,5 Jul 2020 10:54:05.843,10.215
5 Jul 2020 11:27:22.743,5 Jul 2020 11:27:32.950,10.207
5 Jul 2020 12:26:54.216,5 Jul 2020 12:27:04.475,10.259
5 Jul 2020 13:00:18.300,5 Jul 2020 13:00:28.550,10.250
5 Jul 2020 13:59:52.958,5 Jul 2020 14:00:03.261,10.303
5 Jul 2020 14:33:13.906,5 Jul 2020 14:33:24.201,10.295
5 Jul 2020 15:32:51.639,5 Jul 2020 15:33:01.988,10.349
5 Jul 2020 16:06:09.457,5 Jul 2020 16:06:19.797,10.339
5 Jul 2020 17:05:50.183,5 Jul 2020 17:06:00.579,10.397
5 Jul 2020 17:39:04.889,5 Jul 2020 17:39:15.279,10.391
5 Jul 2020 18:38:48.910,5 Jul 2020 18:38:59.354,10.444
5 Jul 2020 19:12:00.385,5 Jul 2020 19:12:10.825,10.439
5 Jul 2020 20:11:47.673,5 Jul 2020 20:11:58.168,10.495
5 Jul 2020 20:44:55.874,5 Jul 2020 20:45:06.360,10.487
5 Jul 2020 21:44:46.477,5 Jul 2020 21:44:57.018,10.541
5 Jul 2020 22:17:51.346,5 Jul 2020 22:18:01.883,10.537
5 Jul 2020 23:17:45.316,5 Jul 2020 23:17:55.908,10.592
5 Jul 2020 23:50:46.886,5 Jul 2020 23:50:57.477,10.590
6 Jul 2020 00:50:44.281,6 Jul 2020 00:50:54.923,10.642
6 Jul 2020 01:23:42.341,6 Jul 2020 01:23:52.983,10.643
6 Jul 2020 02:23:43.209,6 Jul 2020 02:23:53.903,10.694
6 Jul 2020 02:56:37.782,6 Jul 2020 02:56:48.478,10.696
6 Jul 2020 03:56:42.179,6 Jul 2020 03:56:52.926,10.747
6 Jul 2020 04:29:33.208,6 Jul 2020 04:29:43.957,10.749
6 Jul 2020 05:29:41.130,6 Jul 2020 05:29:51.930,10.800
6 Jul 2020 06:02:28.579,6 Jul 2020 06:02:39.381,10.802
6 Jul 2020 07:02:40.180,6 Jul 2020 07:02:51.035,10.855
6 Jul 2020 07:35:23.973,6 Jul 2020 07:35:34.833,10.860
6 Jul 2020 08:35:39.274,6 Jul 2020 08:35:50.184,10.910
6 Jul 2020 09:08:19.355,6 Jul 2020 09:08:30.277,10.922
6 Jul 2020 10:08:38.451,6 Jul 2020 10:08:49.416,10.965
6 Jul 2020 10:41:14.689,6 Jul 2020 10:41:25.664,10.975
6 Jul 2020 11:41:37.653,6 Jul 2020 11:41:48.675,11.023
6 Jul 2020 12:14:10.061,6 Jul 2020 12:14:21.099,11.038
6 Jul 2020 13:14:36.902,6 Jul 2020 13:14:47.984,11.081
6 Jul 2020 13:47:05.421,6 Jul 2020 13:47:16.516,11.095
6 Jul 2020 14:47:36.201,6 Jul 2020 14:47:47.342,11.141
6 Jul 2020 15:20:00.772,6 Jul 2020 15:20:11.924,11.152
6 Jul 2020 16:20:35.532,6 Jul 2020 16:20:46.735,11.203
6 Jul 2020 16:52:56.172,6 Jul 2020 16:53:07.391,11.219
6 Jul 2020 17:53:34.920,6 Jul 2020 17:53:46.186,11.265
6 Jul 2020 18:25:51.482,6 Jul 2020 18:26:02.770,11.287
6 Jul 2020 19:26:34.360,6 Jul 2020 19:26:45.688,11.328
6 Jul 2020 19:58:46.784,6 Jul 2020 19:58:58.127,11.343
6 Jul 2020 20:59:33.851,6 Jul 2020 20:59:45.244,11.393
6 Jul 2020 21:31:42.048,6 Jul 2020 21:31:53.461,11.414
6 Jul 2020 22:32:33.376,6 Jul 2020 22:32:44.835,11.459
6 Jul 2020 23:04:37.311,6 Jul 2020 23:04:48.791,11.480
7 Jul 2020 00:05:32.972,7 Jul 2020 00:05:44.497,11.526
7 Jul 2020 00:37:32.561,7 Jul 2020 00:37:44.109,11.548
7 Jul 2020 01:38:32.622,7 Jul 2020 01:38:44.216,11.594
7 Jul 2020 02:10:27.797,7 Jul 2020 02:10:39.415,11.618
7 Jul 2020 03:11:32.329,7 Jul 2020 03:11:43.992,11.663
7 Jul 2020 03:43:23.015,7 Jul 2020 03:43:34.707,11.691
7 Jul 2020 04:44:32.093,7 Jul 2020 04:44:43.827,11.734
7 Jul 2020 05:16:18.331,7 Jul 2020 05:16:30.095,11.764
7 Jul 2020 06:17:32.010,7 Jul 2020 06:17:43.818,11.808
7 Jul 2020 06:49:13.526,7 Jul 2020 06:49:25.362,11.836
7 Jul 2020 07:50:31.899,7 Jul 2020 07:50:43.777,11.878
7 Jul 2020 08:22:08.709,7 Jul 2020 08:22:20.620,11.912
7 Jul 2020 09:23:31.899,7 Jul 2020 09:23:43.852,11.953
7 Jul 2020 09:55:03.955,7 Jul 2020 09:55:15.944,11.990
7 Jul 2020 10:56:31.931,7 Jul 2020 10:56:43.956,12.026
7 Jul 2020 11:27:59.121,7 Jul 2020 11:28:11.192,12.072
7 Jul 2020 12:29:32.024,7 Jul 2020 12:29:44.130,12.106
7 Jul 2020 13:00:54.275,7 Jul 2020 13:01:06.422,12.147
7 Jul 2020 14:02:32.177,7 Jul 2020 14:02:44.362,12.186
7 Jul 2020 14:33:49.413,7 Jul 2020 14:34:01.641,12.228
7 Jul 2020 15:35:32.404,7 Jul 2020 15:35:44.673,12.269
7 Jul 2020 16:06:44.535,7 Jul 2020 16:06:56.847,12.311
7 Jul 2020 17:08:32.600,7 Jul 2020 17:08:44.948,12.348
7 Jul 2020 17:39:39.541,7 Jul 2020 17:39:51.936,12.396
7 Jul 2020 18:41:32.951,7 Jul 2020 18:41:45.384,12.432
7 Jul 2020 19:12:34.618,7 Jul 2020 19:12:47.100,12.482
7 Jul 2020 20:14:33.374,7 Jul 2020 20:14:45.892,12.518
7 Jul 2020 20:45:29.676,7 Jul 2020 20:45:42.246,12.570
7 Jul 2020 21:47:33.865,7 Jul 2020 21:47:46.470,12.605
7 Jul 2020 22:18:24.717,7 Jul 2020 22:18:37.377,12.660
7 Jul 2020 23:20:34.432,7 Jul 2020 23:20:47.124,12.692
7 Jul 2020 23:51:19.741,7 Jul 2020 23:51:32.492,12.752
8 Jul 2020 00:53:35.072,8 Jul 2020 00:53:47.860,12.788
8 Jul 2020 01:24:14.747,8 Jul 2020 01:24:27.592,12.846
8 Jul 2020 02:26:35.794,8 Jul 2020 02:26:48.671,12.877
8 Jul 2020 02:57:09.735,8 Jul 2020 02:57:22.676,12.941
8 Jul 2020 03:59:36.591,8 Jul 2020 03:59:49.564,12.973
8 Jul 2020 04:30:04.795,8 Jul 2020 04:30:17.833,13.038
8 Jul 2020 05:32:37.604,8 Jul 2020 05:32:50.675,13.071
8 Jul 2020 06:02:59.762,8 Jul 2020 06:03:12.899,13.138
8 Jul 2020 07:05:38.578,8 Jul 2020 07:05:51.746,13.168
8 Jul 2020 07:35:54.707,8 Jul 2020 07:36:07.947,13.239
8 Jul 2020 08:38:39.637,8 Jul 2020 08:38:52.909,13.272
8 Jul 2020 09:08:49.634,8 Jul 2020 09:09:02.978,13.344
8 Jul 2020 10:11:40.771,8 Jul 2020 10:11:54.149,13.378
8 Jul 2020 10:41:44.525,8 Jul 2020 10:41:57.977,13.452
8 Jul 2020 11:44:42.001,8 Jul 2020 11:44:55.484,13.483
8 Jul 2020 12:14:39.408,8 Jul 2020 12:14:52.969,13.561
8 Jul 2020 13:17:43.343,8 Jul 2020 13:17:56.934,13.591
8 Jul 2020 13:47:34.310,8 Jul 2020 13:47:47.981,13.671
8 Jul 2020 14:50:44.764,8 Jul 2020 14:50:58.462,13.698
8 Jul 2020 15:20:29.159,8 Jul 2020 15:20:42.944,13.785
8 Jul 2020 16:23:46.307,8 Jul 2020 16:24:00.116,13.809
8 Jul 2020 16:53:24.041,8 Jul 2020 16:53:37.943,13.902
8 Jul 2020 17:56:47.921,8 Jul 2020 17:57:01.846,13.924
8 Jul 2020 18:26:18.848,8 Jul 2020 18:26:32.872,14.024
8 Jul 2020 19:29:49.637,8 Jul 2020 19:30:03.680,14.043
8 Jul 2020 19:59:13.641,8 Jul 2020 19:59:27.783,14.142
8 Jul 2020 21:02:51.450,8 Jul 2020 21:03:05.613,14.163
8 Jul 2020 21:32:08.390,8 Jul 2020 21:32:22.651,14.261
8 Jul 2020 22:35:53.276,8 Jul 2020 22:36:07.563,14.287
8 Jul 2020 23:05:03.126,8 Jul 2020 23:05:17.522,14.396
9 Jul 2020 00:08:55.293,9 Jul 2020 00:09:09.709,14.416
9 Jul 2020 00:37:57.842,9 Jul 2020 00:38:12.364,14.522
9 Jul 2020 01:41:57.361,9 Jul 2020 01:42:11.905,14.544
9 Jul 2020 02:10:52.489,9 Jul 2020 02:11:07.144,14.655
9 Jul 2020 03:14:59.594,9 Jul 2020 03:15:14.269,14.675
9 Jul 2020 03:43:47.153,9 Jul 2020 03:44:01.944,14.791
9 Jul 2020 04:48:01.896,9 Jul 2020 04:48:16.710,14.814
9 Jul 2020 05:16:41.753,9 Jul 2020 05:16:56.683,14.930
9 Jul 2020 06:21:04.357,9 Jul 2020 06:21:19.306,14.948
9 Jul 2020 06:49:36.367,9 Jul 2020 06:49:51.441,15.074
9 Jul 2020 07:54:06.935,9 Jul 2020 07:54:22.030,15.095
9 Jul 2020 08:22:30.954,9 Jul 2020 08:22:46.175,15.221
9 Jul 2020 09:27:09.634,9 Jul 2020 09:27:24.873,15.239
9 Jul 2020 09:55:25.487,9 Jul 2020 09:55:40.858,15.371
9 Jul 2020 11:00:12.456,9 Jul 2020 11:00:27.844,15.388
9 Jul 2020 11:28:20.019,9 Jul 2020 11:28:35.545,15.526
9 Jul 2020 12:33:15.408,9 Jul 2020 12:33:30.950,15.542
9 Jul 2020 13:01:14.523,9 Jul 2020 13:01:30.208,15.685
9 Jul 2020 14:06:18.388,9 Jul 2020 14:06:34.088,15.700
9 Jul 2020 14:34:08.900,9 Jul 2020 14:34:24.747,15.847
9 Jul 2020 15:39:21.601,9 Jul 2020 15:39:37.463,15.862
9 Jul 2020 16:07:03.340,9 Jul 2020 16:07:19.354,16.014
9 Jul 2020 17:12:24.950,9 Jul 2020 17:12:40.979,16.028
9 Jul 2020 17:39:57.749,9 Jul 2020 17:40:13.940,16.191
9 Jul 2020 18:45:28.441,9 Jul 2020 18:45:44.640,16.199
9 Jul 2020 19:12:52.132,9 Jul 2020 19:13:08.494,16.362
9 Jul 2020 20:18:32.075,9 Jul 2020 20:18:48.450,16.375
9 Jul 2020 20:45:46.477,9 Jul 2020 20:46:03.020,16.543
9 Jul 2020 21:51:35.184,9 Jul 2020 21:51:51.736,16.552
9 Jul 2020 22:18:40.299,9 Jul 2020 22:18:57.024,16.725
9 Jul 2020 23:24:39.070,9 Jul 2020 23:24:55.811,16.741
9 Jul 2020 23:51:34.487,9 Jul 2020 23:51:51.403,16.916
10 Jul 2020 00:57:43.029,10 Jul 2020 00:57:59.953,16.924
10 Jul 2020 01:24:28.675,10 Jul 2020 01:24:45.783,17.109
10 Jul 2020 02:30:47.214,10 Jul 2020 02:31:04.337,17.124
10 Jul 2020 02:57:22.823,10 Jul 2020 02:57:40.138,17.315
10 Jul 2020 04:03:51.563,10 Jul 2020 04:04:08.893,17.330
10 Jul 2020 04:30:16.932,10 Jul 2020 04:30:34.452,17.520
10 Jul 2020 05:36:56.296,10 Jul 2020 05:37:13.834,17.538
10 Jul 2020 06:03:11.112,10 Jul 2020 06:03:28.852,17.740
10 Jul 2020 07:10:00.989,10 Jul 2020 07:10:18.746,17.756
10 Jul 2020 07:36:05.143,10 Jul 2020 07:36:23.102,17.959
10 Jul 2020 08:43:05.861,10 Jul 2020 08:43:23.832,17.971
10 Jul 2020 09:08:59.128,10 Jul 2020 09:09:17.315,18.186
10 Jul 2020 10:16:10.889,10 Jul 2020 10:16:29.095,18.207
10 Jul 2020 10:41:53.061,10 Jul 2020 10:42:11.488,18.427
10 Jul 2020 11:49:16.117,10 Jul 2020 11:49:34.556,18.439
10 Jul 2020 12:14:46.947,10 Jul 2020 12:15:05.617,18.670
10 Jul 2020 13:22:21.659,10 Jul 2020 13:22:40.342,18.683
10 Jul 2020 13:47:40.896,10 Jul 2020 13:47:59.817,18.921
10 Jul 2020 14:55:27.285,10 Jul 2020 14:55:46.220,18.935
10 Jul 2020 15:20:34.691,10 Jul 2020 15:20:53.871,19.180
10 Jul 2020 16:28:32.973,10 Jul 2020 16:28:52.170,19.196
10 Jul 2020 16:53:28.314,10 Jul 2020 16:53:47.762,19.448
10 Jul 2020 18:01:38.998,10 Jul 2020 18:01:58.459,19.461
10 Jul 2020 18:26:21.991,10 Jul 2020 18:26:41.717,19.726
10 Jul 2020 19:34:45.229,10 Jul 2020 19:35:04.973,19.744
10 Jul 2020 19:59:15.611,10 Jul 2020 19:59:35.626,20.015
10 Jul 2020 21:07:51.679,10 Jul 2020 21:08:11.709,20.030
10 Jul 2020 21:32:09.365,10 Jul 2020 21:32:29.679,20.314
10 Jul 2020 22:40:58.620,10 Jul 2020 22:41:18.951,20.330
10 Jul 2020 23:05:02.903,10 Jul 2020 23:05:23.524,20.621
11 Jul 2020 00:14:05.615,11 Jul 2020 00:14:26.262,20.647
11 Jul 2020 00:37:56.379,11 Jul 2020 00:38:17.318,20.939
11 Jul 2020 01:47:12.814,11 Jul 2020 01:47:33.785,20.970
11 Jul 2020 02:10:49.787,11 Jul 2020 02:11:11.061,21.273
11 Jul 2020 03:20:20.261,11 Jul 2020 03:20:41.567,21.306
11 Jul 2020 03:43:43.127,11 Jul 2020 03:44:04.746,21.618
11 Jul 2020 04:53:27.961,11 Jul 2020 04:53:49.617,21.656
11 Jul 2020 05:16:36.458,11 Jul 2020 05:16:58.433,21.976
11 Jul 2020 06:26:35.926,11 Jul 2020 06:26:57.944,22.018
11 Jul 2020 06:49:29.645,11 Jul 2020 06:49:51.994,22.349
11 Jul 2020 07:59:44.157,11 Jul 2020 08:00:06.554,22.397
11 Jul 2020 08:22:22.755,11 Jul 2020 08:22:45.493,22.738
11 Jul 2020 09:32:52.661,11 Jul 2020 09:33:15.454,22.793
11 Jul 2020 09:55:15.775,11 Jul 2020 09:55:38.920,23.145
11 Jul 2020 11:06:01.485,11 Jul 2020 11:06:24.692,23.207
11 Jul 2020 11:28:08.703,11 Jul 2020 11:28:32.272,23.569
11 Jul 2020 12:39:10.573,11 Jul 2020 12:39:34.215,23.642
11 Jul 2020 13:01:01.533,11 Jul 2020 13:01:25.545,24.012
11 Jul 2020 14:12:19.967,11 Jul 2020 14:12:44.064,24.096
11 Jul 2020 14:33:54.262,11 Jul 2020 14:34:18.737,24.475
11 Jul 2020 15:45:29.664,11 Jul 2020 15:45:54.233,24.569
11 Jul 2020 16:06:46.879,11 Jul 2020 16:07:11.839,24.960
11 Jul 2020 17:18:39.705,11 Jul 2020 17:19:04.766,25.061
11 Jul 2020 17:39:39.384,11 Jul 2020 17:40:04.853,25.469
11 Jul 2020 18:51:50.078,11 Jul 2020 18:52:15.666,25.588
11 Jul 2020 19:12:31.765,11 Jul 2020 19:12:57.769,26.004
11 Jul 2020 20:25:00.832,11 Jul 2020 20:25:26.977,26.145
11 Jul 2020 20:45:23.908,11 Jul 2020 20:45:50.481,26.573
11 Jul 2020 21:58:11.921,11 Jul 2020 21:58:38.650,26.729
11 Jul 2020 22:18:16.013,11 Jul 2020 22:18:43.179,27.166
11 Jul 2020 23:31:23.388,11 Jul 2020 23:31:50.729,27.341
11 Jul 2020 23:51:07.968,11 Jul 2020 23:51:35.761,27.793
12 Jul 2020 01:04:35.244,12 Jul 2020 01:05:03.235,27.991
12 Jul 2020 01:23:55.966,12 Jul 2020 01:24:24.328,28.362
12 Jul 2020 02:37:38.826,12 Jul 2020 02:38:07.395,28.569
12 Jul 2020 02:56:46.395,12 Jul 2020 02:57:15.450,29.055
12 Jul 2020 04:10:49.854,12 Jul 2020 04:11:19.142,29.287
12 Jul 2020 04:29:36.526,12 Jul 2020 04:30:06.313,29.787
12 Jul 2020 05:44:03.971,12 Jul 2020 05:44:34.102,30.131
12 Jul 2020 06:02:26.889,12 Jul 2020 06:02:57.530,30.641
12 Jul 2020 07:17:16.492,12 Jul 2020 07:17:47.453,30.961
12 Jul 2020 07:35:16.890,12 Jul 2020 07:35:48.374,31.484
12 Jul 2020 08:50:29.490,12 Jul 2020 08:51:01.347,31.857
12 Jul 2020 09:08:06.652,12 Jul 2020 09:08:39.043,32.391
12 Jul 2020 10:23:42.991,12 Jul 2020 10:24:15.802,32.811
12 Jul 2020 10:40:56.157,12 Jul 2020 10:41:29.518,33.360
12 Jul 2020 11:56:57.018,12 Jul 2020 11:57:30.863,33.845
12 Jul 2020 12:13:45.380,12 Jul 2020 12:14:19.791,34.411
12 Jul 2020 13:30:11.252,12 Jul 2020 13:30:46.244,34.993
12 Jul 2020 13:46:33.468,12 Jul 2020 13:47:09.039,35.571
12 Jul 2020 15:03:26.341,12 Jul 2020 15:04:02.549,36.208
12 Jul 2020 15:19:21.923,12 Jul 2020 15:19:58.729,36.805
12 Jul 2020 16:36:42.000,12 Jul 2020 16:37:19.541,37.541
12 Jul 2020 16:52:09.965,12 Jul 2020 16:52:48.115,38.150
12 Jul 2020 18:09:58.302,12 Jul 2020 18:10:37.310,39.008
12 Jul 2020 18:24:57.561,12 Jul 2020 18:25:37.191,39.630
12 Jul 2020 19:43:15.293,12 Jul 2020 19:43:55.921,40.628
12 Jul 2020 19:57:44.651,12 Jul 2020 19:58:25.922,41.271
12 Jul 2020 21:16:33.444,12 Jul 2020 21:17:15.891,42.447
12 Jul 2020 21:30:31.396,12 Jul 2020 21:31:14.494,43.098
12 Jul 2020 22:49:52.044,12 Jul 2020 22:50:36.527,44.483
12 Jul 2020 23:03:17.313,12 Jul 2020 23:04:02.459,45.146
13 Jul 2020 00:23:11.515,13 Jul 2020 00:23:58.300,46.785
13 Jul 2020 00:36:02.469,13 Jul 2020 00:36:49.936,47.466
13 Jul 2020 01:56:31.664,13 Jul 2020 01:57:21.088,49.424
13 Jul 2020 02:08:46.595,13 Jul 2020 02:09:36.715,50.121
13 Jul 2020 03:29:53.059,13 Jul 2020 03:30:45.569,52.510
13 Jul 2020 03:41:29.734,13 Jul 2020 03:42:22.950,53.216
13 Jul 2020 05:03:15.604,13 Jul 2020 05:04:11.774,56.169
13 Jul 2020 05:14:11.537,13 Jul 2020 05:15:08.425,56.888
13 Jul 2020 06:36:40.315,13 Jul 2020 06:37:41.066,60.752
13 Jul 2020 06:46:51.270,13 Jul 2020 06:47:52.756,61.485
13 Jul 2020 08:10:05.744,13 Jul 2020 08:11:12.099,66.355
13 Jul 2020 08:19:29.127,13 Jul 2020 08:20:36.224,67.097
13 Jul 2020 09:43:32.845,13 Jul 2020 09:44:46.534,73.690
13 Jul 2020 09:52:03.815,13 Jul 2020 09:53:18.266,74.451
13 Jul 2020 11:17:02.190,13 Jul 2020 11:18:26.146,83.957
13 Jul 2020 11:24:33.924,13 Jul 2020 11:25:58.653,84.729
13 Jul 2020 12:50:34.138,13 Jul 2020 12:52:14.171,100.033
13 Jul 2020 12:56:56.045,13 Jul 2020 12:58:36.861,100.816
13 Jul 2020 14:24:09.770,13 Jul 2020 14:26:23.747,133.977
13 Jul 2020 14:28:57.017,13 Jul 2020 14:31:11.791,134.774
13 Jul 2020 15:57:50.828,13 Jul 2020 16:03:41.758,350.930
13 Jul 2020 17:31:41.372,13 Jul 2020 17:36:02.690,261.318
13 Jul 2020 19:05:59.739,13 Jul 2020 19:07:56.260,116.520
18 Jul 2020 00:01:30.747,18 Jul 2020 00:03:29.536,118.789
18 Jul 2020 01:33:24.794,18 Jul 2020 01:37:47.130,262.336
18 Jul 2020 03:05:45.570,18 Jul 2020 03:11:37.990,352.420
18 Jul 2020 04:38:15.422,18 Jul 2020 04:40:29.353,133.931
18 Jul 2020 04:43:06.158,18 Jul 2020 04:45:19.302,133.143
18 Jul 2020 06:10:50.308,18 Jul 2020 06:12:30.690,100.382
18 Jul 2020 06:17:15.781,18 Jul 2020 06:18:55.387,99.607
18 Jul 2020 07:43:28.353,18 Jul 2020 07:44:52.739,84.386
18 Jul 2020 07:51:04.000,18 Jul 2020 07:52:27.613,83.613
18 Jul 2020 09:16:08.689,18 Jul 2020 09:17:22.868,74.179
18 Jul 2020 09:24:43.693,18 Jul 2020 09:25:57.170,73.477
18 Jul 2020 10:48:50.686,18 Jul 2020 10:49:57.545,66.859
18 Jul 2020 10:58:18.388,18 Jul 2020 10:59:24.496,66.108
18 Jul 2020 12:21:34.109,18 Jul 2020 12:22:35.380,61.271
18 Jul 2020 12:31:49.519,18 Jul 2020 12:32:50.050,60.531
18 Jul 2020 13:54:18.626,18 Jul 2020 13:55:15.434,56.808
18 Jul 2020 14:05:18.010,18 Jul 2020 14:06:14.092,56.081
18 Jul 2020 15:27:04.047,18 Jul 2020 15:27:57.179,53.132
18 Jul 2020 15:38:44.395,18 Jul 2020 15:39:36.817,52.422
18 Jul 2020 16:59:50.230,18 Jul 2020 17:00:40.261,50.031
18 Jul 2020 17:12:09.045,18 Jul 2020 17:12:58.374,49.329
18 Jul 2020 18:32:37.087,18 Jul 2020 18:33:24.462,47.375
18 Jul 2020 18:45:32.171,18 Jul 2020 18:46:18.849,46.678
18 Jul 2020 20:05:24.450,18 Jul 2020 20:06:09.496,45.046
18 Jul 2020 20:18:54.091,18 Jul 2020 20:19:38.456,44.365
18 Jul 2020 21:38:12.336,18 Jul 2020 21:38:55.336,43.000
18 Jul 2020 21:52:14.806,18 Jul 2020 21:52:57.142,42.336
18 Jul 2020 23:11:00.658,18 Jul 2020 23:11:41.832,41.174
18 Jul 2020 23:25:34.496,18 Jul 2020 23:26:15.023,40.527
19 Jul 2020 00:43:49.341,19 Jul 2020 00:44:28.882,39.542
19 Jul 2020 00:58:53.276,19 Jul 2020 00:59:32.180,38.904
19 Jul 2020 02:16:38.389,19 Jul 2020 02:17:16.450,38.061
19 Jul 2020 02:32:11.174,19 Jul 2020 02:32:48.610,37.436
19 Jul 2020 03:49:27.790,19 Jul 2020 03:50:04.504,36.714
19 Jul 2020 04:05:28.282,19 Jul 2020 04:06:04.386,36.104
19 Jul 2020 05:22:17.423,19 Jul 2020 05:22:52.901,35.479
19 Jul 2020 05:38:44.662,19 Jul 2020 05:39:19.539,34.878
19 Jul 2020 06:55:07.313,19 Jul 2020 06:55:41.656,34.344
19 Jul 2020 07:12:00.353,19 Jul 2020 07:12:34.111,33.757
19 Jul 2020 08:27:57.432,19 Jul 2020 08:28:30.723,33.292
19 Jul 2020 08:45:15.234,19 Jul 2020 08:45:47.962,32.727
19 Jul 2020 10:00:47.747,19 Jul 2020 10:01:20.071,32.325
19 Jul 2020 10:18:29.627,19 Jul 2020 10:19:01.390,31.763
19 Jul 2020 11:33:38.207,19 Jul 2020 11:34:09.627,31.420
19 Jul 2020 11:51:43.492,19 Jul 2020 11:52:14.364,30.872
19 Jul 2020 13:06:28.905,19 Jul 2020 13:06:59.476,30.571
19 Jul 2020 13:24:56.817,19 Jul 2020 13:25:26.857,30.040
19 Jul 2020 14:39:19.768,19 Jul 2020 14:39:49.545,29.777
19 Jul 2020 14:58:09.627,19 Jul 2020 14:58:38.885,29.257
19 Jul 2020 16:12:10.784,19 Jul 2020 16:12:39.819,29.035
19 Jul 2020 16:31:21.941,19 Jul 2020 16:31:50.463,28.522
19 Jul 2020 17:45:01.960,19 Jul 2020 17:45:30.293,28.333
19 Jul 2020 18:04:33.804,19 Jul 2020 18:05:01.642,27.838
19 Jul 2020 19:17:53.252,19 Jul 2020 19:18:20.925,27.673
19 Jul 2020 19:37:45.201,19 Jul 2020 19:38:12.390,27.189
19 Jul 2020 20:50:44.727,19 Jul 2020 20:51:11.775,27.048
19 Jul 2020 21:10:56.196,19 Jul 2020 21:11:22.770,26.574
19 Jul 2020 22:23:36.261,19 Jul 2020 22:24:02.717,26.456
19 Jul 2020 22:44:06.753,19 Jul 2020 22:44:32.746,25.993
19 Jul 2020 23:56:27.903,19 Jul 2020 23:56:53.797,25.894
20 Jul 2020 00:17:16.912,20 Jul 2020 00:17:42.352,25.440
20 Jul 2020 01:29:19.647,20 Jul 2020 01:29:45.007,25.360
20 Jul 2020 01:50:26.688,20 Jul 2020 01:50:51.605,24.917
20 Jul 2020 03:02:11.488,20 Jul 2020 03:02:36.339,24.851
20 Jul 2020 03:23:36.096,20 Jul 2020 03:24:00.518,24.422
20 Jul 2020 04:35:03.419,20 Jul 2020 04:35:27.785,24.367
20 Jul 2020 04:56:45.257,20 Jul 2020 04:57:09.207,23.950
20 Jul 2020 06:07:55.532,20 Jul 2020 06:08:19.435,23.903
20 Jul 2020 06:29:53.980,20 Jul 2020 06:30:17.473,23.493
20 Jul 2020 07:40:47.635,20 Jul 2020 07:41:11.097,23.461
20 Jul 2020 08:03:02.368,20 Jul 2020 08:03:25.435,23.067
20 Jul 2020 09:13:39.815,20 Jul 2020 09:14:02.854,23.038
20 Jul 2020 09:36:10.419,20 Jul 2020 09:36:33.066,22.647
20 Jul 2020 10:46:32.119,20 Jul 2020 10:46:54.757,22.638
20 Jul 2020 11:09:18.186,20 Jul 2020 11:09:40.443,22.258
20 Jul 2020 12:19:24.445,20 Jul 2020 12:19:46.689,22.243
20 Jul 2020 12:42:25.656,20 Jul 2020 12:42:47.535,21.879
20 Jul 2020 13:52:16.830,20 Jul 2020 13:52:38.707,21.877
20 Jul 2020 14:15:32.838,20 Jul 2020 14:15:54.354,21.515
20 Jul 2020 15:25:09.281,20 Jul 2020 15:25:30.799,21.518
20 Jul 2020 15:48:39.742,20 Jul 2020 15:49:00.908,21.166
20 Jul 2020 16:58:01.821,20 Jul 2020 16:58:22.988,21.167
20 Jul 2020 17:21:46.400,20 Jul 2020 17:22:07.226,20.826
20 Jul 2020 18:30:54.386,20 Jul 2020 18:31:15.228,20.842
20 Jul 2020 18:54:52.773,20 Jul 2020 18:55:13.280,20.507
20 Jul 2020 20:03:47.009,20 Jul 2020 20:04:07.532,20.522
20 Jul 2020 20:27:58.890,20 Jul 2020 20:28:19.082,20.192
20 Jul 2020 21:36:39.684,20 Jul 2020 21:36:59.898,20.214
20 Jul 2020 22:01:04.757,20 Jul 2020 22:01:24.654,19.897
20 Jul 2020 23:09:32.411,20 Jul 2020 23:09:52.324,19.914
20 Jul 2020 23:34:10.390,20 Jul 2020 23:34:29.998,19.608
21 Jul 2020 00:42:25.182,21 Jul 2020 00:42:44.807,19.624
21 Jul 2020 01:07:15.817,21 Jul 2020 01:07:35.146,19.329
21 Jul 2020 02:15:18.014,21 Jul 2020 02:15:37.367,19.353
21 Jul 2020 02:40:20.993,21 Jul 2020 02:40:40.055,19.062
21 Jul 2020 03:48:10.875,21 Jul 2020 03:48:29.957,19.082
21 Jul 2020 04:13:25.951,21 Jul 2020 04:13:44.749,18.797
21 Jul 2020 05:21:03.780,21 Jul 2020 05:21:22.603,18.822
21 Jul 2020 05:46:30.694,21 Jul 2020 05:46:49.241,18.548
21 Jul 2020 06:53:56.729,21 Jul 2020 06:54:15.302,18.573
21 Jul 2020 07:19:35.231,21 Jul 2020 07:19:53.535,18.304
21 Jul 2020 08:26:49.711,21 Jul 2020 08:27:08.039,18.328
21 Jul 2020 08:52:39.570,21 Jul 2020 08:52:57.639,18.069
21 Jul 2020 09:59:42.768,21 Jul 2020 10:00:00.862,18.094
21 Jul 2020 10:25:43.699,21 Jul 2020 10:26:01.544,17.845
21 Jul 2020 11:32:35.826,21 Jul 2020 11:32:53.692,17.866
21 Jul 2020 11:58:47.654,21 Jul 2020 11:59:05.269,17.615
21 Jul 2020 13:05:28.922,21 Jul 2020 13:05:46.564,17.642
21 Jul 2020 13:31:51.414,21 Jul 2020 13:32:08.824,17.410
21 Jul 2020 14:38:22.045,21 Jul 2020 14:38:39.475,17.430
21 Jul 2020 15:04:54.998,21 Jul 2020 15:05:12.194,17.197
21 Jul 2020 16:11:15.207,21 Jul 2020 16:11:32.425,17.218
21 Jul 2020 16:37:58.405,21 Jul 2020 16:38:15.400,16.995
21 Jul 2020 17:44:08.393,21 Jul 2020 17:44:25.413,17.020
21 Jul 2020 18:11:01.641,21 Jul 2020 18:11:18.440,16.798
21 Jul 2020 19:17:01.613,21 Jul 2020 19:17:18.436,16.823
21 Jul 2020 19:44:04.710,21 Jul 2020 19:44:21.318,16.608
21 Jul 2020 20:49:54.863,21 Jul 2020 20:50:11.494,16.632
21 Jul 2020 21:17:07.617,21 Jul 2020 21:17:24.039,16.422
21 Jul 2020 22:22:48.140,21 Jul 2020 22:23:04.586,16.446
21 Jul 2020 22:50:10.364,21 Jul 2020 22:50:26.606,16.242
21 Jul 2020 23:55:41.446,21 Jul 2020 23:55:57.711,16.265
22 Jul 2020 00:23:12.957,22 Jul 2020 00:23:29.024,16.067
22 Jul 2020 01:28:34.777,22 Jul 2020 01:28:50.866,16.089
22 Jul 2020 01:56:15.399,22 Jul 2020 01:56:31.295,15.896
22 Jul 2020 03:01:28.156,22 Jul 2020 03:01:44.075,15.919
22 Jul 2020 03:29:17.669,22 Jul 2020 03:29:33.401,15.732
22 Jul 2020 04:34:21.539,22 Jul 2020 04:34:37.291,15.752
22 Jul 2020 05:02:19.826,22 Jul 2020 05:02:35.396,15.570
22 Jul 2020 06:07:14.992,22 Jul 2020 06:07:30.584,15.592
22 Jul 2020 06:35:21.794,22 Jul 2020 06:35:37.209,15.415
22 Jul 2020 07:40:08.421,22 Jul 2020 07:40:23.854,15.433
22 Jul 2020 08:08:23.670,22 Jul 2020 08:08:38.931,15.261
22 Jul 2020 09:13:01.807,22 Jul 2020 09:13:17.084,15.277
22 Jul 2020 09:41:25.409,22 Jul 2020 09:41:40.519,15.110
22 Jul 2020 10:45:55.282,22 Jul 2020 10:46:10.408,15.126
22 Jul 2020 11:14:27.019,22 Jul 2020 11:14:41.983,14.964
22 Jul 2020 12:18:48.778,22 Jul 2020 12:19:03.758,14.980
22 Jul 2020 12:47:28.502,22 Jul 2020 12:47:43.323,14.820
22 Jul 2020 13:51:42.296,22 Jul 2020 13:51:57.135,14.839
22 Jul 2020 14:20:29.860,22 Jul 2020 14:20:44.539,14.679
22 Jul 2020 15:24:35.845,22 Jul 2020 15:24:50.543,14.697
22 Jul 2020 15:53:31.104,22 Jul 2020 15:53:45.647,14.544
22 Jul 2020 16:57:29.408,22 Jul 2020 16:57:43.968,14.561
22 Jul 2020 17:26:32.220,22 Jul 2020 17:26:46.636,14.416
22 Jul 2020 18:30:22.987,22 Jul 2020 18:30:37.415,14.428
22 Jul 2020 18:59:33.224,22 Jul 2020 18:59:47.511,14.287
22 Jul 2020 20:03:16.563,22 Jul 2020 20:03:30.860,14.298
22 Jul 2020 20:32:34.088,22 Jul 2020 20:32:48.249,14.161
22 Jul 2020 21:36:10.176,22 Jul 2020 21:36:24.349,14.173
22 Jul 2020 22:05:34.868,22 Jul 2020 22:05:48.905,14.038
22 Jul 2020 23:09:03.810,22 Jul 2020 23:09:17.856,14.046
22 Jul 2020 23:38:35.539,22 Jul 2020 23:38:49.456,13.917
23 Jul 2020 00:41:57.465,23 Jul 2020 00:42:11.387,13.922
23 Jul 2020 01:11:36.132,23 Jul 2020 01:11:49.933,13.802
23 Jul 2020 02:14:51.171,23 Jul 2020 02:15:04.981,13.809
23 Jul 2020 02:44:36.609,23 Jul 2020 02:44:50.293,13.684
23 Jul 2020 03:47:44.865,23 Jul 2020 03:47:58.552,13.687
23 Jul 2020 04:17:36.974,23 Jul 2020 04:17:50.546,13.572
23 Jul 2020 05:20:38.569,23 Jul 2020 05:20:52.146,13.577
23 Jul 2020 05:50:37.240,23 Jul 2020 05:50:50.702,13.462
23 Jul 2020 06:53:32.293,23 Jul 2020 06:53:45.759,13.466
23 Jul 2020 07:23:37.410,23 Jul 2020 07:23:50.762,13.352
23 Jul 2020 08:26:26.033,23 Jul 2020 08:26:39.390,13.357
23 Jul 2020 08:56:37.451,23 Jul 2020 08:56:50.701,13.250
23 Jul 2020 09:59:19.779,23 Jul 2020 09:59:33.028,13.249
23 Jul 2020 10:29:37.432,23 Jul 2020 10:29:50.582,13.150
23 Jul 2020 11:32:13.549,23 Jul 2020 11:32:26.695,13.145
23 Jul 2020 12:02:37.324,23 Jul 2020 12:02:50.373,13.049
23 Jul 2020 13:05:07.335,23 Jul 2020 13:05:20.379,13.044
23 Jul 2020 13:35:37.128,23 Jul 2020 13:35:50.075,12.948
23 Jul 2020 14:38:01.136,23 Jul 2020 14:38:14.083,12.947
23 Jul 2020 15:08:36.845,23 Jul 2020 15:08:49.696,12.851
23 Jul 2020 16:10:54.950,23 Jul 2020 16:11:07.801,12.851
23 Jul 2020 16:41:36.477,23 Jul 2020 16:41:49.237,12.760
23 Jul 2020 17:43:48.815,23 Jul 2020 17:44:01.569,12.754
23 Jul 2020 18:14:36.053,23 Jul 2020 18:14:48.718,12.664
23 Jul 2020 19:16:42.659,23 Jul 2020 19:16:55.321,12.662
23 Jul 2020 19:47:35.524,23 Jul 2020 19:47:48.094,12.570
23 Jul 2020 20:49:36.500,23 Jul 2020 20:49:49.068,12.569
23 Jul 2020 21:20:34.893,23 Jul 2020 21:20:47.373,12.480
23 Jul 2020 22:22:30.372,23 Jul 2020 22:22:42.851,12.479
23 Jul 2020 22:53:34.205,23 Jul 2020 22:53:46.602,12.397
23 Jul 2020 23:55:24.261,23 Jul 2020 23:55:36.650,12.389
24 Jul 2020 00:26:33.441,24 Jul 2020 00:26:45.753,12.312
24 Jul 2020 01:28:18.162,24 Jul 2020 01:28:30.467,12.305
24 Jul 2020 01:59:32.598,24 Jul 2020 01:59:44.832,12.234
24 Jul 2020 03:01:12.076,24 Jul 2020 03:01:24.296,12.220
24 Jul 2020 03:32:31.687,24 Jul 2020 03:32:43.834,12.147
24 Jul 2020 04:34:06.003,24 Jul 2020 04:34:18.140,12.138
24 Jul 2020 05:05:30.709,24 Jul 2020 05:05:42.775,12.067
24 Jul 2020 06:07:00.094,24 Jul 2020 06:07:12.151,12.057
24 Jul 2020 06:38:29.797,24 Jul 2020 06:38:41.784,11.986
24 Jul 2020 07:39:54.053,24 Jul 2020 07:40:06.030,11.978
24 Jul 2020 08:11:28.681,24 Jul 2020 08:11:40.592,11.911
24 Jul 2020 09:12:48.099,24 Jul 2020 09:12:59.999,11.900
24 Jul 2020 09:44:27.556,24 Jul 2020 09:44:39.397,11.841
24 Jul 2020 10:45:42.088,24 Jul 2020 10:45:53.911,11.824
24 Jul 2020 11:17:26.313,24 Jul 2020 11:17:38.075,11.762
24 Jul 2020 12:18:36.089,24 Jul 2020 12:18:47.837,11.748
24 Jul 2020 12:50:25.010,24 Jul 2020 12:50:36.695,11.685
24 Jul 2020 13:51:30.103,24 Jul 2020 13:51:41.775,11.672
24 Jul 2020 14:23:23.640,24 Jul 2020 14:23:35.254,11.613
24 Jul 2020 15:24:24.126,24 Jul 2020 15:24:35.732,11.606
24 Jul 2020 15:56:22.208,24 Jul 2020 15:56:33.755,11.547
24 Jul 2020 16:57:18.169,24 Jul 2020 16:57:29.696,11.527
24 Jul 2020 17:29:20.713,24 Jul 2020 17:29:32.191,11.478
24 Jul 2020 18:30:12.215,24 Jul 2020 18:30:23.680,11.464
24 Jul 2020 19:02:19.167,24 Jul 2020 19:02:30.573,11.406
24 Jul 2020 20:03:06.280,24 Jul 2020 20:03:17.674,11.394
24 Jul 2020 20:35:17.554,24 Jul 2020 20:35:28.898,11.344
24 Jul 2020 21:36:00.893,24 Jul 2020 21:36:12.219,11.326
24 Jul 2020 22:08:16.382,24 Jul 2020 22:08:27.663,11.281
24 Jul 2020 23:08:55.006,24 Jul 2020 23:09:06.269,11.262
24 Jul 2020 23:41:14.691,24 Jul 2020 23:41:25.906,11.215
25 Jul 2020 00:41:49.123,25 Jul 2020 00:42:00.316,11.192
25 Jul 2020 01:14:12.947,25 Jul 2020 01:14:24.099,11.153
25 Jul 2020 02:14:43.262,25 Jul 2020 02:14:54.395,11.133
25 Jul 2020 02:47:11.151,25 Jul 2020 02:47:22.242,11.091
25 Jul 2020 03:47:37.423,25 Jul 2020 03:47:48.493,11.070
25 Jul 2020 04:20:09.237,25 Jul 2020 04:20:20.267,11.030
25 Jul 2020 05:20:31.546,25 Jul 2020 05:20:42.555,11.009
25 Jul 2020 05:53:07.336,25 Jul 2020 05:53:18.306,10.970
25 Jul 2020 06:53:25.717,25 Jul 2020 06:53:36.665,10.948
25 Jul 2020 07:26:05.375,25 Jul 2020 07:26:16.287,10.912
25 Jul 2020 08:26:19.889,25 Jul 2020 08:26:30.779,10.890
25 Jul 2020 08:59:03.360,25 Jul 2020 08:59:14.215,10.855
25 Jul 2020 09:59:14.088,25 Jul 2020 09:59:24.920,10.832
25 Jul 2020 10:32:01.310,25 Jul 2020 10:32:12.109,10.799
25 Jul 2020 11:32:08.299,25 Jul 2020 11:32:19.074,10.775
25 Jul 2020 12:04:59.213,25 Jul 2020 12:05:09.957,10.743
25 Jul 2020 13:05:02.522,25 Jul 2020 13:05:13.243,10.721
25 Jul 2020 13:37:57.070,25 Jul 2020 13:38:07.759,10.689
25 Jul 2020 14:37:56.756,25 Jul 2020 14:38:07.423,10.666
25 Jul 2020 15:10:54.882,25 Jul 2020 15:11:05.518,10.636
25 Jul 2020 16:10:51.002,25 Jul 2020 16:11:01.615,10.613
25 Jul 2020 16:43:52.650,25 Jul 2020 16:44:03.234,10.583
25 Jul 2020 17:43:45.262,25 Jul 2020 17:43:55.819,10.557
25 Jul 2020 18:16:50.377,25 Jul 2020 18:17:00.909,10.532
25 Jul 2020 19:16:39.531,25 Jul 2020 19:16:50.037,10.505
25 Jul 2020 19:49:48.059,25 Jul 2020 19:49:58.538,10.479
25 Jul 2020 20:49:33.551,25 Jul 2020 20:49:44.006,10.455
25 Jul 2020 21:22:45.423,25 Jul 2020 21:22:55.853,10.430
25 Jul 2020 22:22:27.812,25 Jul 2020 22:22:38.216,10.405
25 Jul 2020 22:55:42.989,25 Jul 2020 22:55:53.376,10.387
25 Jul 2020 23:55:22.083,25 Jul 2020 23:55:32.438,10.355
26 Jul 2020 00:28:40.521,26 Jul 2020 00:28:50.856,10.335
26 Jul 2020 01:28:16.377,26 Jul 2020 01:28:26.684,10.307
26 Jul 2020 02:01:38.025,26 Jul 2020 02:01:48.310,10.285
26 Jul 2020 03:01:10.663,26 Jul 2020 03:01:20.922,10.259
26 Jul 2020 03:34:35.446,26 Jul 2020 03:34:45.688,10.242
26 Jul 2020 04:34:04.948,26 Jul 2020 04:34:15.160,10.212
26 Jul 2020 05:07:32.847,26 Jul 2020 05:07:43.048,10.200
26 Jul 2020 06:06:59.251,26 Jul 2020 06:07:09.417,10.166
26 Jul 2020 06:40:30.209,26 Jul 2020 06:40:40.365,10.156
26 Jul 2020 07:39:53.564,26 Jul 2020 07:40:03.685,10.121
26 Jul 2020 08:13:27.537,26 Jul 2020 08:13:37.645,10.108
26 Jul 2020 09:12:47.886,26 Jul 2020 09:12:57.962,10.077
26 Jul 2020 09:46:24.819,26 Jul 2020 09:46:34.884,10.065
26 Jul 2020 10:45:42.217,26 Jul 2020 10:45:52.250,10.033
26 Jul 2020 11:19:22.071,26 Jul 2020 11:19:32.090,10.019
26 Jul 2020 12:18:36.557,26 Jul 2020 12:18:46.547,9.990
26 Jul 2020 12:52:19.280,26 Jul 2020 12:52:29.261,9.981
26 Jul 2020 13:51:30.907,26 Jul 2020 13:51:40.854,9.948
26 Jul 2020 14:25:16.460,26 Jul 2020 14:25:26.400,9.940
26 Jul 2020 15:24:25.265,26 Jul 2020 15:24:35.172,9.906
26 Jul 2020 15:58:13.599,26 Jul 2020 15:58:23.503,9.905
26 Jul 2020 16:57:19.633,26 Jul 2020 16:57:29.499,9.866
26 Jul 2020 17:31:10.706,26 Jul 2020 17:31:20.569,9.863
26 Jul 2020 18:30:14.010,26 Jul 2020 18:30:23.835,9.826
26 Jul 2020 19:04:07.782,26 Jul 2020 19:04:17.603,9.821
26 Jul 2020 20:03:08.853,26 Jul 2020 20:03:18.641,9.788
26 Jul 2020 20:37:05.289,26 Jul 2020 20:37:15.073,9.785
26 Jul 2020 21:36:03.284,26 Jul 2020 21:36:13.034,9.750
26 Jul 2020 22:10:02.330,26 Jul 2020 22:10:12.077,9.747
26 Jul 2020 23:08:57.726,26 Jul 2020 23:09:07.437,9.712
26 Jul 2020 23:42:59.344,26 Jul 2020 23:43:09.054,9.710
27 Jul 2020 00:41:52.178,27 Jul 2020 00:42:01.852,9.674
27 Jul 2020 01:15:56.327,27 Jul 2020 01:16:06.001,9.674
27 Jul 2020 02:14:46.638,27 Jul 2020 02:14:56.276,9.638
27 Jul 2020 02:48:53.282,27 Jul 2020 02:49:02.920,9.638
27 Jul 2020 03:47:41.111,27 Jul 2020 03:47:50.713,9.602
27 Jul 2020 04:21:50.207,27 Jul 2020 04:21:59.810,9.603
27 Jul 2020 05:20:35.595,27 Jul 2020 05:20:45.161,9.566
27 Jul 2020 05:54:47.104,27 Jul 2020 05:54:56.672,9.569
27 Jul 2020 06:53:30.090,27 Jul 2020 06:53:39.621,9.531
27 Jul 2020 07:27:43.973,27 Jul 2020 07:27:53.508,9.535
27 Jul 2020 08:26:24.595,27 Jul 2020 08:26:34.092,9.497
27 Jul 2020 09:00:40.815,27 Jul 2020 09:00:50.317,9.502
27 Jul 2020 09:59:19.110,27 Jul 2020 09:59:28.574,9.463
27 Jul 2020 10:33:37.631,27 Jul 2020 10:33:47.099,9.469
27 Jul 2020 11:32:13.636,27 Jul 2020 11:32:23.067,9.430
27 Jul 2020 12:06:34.420,27 Jul 2020 12:06:43.857,9.437
27 Jul 2020 13:05:08.173,27 Jul 2020 13:05:17.571,9.398
27 Jul 2020 13:39:30.762,27 Jul 2020 13:39:40.166,9.405
27 Jul 2020 14:38:02.285,27 Jul 2020 14:38:11.650,9.365
27 Jul 2020 15:12:27.496,27 Jul 2020 15:12:36.870,9.374
27 Jul 2020 16:10:56.835,27 Jul 2020 16:11:06.169,9.334
27 Jul 2020 16:45:24.187,27 Jul 2020 16:45:33.531,9.344
27 Jul 2020 17:43:51.385,27 Jul 2020 17:44:00.688,9.303
27 Jul 2020 18:18:20.857,27 Jul 2020 18:18:30.171,9.314
27 Jul 2020 19:16:45.945,27 Jul 2020 19:16:55.218,9.273
27 Jul 2020 19:51:17.503,27 Jul 2020 19:51:26.788,9.285
27 Jul 2020 20:49:40.443,27 Jul 2020 20:49:49.687,9.243
27 Jul 2020 21:24:14.068,27 Jul 2020 21:24:23.324,9.256
27 Jul 2020 22:22:35.020,27 Jul 2020 22:22:44.238,9.217
27 Jul 2020 22:57:10.663,27 Jul 2020 22:57:19.891,9.228
27 Jul 2020 23:55:29.608,27 Jul 2020 23:55:38.794,9.186
28 Jul 2020 00:30:07.235,28 Jul 2020 00:30:16.435,9.200
28 Jul 2020 01:28:24.206,28 Jul 2020 01:28:33.363,9.157
28 Jul 2020 02:03:03.785,28 Jul 2020 02:03:12.958,9.173
28 Jul 2020 03:01:18.814,28 Jul 2020 03:01:27.946,9.132
28 Jul 2020 03:36:00.313,28 Jul 2020 03:36:09.459,9.146
28 Jul 2020 04:34:13.435,28 Jul 2020 04:34:22.534,9.100
28 Jul 2020 05:08:56.843,28 Jul 2020 05:09:05.964,9.120
28 Jul 2020 06:07:08.073,28 Jul 2020 06:07:17.147,9.074
28 Jul 2020 06:41:53.330,28 Jul 2020 06:42:02.425,9.095
28 Jul 2020 07:40:02.648,28 Jul 2020 07:40:11.699,9.050
28 Jul 2020 08:14:49.737,28 Jul 2020 08:14:58.806,9.068
28 Jul 2020 09:12:57.289,28 Jul 2020 09:13:06.314,9.025
28 Jul 2020 09:47:46.173,28 Jul 2020 09:47:55.214,9.041
28 Jul 2020 10:45:51.940,28 Jul 2020 10:46:00.939,8.999
28 Jul 2020 11:20:42.584,28 Jul 2020 11:20:51.607,9.023
28 Jul 2020 12:18:46.601,28 Jul 2020 12:18:55.575,8.974
28 Jul 2020 12:53:38.979,28 Jul 2020 12:53:47.976,8.998
28 Jul 2020 13:51:41.272,28 Jul 2020 13:51:50.222,8.950
28 Jul 2020 14:26:35.353,28 Jul 2020 14:26:44.327,8.974
28 Jul 2020 15:24:35.953,28 Jul 2020 15:24:44.879,8.926
28 Jul 2020 15:59:31.708,28 Jul 2020 15:59:40.660,8.951
28 Jul 2020 16:57:30.647,28 Jul 2020 16:57:39.549,8.903
28 Jul 2020 17:32:28.050,28 Jul 2020 17:32:36.974,8.924
28 Jul 2020 18:30:25.348,28 Jul 2020 18:30:34.227,8.879
28 Jul 2020 19:05:24.368,28 Jul 2020 19:05:33.269,8.901
28 Jul 2020 20:03:20.088,28 Jul 2020 20:03:28.945,8.857
28 Jul 2020 20:38:20.691,28 Jul 2020 20:38:29.575,8.884
28 Jul 2020 21:36:14.813,28 Jul 2020 21:36:23.647,8.835
28 Jul 2020 22:11:16.975,28 Jul 2020 22:11:25.838,8.863
28 Jul 2020 23:09:09.547,28 Jul 2020 23:09:18.360,8.813
28 Jul 2020 23:44:13.244,28 Jul 2020 23:44:22.083,8.839
29 Jul 2020 00:42:04.293,29 Jul 2020 00:42:13.084,8.791
29 Jul 2020 01:17:09.491,29 Jul 2020 01:17:18.311,8.820
29 Jul 2020 02:14:59.049,29 Jul 2020 02:15:07.819,8.770
29 Jul 2020 02:50:05.725,29 Jul 2020 02:50:14.523,8.798
29 Jul 2020 03:47:53.815,29 Jul 2020 03:48:02.565,8.750
29 Jul 2020 04:23:01.941,29 Jul 2020 04:23:10.719,8.778
29 Jul 2020 05:20:48.614,29 Jul 2020 05:20:57.343,8.729
29 Jul 2020 05:55:58.158,29 Jul 2020 05:56:06.917,8.759
29 Jul 2020 06:53:43.426,29 Jul 2020 06:53:52.134,8.709
29 Jul 2020 07:28:54.336,29 Jul 2020 07:29:03.075,8.739
29 Jul 2020 08:26:38.231,29 Jul 2020 08:26:46.920,8.689
29 Jul 2020 09:01:50.511,29 Jul 2020 09:01:59.231,8.720
29 Jul 2020 09:59:33.047,29 Jul 2020 09:59:41.717,8.670
29 Jul 2020 10:34:46.670,29 Jul 2020 10:34:55.372,8.702
29 Jul 2020 11:32:27.874,29 Jul 2020 11:32:36.525,8.652
29 Jul 2020 12:07:42.812,29 Jul 2020 12:07:51.498,8.686
29 Jul 2020 13:05:22.712,29 Jul 2020 13:05:31.345,8.633
29 Jul 2020 13:40:38.943,29 Jul 2020 13:40:47.612,8.669
29 Jul 2020 14:38:17.561,29 Jul 2020 14:38:26.177,8.616
29 Jul 2020 15:13:35.059,29 Jul 2020 15:13:43.713,8.654
29 Jul 2020 16:11:12.437,29 Jul 2020 16:11:21.035,8.598
29 Jul 2020 16:46:31.176,29 Jul 2020 16:46:39.809,8.632
29 Jul 2020 17:44:07.311,29 Jul 2020 17:44:15.892,8.581
29 Jul 2020 18:19:27.268,29 Jul 2020 18:19:35.884,8.616
29 Jul 2020 19:17:02.197,29 Jul 2020 19:17:10.761,8.564
29 Jul 2020 19:52:23.347,29 Jul 2020 19:52:31.947,8.600
29 Jul 2020 20:50:03.796,29 Jul 2020 20:50:12.350,8.554
29 Jul 2020 21:25:25.884,29 Jul 2020 21:25:34.473,8.589
29 Jul 2020 22:23:00.217,29 Jul 2020 22:23:08.755,8.538
29 Jul 2020 22:58:23.448,29 Jul 2020 22:58:32.022,8.573
29 Jul 2020 23:55:56.671,29 Jul 2020 23:56:05.193,8.522
30 Jul 2020 00:31:21.022,30 Jul 2020 00:31:29.580,8.558
30 Jul 2020 01:28:53.159,30 Jul 2020 01:29:01.665,8.507
30 Jul 2020 02:04:18.605,30 Jul 2020 02:04:27.149,8.544
30 Jul 2020 03:01:49.679,30 Jul 2020 03:01:58.171,8.492
30 Jul 2020 03:37:16.198,30 Jul 2020 03:37:24.727,8.529
30 Jul 2020 04:34:46.233,30 Jul 2020 04:34:54.710,8.477
30 Jul 2020 05:10:13.801,30 Jul 2020 05:10:22.316,8.515
30 Jul 2020 06:07:42.820,30 Jul 2020 06:07:51.283,8.463
30 Jul 2020 06:43:11.414,30 Jul 2020 06:43:19.916,8.502
30 Jul 2020 07:40:39.441,30 Jul 2020 07:40:47.890,8.449
30 Jul 2020 08:16:09.039,30 Jul 2020 08:16:17.527,8.488
30 Jul 2020 09:13:36.095,30 Jul 2020 09:13:44.530,8.435
30 Jul 2020 09:49:06.674,30 Jul 2020 09:49:15.149,8.475
30 Jul 2020 10:46:32.783,30 Jul 2020 10:46:41.204,8.422
30 Jul 2020 11:22:04.320,30 Jul 2020 11:22:12.782,8.462
30 Jul 2020 12:19:29.504,30 Jul 2020 12:19:37.913,8.408
30 Jul 2020 12:55:01.977,30 Jul 2020 12:55:10.427,8.450
30 Jul 2020 13:52:26.259,30 Jul 2020 13:52:34.655,8.396
30 Jul 2020 14:27:59.647,30 Jul 2020 14:28:08.084,8.438
30 Jul 2020 15:25:23.048,30 Jul 2020 15:25:31.431,8.383
30 Jul 2020 16:00:57.328,30 Jul 2020 16:01:05.754,8.426
30 Jul 2020 16:58:19.870,30 Jul 2020 16:58:28.242,8.371
30 Jul 2020 17:33:55.021,30 Jul 2020 17:34:03.436,8.415
30 Jul 2020 18:31:16.727,30 Jul 2020 18:31:25.086,8.359
30 Jul 2020 19:06:52.727,30 Jul 2020 19:07:01.130,8.403
30 Jul 2020 20:04:09.484,30 Jul 2020 20:04:17.828,8.344
30 Jul 2020 20:39:46.354,30 Jul 2020 20:39:54.747,8.392
30 Jul 2020 21:37:06.222,30 Jul 2020 21:37:14.560,8.338
30 Jul 2020 22:12:43.892,30 Jul 2020 22:12:52.274,8.382
30 Jul 2020 23:10:03.056,30 Jul 2020 23:10:11.381,8.325
30 Jul 2020 23:45:41.500,30 Jul 2020 23:45:49.872,8.372
31 Jul 2020 00:42:59.980,31 Jul 2020 00:43:08.297,8.317
31 Jul 2020 01:18:39.178,31 Jul 2020 01:18:47.540,8.362
31 Jul 2020 02:15:56.998,31 Jul 2020 02:16:05.300,8.302
31 Jul 2020 02:51:36.926,31 Jul 2020 02:51:45.278,8.352
31 Jul 2020 03:48:54.106,31 Jul 2020 03:49:02.395,8.289
31 Jul 2020 04:24:32.957,31 Jul 2020 04:24:41.300,8.343
31 Jul 2020 05:21:48.553,31 Jul 2020 05:21:56.843,8.291
31 Jul 2020 05:57:30.119,31 Jul 2020 05:57:38.452,8.333
31 Jul 2020 06:54:44.996,31 Jul 2020 06:54:53.268,8.271
31 Jul 2020 07:30:27.249,31 Jul 2020 07:30:35.574,8.325
31 Jul 2020 08:27:41.424,31 Jul 2020 08:27:49.691,8.267
31 Jul 2020 09:03:24.349,31 Jul 2020 09:03:32.665,8.316
31 Jul 2020 10:00:37.841,31 Jul 2020 10:00:46.094,8.253
31 Jul 2020 10:36:21.417,31 Jul 2020 10:36:29.725,8.308
31 Jul 2020 11:33:34.243,31 Jul 2020 11:33:42.492,8.249
31 Jul 2020 12:09:18.456,31 Jul 2020 12:09:26.755,8.300
31 Jul 2020 13:06:30.639,31 Jul 2020 13:06:38.885,8.246
31 Jul 2020 13:42:15.464,31 Jul 2020 13:42:23.756,8.292
31 Jul 2020 14:39:27.030,31 Jul 2020 14:39:35.258,8.228
31 Jul 2020 15:15:12.442,31 Jul 2020 15:15:20.726,8.285
31 Jul 2020 16:12:23.400,31 Jul 2020 16:12:31.625,8.225
31 Jul 2020 16:48:09.390,31 Jul 2020 16:48:17.667,8.277
31 Jul 2020 17:45:19.765,31 Jul 2020 17:45:27.982,8.218
31 Jul 2020 18:21:06.308,31 Jul 2020 18:21:14.579,8.271
31 Jul 2020 19:18:16.119,31 Jul 2020 19:18:24.335,8.216
31 Jul 2020 19:54:03.198,31 Jul 2020 19:54:11.462,8.264
31 Jul 2020 20:51:12.469,31 Jul 2020 20:51:20.672,8.204
31 Jul 2020 21:27:00.060,31 Jul 2020 21:27:08.318,8.258
31 Jul 2020 22:24:11.658,31 Jul 2020 22:24:19.855,8.198
31 Jul 2020 22:59:59.685,31 Jul 2020 23:00:07.937,8.252
31 Jul 2020 23:57:08.369,31 Jul 2020 23:57:16.565,8.196
1 Aug 2020 00:32:56.870,1 Aug 2020 00:33:05.118,8.249
1 Aug 2020 01:30:05.100,1 Aug 2020 01:30:13.280,8.180
1 Aug 2020 02:05:54.052,1 Aug 2020 02:06:02.294,8.242
1 Aug 2020 03:03:01.834,1 Aug 2020 03:03:10.019,8.184
1 Aug 2020 03:38:51.226,1 Aug 2020 03:38:59.461,8.236
1 Aug 2020 04:35:58.589,1 Aug 2020 04:36:06.762,8.174
1 Aug 2020 05:11:48.397,1 Aug 2020 05:11:56.632,8.234
1 Aug 2020 06:08:55.335,1 Aug 2020 06:09:03.503,8.168
1 Aug 2020 06:44:45.546,1 Aug 2020 06:44:53.772,8.226
1 Aug 2020 07:41:52.115,1 Aug 2020 07:42:00.278,8.163
1 Aug 2020 08:17:42.703,1 Aug 2020 08:17:50.925,8.221
1 Aug 2020 09:14:48.909,1 Aug 2020 09:14:57.067,8.158
1 Aug 2020 09:50:39.864,1 Aug 2020 09:50:48.078,8.213
1 Aug 2020 10:47:45.713,1 Aug 2020 10:47:53.872,8.159
1 Aug 2020 11:23:37.018,1 Aug 2020 11:23:45.228,8.209
1 Aug 2020 12:20:42.536,1 Aug 2020 12:20:50.690,8.154
1 Aug 2020 12:56:34.168,1 Aug 2020 12:56:42.378,8.210
1 Aug 2020 13:53:39.378,1 Aug 2020 13:53:47.520,8.141
1 Aug 2020 14:29:31.315,1 Aug 2020 14:29:39.522,8.206
1 Aug 2020 15:26:36.227,1 Aug 2020 15:26:44.373,8.146
1 Aug 2020 16:02:28.456,1 Aug 2020 16:02:36.659,8.203
1 Aug 2020 16:59:33.098,1 Aug 2020 16:59:41.237,8.138
1 Aug 2020 17:35:25.601,1 Aug 2020 17:35:33.801,8.200
1 Aug 2020 18:32:29.977,1 Aug 2020 18:32:38.117,8.140
1 Aug 2020 19:08:22.741,1 Aug 2020 19:08:30.934,8.194
1 Aug 2020 20:05:26.879,1 Aug 2020 20:05:35.011,8.132
1 Aug 2020 20:41:19.878,1 Aug 2020 20:41:28.070,8.192
1 Aug 2020 21:38:23.788,1 Aug 2020 21:38:31.917,8.129
1 Aug 2020 22:14:17.010,1 Aug 2020 22:14:25.202,8.193
1 Aug 2020 23:11:20.716,1 Aug 2020 23:11:28.846,8.130
1 Aug 2020 23:47:14.150,1 Aug 2020 23:47:22.341,8.191
2 Aug 2020 00:44:17.658,2 Aug 2020 00:44:25.786,8.128
2 Aug 2020 01:20:11.285,2 Aug 2020 01:20:19.470,8.185
2 Aug 2020 02:17:14.621,2 Aug 2020 02:17:22.740,8.119
2 Aug 2020 02:53:08.416,2 Aug 2020 02:53:16.599,8.183
2 Aug 2020 03:50:11.594,2 Aug 2020 03:50:19.714,8.121
2 Aug 2020 04:26:05.544,2 Aug 2020 04:26:13.736,8.191
2 Aug 2020 05:23:08.569,2 Aug 2020 05:23:16.687,8.118
2 Aug 2020 05:59:02.666,2 Aug 2020 05:59:10.850,8.184
2 Aug 2020 06:56:05.569,2 Aug 2020 06:56:13.687,8.118
2 Aug 2020 07:31:59.785,2 Aug 2020 07:32:07.974,8.189
2 Aug 2020 08:29:02.585,2 Aug 2020 08:29:10.702,8.117
2 Aug 2020 09:04:56.908,2 Aug 2020 09:05:05.088,8.180
2 Aug 2020 10:01:59.619,2 Aug 2020 10:02:07.734,8.115
2 Aug 2020 10:37:54.022,2 Aug 2020 10:38:02.206,8.184
2 Aug 2020 11:34:56.664,2 Aug 2020 11:35:04.779,8.115
2 Aug 2020 12:10:51.145,2 Aug 2020 12:10:59.324,8.180
2 Aug 2020 13:07:53.728,2 Aug 2020 13:08:01.843,8.115
2 Aug 2020 13:43:48.258,2 Aug 2020 13:43:56.443,8.184
2 Aug 2020 14:40:50.810,2 Aug 2020 14:40:58.925,8.115
2 Aug 2020 15:16:45.376,2 Aug 2020 15:16:53.565,8.189
2 Aug 2020 16:13:47.908,2 Aug 2020 16:13:56.023,8.115
2 Aug 2020 16:49:42.499,2 Aug 2020 16:49:50.684,8.185
2 Aug 2020 17:46:45.022,2 Aug 2020 17:46:53.141,8.119
2 Aug 2020 18:22:39.614,2 Aug 2020 18:22:47.799,8.185
2 Aug 2020 19:19:42.158,2 Aug 2020 19:19:50.274,8.116
2 Aug 2020 19:55:36.733,2 Aug 2020 19:55:44.920,8.187
2 Aug 2020 20:52:39.162,2 Aug 2020 20:52:47.279,8.117
2 Aug 2020 21:28:33.702,2 Aug 2020 21:28:41.894,8.192
2 Aug 2020 22:25:36.313,2 Aug 2020 22:25:44.431,8.117
2 Aug 2020 23:01:30.813,2 Aug 2020 23:01:39.003,8.190
2 Aug 2020 23:58:33.485,2 Aug 2020 23:58:41.608,8.123
3 Aug 2020 00:34:27.922,3 Aug 2020 00:34:36.117,8.195
3 Aug 2020 01:31:30.678,3 Aug 2020 01:31:38.797,8.119
3 Aug 2020 02:07:25.039,3 Aug 2020 02:07:33.228,8.190
3 Aug 2020 03:04:27.879,3 Aug 2020 03:04:36.004,8.126
3 Aug 2020 03:40:22.151,3 Aug 2020 03:40:30.348,8.196
3 Aug 2020 04:37:25.101,3 Aug 2020 04:37:33.225,8.124
3 Aug 2020 05:13:19.192,3 Aug 2020 05:13:27.387,8.195
3 Aug 2020 06:10:22.234,3 Aug 2020 06:10:30.355,8.122
3 Aug 2020 06:46:16.290,3 Aug 2020 06:46:24.496,8.206
3 Aug 2020 07:43:19.477,3 Aug 2020 07:43:27.600,8.124
3 Aug 2020 08:19:13.394,3 Aug 2020 08:19:21.603,8.210
3 Aug 2020 09:16:16.736,3 Aug 2020 09:16:24.863,8.126
3 Aug 2020 09:52:10.504,3 Aug 2020 09:52:18.712,8.208
3 Aug 2020 10:49:14.020,3 Aug 2020 10:49:22.159,8.139
3 Aug 2020 11:25:07.623,3 Aug 2020 11:25:15.835,8.211
3 Aug 2020 12:22:11.309,3 Aug 2020 12:22:19.450,8.142
3 Aug 2020 12:58:04.726,3 Aug 2020 12:58:12.941,8.215
3 Aug 2020 13:55:08.629,3 Aug 2020 13:55:16.769,8.140
3 Aug 2020 14:31:01.835,3 Aug 2020 14:31:10.056,8.221
3 Aug 2020 15:28:05.962,3 Aug 2020 15:28:14.101,8.139
3 Aug 2020 16:03:58.957,3 Aug 2020 16:04:07.177,8.221
3 Aug 2020 17:01:03.306,3 Aug 2020 17:01:11.448,8.142
3 Aug 2020 17:36:56.066,3 Aug 2020 17:37:04.293,8.227
3 Aug 2020 18:34:00.669,3 Aug 2020 18:34:08.820,8.151
3 Aug 2020 19:09:53.187,3 Aug 2020 19:10:01.416,8.229
3 Aug 2020 20:06:58.106,3 Aug 2020 20:07:06.261,8.155
3 Aug 2020 20:42:50.349,3 Aug 2020 20:42:58.589,8.240
3 Aug 2020 21:39:55.519,3 Aug 2020 21:40:03.678,8.159
3 Aug 2020 22:15:47.489,3 Aug 2020 22:15:55.735,8.246
3 Aug 2020 23:12:52.956,3 Aug 2020 23:13:01.120,8.164
3 Aug 2020 23:48:44.639,3 Aug 2020 23:48:52.880,8.242
4 Aug 2020 00:45:50.412,4 Aug 2020 00:45:58.580,8.169
4 Aug 2020 01:21:41.787,4 Aug 2020 01:21:50.034,8.248
4 Aug 2020 02:18:47.887,4 Aug 2020 02:18:56.060,8.173
4 Aug 2020 02:54:38.940,4 Aug 2020 02:54:47.198,8.258
4 Aug 2020 03:51:45.381,4 Aug 2020 03:51:53.560,8.179
4 Aug 2020 04:27:36.144,4 Aug 2020 04:27:44.403,8.259
4 Aug 2020 05:24:42.927,4 Aug 2020 05:24:51.111,8.184
4 Aug 2020 06:00:33.298,4 Aug 2020 06:00:41.567,8.270
4 Aug 2020 06:57:40.456,4 Aug 2020 06:57:48.646,8.190
4 Aug 2020 07:33:30.464,4 Aug 2020 07:33:38.744,8.280
4 Aug 2020 08:30:38.031,4 Aug 2020 08:30:46.226,8.196
4 Aug 2020 09:06:27.629,4 Aug 2020 09:06:35.911,8.282
4 Aug 2020 10:03:35.597,4 Aug 2020 10:03:43.799,8.202
4 Aug 2020 10:39:24.799,4 Aug 2020 10:39:33.087,8.289
4 Aug 2020 11:36:33.188,4 Aug 2020 11:36:41.391,8.203
4 Aug 2020 12:12:21.973,4 Aug 2020 12:12:30.269,8.295
4 Aug 2020 13:09:30.766,4 Aug 2020 13:09:38.981,8.215
4 Aug 2020 13:45:19.159,4 Aug 2020 13:45:27.462,8.303
4 Aug 2020 14:42:28.392,4 Aug 2020 14:42:36.619,8.227
4 Aug 2020 15:18:16.346,4 Aug 2020 15:18:24.656,8.310
4 Aug 2020 16:15:26.038,4 Aug 2020 16:15:34.266,8.228
4 Aug 2020 16:51:13.537,4 Aug 2020 16:51:21.855,8.318
4 Aug 2020 17:48:23.738,4 Aug 2020 17:48:31.968,8.230
4 Aug 2020 18:24:10.735,4 Aug 2020 18:24:19.060,8.325
4 Aug 2020 19:21:21.419,4 Aug 2020 19:21:29.661,8.243
4 Aug 2020 19:57:07.938,4 Aug 2020 19:57:16.271,8.333
4 Aug 2020 20:54:19.159,4 Aug 2020 20:54:27.410,8.250
4 Aug 2020 21:30:05.181,4 Aug 2020 21:30:13.522,8.341
4 Aug 2020 22:27:16.891,4 Aug 2020 22:27:25.149,8.258
4 Aug 2020 23:03:02.399,4 Aug 2020 23:03:10.749,8.350
5 Aug 2020 00:00:14.639,5 Aug 2020 00:00:22.905,8.266
5 Aug 2020 00:35:59.624,5 Aug 2020 00:36:07.982,8.358
5 Aug 2020 01:33:12.412,5 Aug 2020 01:33:20.686,8.274
5 Aug 2020 02:08:56.855,5 Aug 2020 02:09:05.222,8.367
5 Aug 2020 03:06:10.202,5 Aug 2020 03:06:18.484,8.282
5 Aug 2020 03:41:54.094,5 Aug 2020 03:42:02.469,8.376
5 Aug 2020 04:39:08.087,5 Aug 2020 04:39:16.378,8.292
5 Aug 2020 05:14:51.444,5 Aug 2020 05:14:59.829,8.385
5 Aug 2020 06:12:05.863,5 Aug 2020 06:12:14.164,8.300
5 Aug 2020 06:47:48.649,5 Aug 2020 06:47:57.044,8.395
5 Aug 2020 07:45:03.657,5 Aug 2020 07:45:11.971,8.314
5 Aug 2020 08:20:45.855,5 Aug 2020 08:20:54.259,8.404
5 Aug 2020 09:18:01.466,5 Aug 2020 09:18:09.784,8.318
5 Aug 2020 09:53:43.058,5 Aug 2020 09:53:51.472,8.414
5 Aug 2020 10:50:59.286,5 Aug 2020 10:51:07.613,8.328
5 Aug 2020 11:26:40.257,5 Aug 2020 11:26:48.681,8.424
5 Aug 2020 12:23:57.450,5 Aug 2020 12:24:05.787,8.337
5 Aug 2020 12:59:37.771,5 Aug 2020 12:59:46.205,8.434
5 Aug 2020 13:56:55.376,5 Aug 2020 13:57:03.723,8.347
5 Aug 2020 14:32:35.048,5 Aug 2020 14:32:43.492,8.445
5 Aug 2020 15:29:53.321,5 Aug 2020 15:30:01.678,8.357
5 Aug 2020 16:05:32.330,5 Aug 2020 16:05:40.786,8.455
5 Aug 2020 17:02:51.305,5 Aug 2020 17:02:59.673,8.367
5 Aug 2020 17:38:29.638,5 Aug 2020 17:38:38.104,8.466
5 Aug 2020 18:35:49.295,5 Aug 2020 18:35:57.673,8.378
5 Aug 2020 19:11:26.937,5 Aug 2020 19:11:35.415,8.477
5 Aug 2020 20:08:47.439,5 Aug 2020 20:08:55.827,8.388
5 Aug 2020 20:44:24.376,5 Aug 2020 20:44:32.862,8.486
5 Aug 2020 21:41:45.496,5 Aug 2020 21:41:53.895,8.399
5 Aug 2020 22:17:21.716,5 Aug 2020 22:17:30.214,8.497
5 Aug 2020 23:14:43.575,5 Aug 2020 23:14:51.986,8.410
5 Aug 2020 23:50:19.064,5 Aug 2020 23:50:27.579,8.515
6 Aug 2020 00:47:41.678,6 Aug 2020 00:47:50.099,8.421
6 Aug 2020 01:23:16.427,6 Aug 2020 01:23:24.952,8.525
6 Aug 2020 02:20:39.803,6 Aug 2020 02:20:48.236,8.433
6 Aug 2020 02:56:13.837,6 Aug 2020 02:56:22.378,8.540
6 Aug 2020 03:53:37.979,6 Aug 2020 03:53:46.424,8.445
6 Aug 2020 04:29:11.155,6 Aug 2020 04:29:19.703,8.547
6 Aug 2020 05:26:36.109,6 Aug 2020 05:26:44.565,8.456
6 Aug 2020 06:02:08.548,6 Aug 2020 06:02:17.103,8.555
6 Aug 2020 06:59:34.307,6 Aug 2020 06:59:42.775,8.468
6 Aug 2020 07:35:05.947,6 Aug 2020 07:35:14.519,8.572
6 Aug 2020 08:32:32.529,6 Aug 2020 08:32:41.009,8.480
6 Aug 2020 09:08:03.362,6 Aug 2020 09:08:11.947,8.585
6 Aug 2020 10:05:30.774,6 Aug 2020 10:05:39.267,8.493
6 Aug 2020 10:41:00.788,6 Aug 2020 10:41:09.386,8.598
6 Aug 2020 11:38:29.044,6 Aug 2020 11:38:37.549,8.505
6 Aug 2020 12:13:58.226,6 Aug 2020 12:14:06.837,8.611
6 Aug 2020 13:11:27.324,6 Aug 2020 13:11:35.842,8.518
6 Aug 2020 13:46:55.661,6 Aug 2020 13:47:04.286,8.624
6 Aug 2020 14:44:25.642,6 Aug 2020 14:44:34.172,8.531
6 Aug 2020 15:19:53.123,6 Aug 2020 15:20:01.760,8.638
6 Aug 2020 16:17:23.984,6 Aug 2020 16:17:32.528,8.544
6 Aug 2020 16:52:50.596,6 Aug 2020 16:52:59.248,8.652
6 Aug 2020 17:50:22.355,6 Aug 2020 17:50:30.913,8.557
6 Aug 2020 18:25:48.086,6 Aug 2020 18:25:56.751,8.665
6 Aug 2020 19:23:20.747,6 Aug 2020 19:23:29.318,8.571
6 Aug 2020 19:58:45.585,6 Aug 2020 19:58:54.264,8.679
6 Aug 2020 20:56:19.218,6 Aug 2020 20:56:27.802,8.585
6 Aug 2020 21:31:43.152,6 Aug 2020 21:31:51.846,8.694
6 Aug 2020 22:29:17.662,6 Aug 2020 22:29:26.261,8.598
6 Aug 2020 23:04:40.680,6 Aug 2020 23:04:49.388,8.708
7 Aug 2020 00:02:16.132,7 Aug 2020 00:02:24.744,8.612
7 Aug 2020 00:37:38.222,7 Aug 2020 00:37:46.945,8.723
7 Aug 2020 01:35:14.624,7 Aug 2020 01:35:23.251,8.627
7 Aug 2020 02:10:35.776,7 Aug 2020 02:10:44.514,8.738
7 Aug 2020 03:08:13.144,7 Aug 2020 03:08:21.785,8.641
7 Aug 2020 03:43:33.344,7 Aug 2020 03:43:42.097,8.753
7 Aug 2020 04:41:11.635,7 Aug 2020 04:41:20.291,8.656
7 Aug 2020 05:16:30.879,7 Aug 2020 05:16:39.646,8.768
7 Aug 2020 06:14:10.059,7 Aug 2020 06:14:18.730,8.671
7 Aug 2020 06:49:28.375,7 Aug 2020 06:49:37.158,8.784
7 Aug 2020 07:47:08.563,7 Aug 2020 07:47:17.252,8.689
7 Aug 2020 08:22:25.898,7 Aug 2020 08:22:34.697,8.799
7 Aug 2020 09:20:07.084,7 Aug 2020 09:20:15.783,8.698
7 Aug 2020 09:55:23.422,7 Aug 2020 09:55:32.237,8.815
7 Aug 2020 10:53:05.616,7 Aug 2020 10:53:14.328,8.712
7 Aug 2020 11:28:20.947,7 Aug 2020 11:28:29.778,8.830
7 Aug 2020 12:26:04.740,7 Aug 2020 12:26:13.471,8.732
7 Aug 2020 13:01:18.997,7 Aug 2020 13:01:27.843,8.846
7 Aug 2020 13:59:03.438,7 Aug 2020 13:59:12.185,8.747
7 Aug 2020 14:34:16.665,7 Aug 2020 14:34:25.528,8.862
7 Aug 2020 15:32:02.162,7 Aug 2020 15:32:10.926,8.763
7 Aug 2020 16:07:14.349,7 Aug 2020 16:07:23.228,8.879
7 Aug 2020 17:05:00.919,7 Aug 2020 17:05:09.699,8.779
7 Aug 2020 17:40:12.055,7 Aug 2020 17:40:20.950,8.895
7 Aug 2020 18:37:59.698,7 Aug 2020 18:38:08.493,8.795
7 Aug 2020 19:13:09.771,7 Aug 2020 19:13:18.683,8.912
7 Aug 2020 20:10:58.511,7 Aug 2020 20:11:07.323,8.812
7 Aug 2020 20:46:07.511,7 Aug 2020 20:46:16.441,8.930
7 Aug 2020 21:43:57.343,7 Aug 2020 21:44:06.171,8.828
7 Aug 2020 22:19:05.263,7 Aug 2020 22:19:14.208,8.945
7 Aug 2020 23:16:56.201,7 Aug 2020 23:17:05.046,8.845
7 Aug 2020 23:52:03.030,7 Aug 2020 23:52:11.992,8.963
8 Aug 2020 00:49:55.087,8 Aug 2020 00:50:03.949,8.862
8 Aug 2020 01:25:00.811,8 Aug 2020 01:25:09.793,8.982
8 Aug 2020 02:22:53.999,8 Aug 2020 02:23:02.878,8.879
8 Aug 2020 02:57:58.614,8 Aug 2020 02:58:07.612,8.998
8 Aug 2020 03:55:52.938,8 Aug 2020 03:56:01.834,8.896
8 Aug 2020 04:30:56.433,8 Aug 2020 04:31:05.448,9.015
8 Aug 2020 05:28:51.904,8 Aug 2020 05:29:00.818,8.914
8 Aug 2020 06:03:54.266,8 Aug 2020 06:04:03.299,9.033
8 Aug 2020 07:01:51.277,8 Aug 2020 07:02:00.211,8.933
8 Aug 2020 07:36:52.584,8 Aug 2020 07:37:01.639,9.055
8 Aug 2020 08:34:50.323,8 Aug 2020 08:34:59.274,8.951
8 Aug 2020 09:09:50.480,8 Aug 2020 09:09:59.553,9.074
8 Aug 2020 10:07:49.396,8 Aug 2020 10:07:58.365,8.969
8 Aug 2020 10:42:48.395,8 Aug 2020 10:42:57.484,9.089
8 Aug 2020 11:40:48.498,8 Aug 2020 11:40:57.484,8.987
8 Aug 2020 12:15:46.330,8 Aug 2020 12:15:55.437,9.107
8 Aug 2020 13:13:47.381,8 Aug 2020 13:13:56.384,9.004
8 Aug 2020 13:48:43.985,8 Aug 2020 13:48:53.110,9.125
8 Aug 2020 14:46:46.520,8 Aug 2020 14:46:55.541,9.022
8 Aug 2020 15:21:41.941,8 Aug 2020 15:21:51.084,9.143
8 Aug 2020 16:19:45.760,8 Aug 2020 16:19:54.800,9.040
8 Aug 2020 16:54:39.988,8 Aug 2020 16:54:49.149,9.162
8 Aug 2020 17:52:44.959,8 Aug 2020 17:52:54.017,9.059
8 Aug 2020 18:27:37.987,8 Aug 2020 18:27:47.168,9.181
8 Aug 2020 19:25:44.185,8 Aug 2020 19:25:53.263,9.077
8 Aug 2020 20:00:36.007,8 Aug 2020 20:00:45.206,9.200
8 Aug 2020 20:58:43.461,8 Aug 2020 20:58:52.557,9.096
8 Aug 2020 21:33:34.070,8 Aug 2020 21:33:43.289,9.219
8 Aug 2020 22:31:42.746,8 Aug 2020 22:31:51.861,9.115
8 Aug 2020 23:06:32.133,8 Aug 2020 23:06:41.371,9.238
9 Aug 2020 00:04:42.058,9 Aug 2020 00:04:51.193,9.134
9 Aug 2020 00:39:30.216,9 Aug 2020 00:39:39.473,9.257
9 Aug 2020 01:37:41.399,9 Aug 2020 01:37:50.552,9.154
9 Aug 2020 02:12:28.321,9 Aug 2020 02:12:37.600,9.279
9 Aug 2020 03:10:40.796,9 Aug 2020 03:10:49.969,9.173
9 Aug 2020 03:45:26.479,9 Aug 2020 03:45:35.776,9.296
9 Aug 2020 04:43:40.193,9 Aug 2020 04:43:49.386,9.192
9 Aug 2020 05:18:24.628,9 Aug 2020 05:18:33.944,9.316
9 Aug 2020 06:16:39.618,9 Aug 2020 06:16:48.831,9.212
9 Aug 2020 06:51:22.798,9 Aug 2020 06:51:32.133,9.336
9 Aug 2020 07:49:39.072,9 Aug 2020 07:49:48.304,9.232
9 Aug 2020 08:24:20.989,9 Aug 2020 08:24:30.345,9.356
9 Aug 2020 09:22:38.557,9 Aug 2020 09:22:47.806,9.250
9 Aug 2020 09:57:19.204,9 Aug 2020 09:57:28.579,9.376
9 Aug 2020 10:55:38.066,9 Aug 2020 10:55:47.337,9.272
9 Aug 2020 11:30:17.440,9 Aug 2020 11:30:26.836,9.396
9 Aug 2020 12:28:37.662,9 Aug 2020 12:28:46.951,9.289
9 Aug 2020 13:03:15.755,9 Aug 2020 13:03:25.171,9.416
9 Aug 2020 14:01:37.227,9 Aug 2020 14:01:46.539,9.312
9 Aug 2020 14:36:14.041,9 Aug 2020 14:36:23.477,9.436
9 Aug 2020 15:34:36.823,9 Aug 2020 15:34:46.155,9.332
9 Aug 2020 16:09:12.347,9 Aug 2020 16:09:21.805,9.458
9 Aug 2020 17:07:36.407,9 Aug 2020 17:07:45.759,9.352
9 Aug 2020 17:42:10.637,9 Aug 2020 17:42:20.114,9.476
9 Aug 2020 18:40:36.058,9 Aug 2020 18:40:45.431,9.373
9 Aug 2020 19:15:08.992,9 Aug 2020 19:15:18.486,9.494
9 Aug 2020 20:13:35.738,9 Aug 2020 20:13:45.131,9.393
9 Aug 2020 20:48:07.367,9 Aug 2020 20:48:16.884,9.517
9 Aug 2020 21:46:35.432,9 Aug 2020 21:46:44.845,9.414
9 Aug 2020 22:21:05.756,9 Aug 2020 22:21:15.297,9.541
9 Aug 2020 23:19:35.166,9 Aug 2020 23:19:44.601,9.435
9 Aug 2020 23:54:04.182,9 Aug 2020 23:54:13.741,9.559
10 Aug 2020 00:52:34.901,10 Aug 2020 00:52:44.356,9.455
10 Aug 2020 01:27:02.606,10 Aug 2020 01:27:12.186,9.579
10 Aug 2020 02:25:34.690,10 Aug 2020 02:25:44.166,9.476
10 Aug 2020 03:00:01.083,10 Aug 2020 03:00:10.683,9.600
10 Aug 2020 03:58:34.506,10 Aug 2020 03:58:44.003,9.497
10 Aug 2020 04:32:59.579,10 Aug 2020 04:33:09.203,9.624
10 Aug 2020 05:31:34.349,10 Aug 2020 05:31:43.867,9.518
10 Aug 2020 06:05:58.104,10 Aug 2020 06:06:07.748,9.645
10 Aug 2020 07:04:34.220,10 Aug 2020 07:04:43.759,9.539
10 Aug 2020 07:38:56.653,10 Aug 2020 07:39:06.316,9.663
10 Aug 2020 08:37:34.118,10 Aug 2020 08:37:43.680,9.563
10 Aug 2020 09:11:55.231,10 Aug 2020 09:12:04.911,9.681
10 Aug 2020 10:10:34.045,10 Aug 2020 10:10:43.627,9.582
10 Aug 2020 10:44:53.829,10 Aug 2020 10:45:03.533,9.705
10 Aug 2020 11:43:33.962,10 Aug 2020 11:43:43.565,9.603
10 Aug 2020 12:17:52.424,10 Aug 2020 12:18:02.146,9.723
10 Aug 2020 13:16:33.939,10 Aug 2020 13:16:43.563,9.624
10 Aug 2020 13:50:51.075,10 Aug 2020 13:51:00.820,9.744
10 Aug 2020 14:49:33.942,10 Aug 2020 14:49:43.588,9.646
10 Aug 2020 15:23:49.752,10 Aug 2020 15:23:59.520,9.768
10 Aug 2020 16:22:33.972,10 Aug 2020 16:22:43.639,9.667
10 Aug 2020 16:56:48.456,10 Aug 2020 16:56:58.241,9.785
10 Aug 2020 17:55:34.018,10 Aug 2020 17:55:43.706,9.688
10 Aug 2020 18:29:47.172,10 Aug 2020 18:29:56.982,9.809
10 Aug 2020 19:28:34.100,10 Aug 2020 19:28:43.809,9.710
10 Aug 2020 20:02:45.929,10 Aug 2020 20:02:55.759,9.830
10 Aug 2020 21:01:34.208,10 Aug 2020 21:01:43.939,9.731
10 Aug 2020 21:35:44.683,10 Aug 2020 21:35:54.535,9.851
10 Aug 2020 22:34:34.309,10 Aug 2020 22:34:44.062,9.753
10 Aug 2020 23:08:43.492,10 Aug 2020 23:08:53.365,9.872
11 Aug 2020 00:07:34.502,11 Aug 2020 00:07:44.277,9.775
11 Aug 2020 00:41:42.383,11 Aug 2020 00:41:52.277,9.894
11 Aug 2020 01:40:34.683,11 Aug 2020 01:40:44.479,9.796
11 Aug 2020 02:14:41.244,11 Aug 2020 02:14:51.159,9.915
11 Aug 2020 03:13:34.856,11 Aug 2020 03:13:44.674,9.818
11 Aug 2020 03:47:40.108,11 Aug 2020 03:47:50.043,9.936
11 Aug 2020 04:46:35.084,11 Aug 2020 04:46:44.923,9.839
11 Aug 2020 05:20:39.022,11 Aug 2020 05:20:48.978,9.956
11 Aug 2020 06:19:35.337,11 Aug 2020 06:19:45.197,9.860
11 Aug 2020 06:53:37.964,11 Aug 2020 06:53:47.941,9.977
11 Aug 2020 07:52:35.613,11 Aug 2020 07:52:45.495,9.882
11 Aug 2020 08:26:36.934,11 Aug 2020 08:26:46.932,9.998
11 Aug 2020 09:25:35.914,11 Aug 2020 09:25:45.820,9.906
11 Aug 2020 09:59:35.932,11 Aug 2020 09:59:45.948,10.017
11 Aug 2020 10:58:36.239,11 Aug 2020 10:58:46.163,9.925
11 Aug 2020 11:32:34.956,11 Aug 2020 11:32:44.998,10.042
11 Aug 2020 12:31:36.587,11 Aug 2020 12:31:46.530,9.943
11 Aug 2020 13:05:34.010,11 Aug 2020 13:05:44.068,10.058
11 Aug 2020 14:04:36.956,11 Aug 2020 14:04:46.923,9.967
11 Aug 2020 14:38:33.094,11 Aug 2020 14:38:43.173,10.080
11 Aug 2020 15:37:37.350,11 Aug 2020 15:37:47.338,9.988
11 Aug 2020 16:11:32.202,11 Aug 2020 16:11:42.302,10.100
11 Aug 2020 17:10:37.767,11 Aug 2020 17:10:47.776,10.009
11 Aug 2020 17:44:31.345,11 Aug 2020 17:44:41.463,10.118
11 Aug 2020 18:43:38.206,11 Aug 2020 18:43:48.236,10.030
11 Aug 2020 19:17:30.515,11 Aug 2020 19:17:40.655,10.140
11 Aug 2020 20:16:38.667,11 Aug 2020 20:16:48.718,10.051
11 Aug 2020 20:50:29.792,11 Aug 2020 20:50:39.949,10.157
11 Aug 2020 21:49:39.234,11 Aug 2020 21:49:49.307,10.072
11 Aug 2020 22:23:29.020,11 Aug 2020 22:23:39.200,10.180
11 Aug 2020 23:22:39.742,11 Aug 2020 23:22:49.836,10.093
11 Aug 2020 23:56:28.280,11 Aug 2020 23:56:38.483,10.203
12 Aug 2020 00:55:40.272,12 Aug 2020 00:55:50.388,10.116
12 Aug 2020 01:29:27.569,12 Aug 2020 01:29:37.789,10.220
12 Aug 2020 02:28:40.965,12 Aug 2020 02:28:51.100,10.136
12 Aug 2020 03:02:27.055,12 Aug 2020 03:02:37.291,10.236
12 Aug 2020 04:01:41.547,12 Aug 2020 04:01:51.703,10.156
12 Aug 2020 04:35:26.414,12 Aug 2020 04:35:36.673,10.259
12 Aug 2020 05:34:42.149,12 Aug 2020 05:34:52.325,10.176
12 Aug 2020 06:08:25.799,12 Aug 2020 06:08:36.081,10.282
12 Aug 2020 07:07:42.771,12 Aug 2020 07:07:52.968,10.197
12 Aug 2020 07:41:25.218,12 Aug 2020 07:41:35.516,10.297
12 Aug 2020 08:40:43.413,12 Aug 2020 08:40:53.630,10.217
12 Aug 2020 09:14:24.668,12 Aug 2020 09:14:34.984,10.316
12 Aug 2020 10:13:44.075,12 Aug 2020 10:13:54.311,10.237
12 Aug 2020 10:47:24.147,12 Aug 2020 10:47:34.485,10.338
12 Aug 2020 11:46:44.755,12 Aug 2020 11:46:55.011,10.257
12 Aug 2020 12:20:23.656,12 Aug 2020 12:20:34.009,10.353
12 Aug 2020 13:19:45.421,12 Aug 2020 13:19:55.697,10.276
12 Aug 2020 13:53:23.166,12 Aug 2020 13:53:33.537,10.371
12 Aug 2020 14:52:46.136,12 Aug 2020 14:52:56.431,10.296
12 Aug 2020 15:26:22.733,12 Aug 2020 15:26:33.123,10.390
12 Aug 2020 16:25:46.868,12 Aug 2020 16:25:57.183,10.315
12 Aug 2020 16:59:22.331,12 Aug 2020 16:59:32.738,10.407
12 Aug 2020 17:58:47.617,12 Aug 2020 17:58:57.951,10.334
12 Aug 2020 18:32:21.958,12 Aug 2020 18:32:32.383,10.425
12 Aug 2020 19:31:48.382,12 Aug 2020 19:31:58.736,10.353
12 Aug 2020 20:05:21.616,12 Aug 2020 20:05:32.060,10.444
12 Aug 2020 21:04:49.164,12 Aug 2020 21:04:59.536,10.372
12 Aug 2020 21:38:21.298,12 Aug 2020 21:38:31.753,10.455
12 Aug 2020 22:37:49.957,12 Aug 2020 22:38:00.348,10.390
12 Aug 2020 23:11:21.013,12 Aug 2020 23:11:31.489,10.476
13 Aug 2020 00:10:50.771,13 Aug 2020 00:11:01.179,10.409
13 Aug 2020 00:44:20.762,13 Aug 2020 00:44:31.254,10.493
13 Aug 2020 01:43:51.574,13 Aug 2020 01:44:02.001,10.427
13 Aug 2020 02:17:20.518,13 Aug 2020 02:17:31.027,10.509
13 Aug 2020 03:16:52.412,13 Aug 2020 03:17:02.857,10.445
13 Aug 2020 03:50:20.325,13 Aug 2020 03:50:30.850,10.525
13 Aug 2020 04:49:53.264,13 Aug 2020 04:50:03.724,10.460
13 Aug 2020 05:23:20.159,13 Aug 2020 05:23:30.700,10.541
13 Aug 2020 06:22:54.126,13 Aug 2020 06:23:04.606,10.480
13 Aug 2020 06:56:20.022,13 Aug 2020 06:56:30.579,10.557
13 Aug 2020 07:55:55.003,13 Aug 2020 07:56:05.503,10.500
13 Aug 2020 08:29:19.914,13 Aug 2020 08:29:30.486,10.572
13 Aug 2020 09:28:55.891,13 Aug 2020 09:29:06.405,10.514
13 Aug 2020 10:02:19.837,13 Aug 2020 10:02:30.421,10.584
13 Aug 2020 11:01:56.794,13 Aug 2020 11:02:07.321,10.527
13 Aug 2020 11:35:19.785,13 Aug 2020 11:35:30.389,10.604
13 Aug 2020 12:34:57.701,13 Aug 2020 12:35:08.248,10.547
13 Aug 2020 13:08:19.764,13 Aug 2020 13:08:30.380,10.616
13 Aug 2020 14:07:58.621,13 Aug 2020 14:08:09.184,10.563
13 Aug 2020 14:41:19.772,13 Aug 2020 14:41:30.402,10.630
13 Aug 2020 15:40:59.551,13 Aug 2020 15:41:10.130,10.579
13 Aug 2020 16:14:19.809,13 Aug 2020 16:14:30.453,10.644
13 Aug 2020 17:14:00.408,13 Aug 2020 17:14:11.002,10.594
13 Aug 2020 17:47:19.784,13 Aug 2020 17:47:30.444,10.660
13 Aug 2020 18:47:01.352,13 Aug 2020 18:47:11.961,10.609
13 Aug 2020 19:20:19.874,13 Aug 2020 19:20:30.547,10.673
13 Aug 2020 20:20:02.328,13 Aug 2020 20:20:12.954,10.626
13 Aug 2020 20:53:20.017,13 Aug 2020 20:53:30.699,10.682
13 Aug 2020 21:53:03.290,13 Aug 2020 21:53:13.928,10.638
13 Aug 2020 22:26:20.166,13 Aug 2020 22:26:30.862,10.696
13 Aug 2020 23:26:04.256,13 Aug 2020 23:26:14.908,10.653
13 Aug 2020 23:59:20.340,13 Aug 2020 23:59:31.044,10.704
14 Aug 2020 00:59:05.067,14 Aug 2020 00:59:15.732,10.666
14 Aug 2020 01:32:20.392,14 Aug 2020 01:32:31.111,10.719
14 Aug 2020 02:32:06.023,14 Aug 2020 02:32:16.702,10.679
14 Aug 2020 03:05:20.600,14 Aug 2020 03:05:31.330,10.730
14 Aug 2020 04:05:06.983,14 Aug 2020 04:05:17.675,10.692
14 Aug 2020 04:38:20.835,14 Aug 2020 04:38:31.575,10.740
14 Aug 2020 05:38:07.945,14 Aug 2020 05:38:18.650,10.705
14 Aug 2020 06:11:21.094,14 Aug 2020 06:11:31.840,10.745
14 Aug 2020 07:11:08.910,14 Aug 2020 07:11:19.627,10.718
14 Aug 2020 07:44:21.373,14 Aug 2020 07:44:32.133,10.760
14 Aug 2020 08:44:10.000,14 Aug 2020 08:44:20.731,10.730
14 Aug 2020 09:17:21.808,14 Aug 2020 09:17:32.578,10.770
14 Aug 2020 10:17:10.984,14 Aug 2020 10:17:21.726,10.742
14 Aug 2020 10:50:22.157,14 Aug 2020 10:50:32.932,10.775
14 Aug 2020 11:50:11.969,14 Aug 2020 11:50:22.723,10.754
14 Aug 2020 12:23:22.530,14 Aug 2020 12:23:33.315,10.784
14 Aug 2020 13:23:12.950,14 Aug 2020 13:23:23.715,10.765
14 Aug 2020 13:56:22.918,14 Aug 2020 13:56:33.711,10.793
14 Aug 2020 14:56:13.938,14 Aug 2020 14:56:24.713,10.775
14 Aug 2020 15:29:23.343,14 Aug 2020 15:29:34.148,10.806
14 Aug 2020 16:29:14.925,14 Aug 2020 16:29:25.711,10.785
14 Aug 2020 17:02:23.792,14 Aug 2020 17:02:34.603,10.811
14 Aug 2020 18:02:15.944,14 Aug 2020 18:02:26.739,10.795
14 Aug 2020 18:35:24.298,14 Aug 2020 18:35:35.121,10.823
14 Aug 2020 19:35:16.930,14 Aug 2020 19:35:27.734,10.805
14 Aug 2020 20:08:24.800,14 Aug 2020 20:08:35.623,10.822
14 Aug 2020 21:08:17.913,14 Aug 2020 21:08:28.726,10.814
14 Aug 2020 21:41:25.316,14 Aug 2020 21:41:36.150,10.834
14 Aug 2020 22:41:18.893,14 Aug 2020 22:41:29.715,10.822
14 Aug 2020 23:14:25.859,14 Aug 2020 23:14:36.698,10.840
15 Aug 2020 00:14:19.869,15 Aug 2020 00:14:30.699,10.830
15 Aug 2020 00:47:26.424,15 Aug 2020 00:47:37.269,10.845
15 Aug 2020 01:47:20.840,15 Aug 2020 01:47:31.678,10.838
15 Aug 2020 02:20:27.010,15 Aug 2020 02:20:37.862,10.852
15 Aug 2020 03:20:21.804,15 Aug 2020 03:20:32.649,10.845
15 Aug 2020 03:53:27.619,15 Aug 2020 03:53:38.474,10.855
15 Aug 2020 04:53:22.764,15 Aug 2020 04:53:33.620,10.855
15 Aug 2020 05:26:28.247,15 Aug 2020 05:26:39.106,10.859
15 Aug 2020 06:26:23.718,15 Aug 2020 06:26:34.579,10.861
15 Aug 2020 06:59:28.895,15 Aug 2020 06:59:39.758,10.863
15 Aug 2020 07:59:24.665,15 Aug 2020 07:59:35.529,10.864
15 Aug 2020 08:32:29.560,15 Aug 2020 08:32:40.427,10.867
15 Aug 2020 09:32:25.453,15 Aug 2020 09:32:36.323,10.870
15 Aug 2020 10:05:30.102,15 Aug 2020 10:05:40.971,10.869
15 Aug 2020 11:05:26.378,15 Aug 2020 11:05:37.253,10.875
15 Aug 2020 11:38:30.801,15 Aug 2020 11:38:41.672,10.871
15 Aug 2020 12:38:27.294,15 Aug 2020 12:38:38.174,10.879
15 Aug 2020 13:11:31.519,15 Aug 2020 13:11:42.392,10.873
15 Aug 2020 14:11:28.200,15 Aug 2020 14:11:39.084,10.884
15 Aug 2020 14:44:32.253,15 Aug 2020 14:44:43.128,10.874
15 Aug 2020 15:44:29.096,15 Aug 2020 15:44:39.983,10.887
15 Aug 2020 16:17:33.005,15 Aug 2020 16:17:43.880,10.875
15 Aug 2020 17:17:29.981,15 Aug 2020 17:17:40.874,10.893
15 Aug 2020 17:50:33.773,15 Aug 2020 17:50:44.649,10.876
15 Aug 2020 18:50:30.857,15 Aug 2020 18:50:41.750,10.893
15 Aug 2020 19:23:34.559,15 Aug 2020 19:23:45.435,10.876
15 Aug 2020 20:23:31.718,15 Aug 2020 20:23:42.613,10.895
15 Aug 2020 20:56:35.358,15 Aug 2020 20:56:46.234,10.875
15 Aug 2020 21:56:32.566,15 Aug 2020 21:56:43.463,10.897
15 Aug 2020 22:29:36.172,15 Aug 2020 22:29:47.046,10.874
15 Aug 2020 23:29:33.401,15 Aug 2020 23:29:44.299,10.898
16 Aug 2020 00:02:37.000,16 Aug 2020 00:02:47.873,10.873
16 Aug 2020 01:02:34.286,16 Aug 2020 01:02:45.185,10.899
16 Aug 2020 01:35:37.902,16 Aug 2020 01:35:48.775,10.873
16 Aug 2020 02:35:35.096,16 Aug 2020 02:35:45.995,10.899
16 Aug 2020 03:08:38.760,16 Aug 2020 03:08:49.627,10.867
16 Aug 2020 04:08:35.891,16 Aug 2020 04:08:46.790,10.899
16 Aug 2020 04:41:39.628,16 Aug 2020 04:41:50.499,10.871
16 Aug 2020 05:41:36.670,16 Aug 2020 05:41:47.568,10.898
16 Aug 2020 06:14:40.514,16 Aug 2020 06:14:51.372,10.859
16 Aug 2020 07:14:37.433,16 Aug 2020 07:14:48.330,10.897
16 Aug 2020 07:47:41.406,16 Aug 2020 07:47:52.266,10.860
16 Aug 2020 08:47:38.179,16 Aug 2020 08:47:49.075,10.896
16 Aug 2020 09:20:42.306,16 Aug 2020 09:20:53.165,10.859
16 Aug 2020 10:20:38.909,16 Aug 2020 10:20:49.803,10.894
16 Aug 2020 10:53:43.224,16 Aug 2020 10:53:54.073,10.850
16 Aug 2020 11:53:39.621,16 Aug 2020 11:53:50.512,10.892
16 Aug 2020 12:26:44.146,16 Aug 2020 12:26:54.990,10.845
16 Aug 2020 13:26:40.362,16 Aug 2020 13:26:51.251,10.889
16 Aug 2020 13:59:45.117,16 Aug 2020 13:59:55.953,10.835
16 Aug 2020 14:59:41.040,16 Aug 2020 14:59:51.925,10.885
16 Aug 2020 15:32:46.059,16 Aug 2020 15:32:56.891,10.832
16 Aug 2020 16:32:41.698,16 Aug 2020 16:32:52.580,10.882
16 Aug 2020 17:05:47.005,16 Aug 2020 17:05:57.835,10.830
16 Aug 2020 18:05:42.337,16 Aug 2020 18:05:53.214,10.877
16 Aug 2020 18:38:47.961,16 Aug 2020 18:38:58.786,10.825
16 Aug 2020 19:38:42.956,16 Aug 2020 19:38:53.828,10.873
16 Aug 2020 20:11:48.924,16 Aug 2020 20:11:59.737,10.814
16 Aug 2020 21:11:43.554,16 Aug 2020 21:11:54.422,10.867
16 Aug 2020 21:44:49.892,16 Aug 2020 21:45:00.698,10.806
16 Aug 2020 22:44:44.132,16 Aug 2020 22:44:54.993,10.862
16 Aug 2020 23:17:50.865,16 Aug 2020 23:18:01.663,10.798
17 Aug 2020 00:17:44.787,17 Aug 2020 00:17:55.641,10.854
17 Aug 2020 00:50:51.943,17 Aug 2020 00:51:02.733,10.790
17 Aug 2020 01:50:45.322,17 Aug 2020 01:50:56.172,10.850
17 Aug 2020 02:23:52.928,17 Aug 2020 02:24:03.709,10.781
17 Aug 2020 03:23:45.838,17 Aug 2020 03:23:56.684,10.846
17 Aug 2020 03:56:53.915,17 Aug 2020 03:57:04.687,10.772
17 Aug 2020 04:56:46.334,17 Aug 2020 04:56:57.166,10.833
17 Aug 2020 05:29:54.904,17 Aug 2020 05:30:05.665,10.762
17 Aug 2020 06:29:46.803,17 Aug 2020 06:29:57.629,10.825
17 Aug 2020 07:02:55.895,17 Aug 2020 07:03:06.651,10.756
17 Aug 2020 08:02:47.315,17 Aug 2020 08:02:58.134,10.819
17 Aug 2020 08:35:56.938,17 Aug 2020 08:36:07.679,10.741
17 Aug 2020 09:35:47.740,17 Aug 2020 09:35:58.551,10.811
17 Aug 2020 10:08:57.934,17 Aug 2020 10:09:08.664,10.730
17 Aug 2020 11:08:48.158,17 Aug 2020 11:08:58.959,10.801
17 Aug 2020 11:41:58.952,17 Aug 2020 11:42:09.670,10.719
17 Aug 2020 12:41:48.530,17 Aug 2020 12:41:59.322,10.792
17 Aug 2020 13:14:59.942,17 Aug 2020 13:15:10.649,10.707
17 Aug 2020 14:14:48.878,17 Aug 2020 14:14:59.660,10.782
17 Aug 2020 14:48:00.931,17 Aug 2020 14:48:11.626,10.695
17 Aug 2020 15:47:49.201,17 Aug 2020 15:47:59.973,10.772
17 Aug 2020 16:21:01.918,17 Aug 2020 16:21:12.601,10.683
17 Aug 2020 17:20:49.487,17 Aug 2020 17:21:00.250,10.763
17 Aug 2020 17:54:02.896,17 Aug 2020 17:54:13.566,10.670
17 Aug 2020 18:53:49.764,17 Aug 2020 18:54:00.514,10.750
17 Aug 2020 19:27:03.880,17 Aug 2020 19:27:14.537,10.657
17 Aug 2020 20:26:50.007,17 Aug 2020 20:27:00.746,10.739
17 Aug 2020 21:00:04.855,17 Aug 2020 21:00:15.499,10.644
17 Aug 2020 21:59:50.230,17 Aug 2020 22:00:00.957,10.727
17 Aug 2020 22:33:05.830,17 Aug 2020 22:33:16.463,10.632
17 Aug 2020 23:32:50.370,17 Aug 2020 23:33:01.085,10.715
18 Aug 2020 00:06:06.747,18 Aug 2020 00:06:17.367,10.620
18 Aug 2020 01:05:50.539,18 Aug 2020 01:06:01.242,10.703
18 Aug 2020 01:39:07.710,18 Aug 2020 01:39:18.317,10.607
18 Aug 2020 02:38:50.682,18 Aug 2020 02:39:01.372,10.690
18 Aug 2020 03:12:08.672,18 Aug 2020 03:12:19.260,10.588
18 Aug 2020 04:11:50.797,18 Aug 2020 04:12:01.474,10.677
18 Aug 2020 04:45:09.670,18 Aug 2020 04:45:20.247,10.577
18 Aug 2020 05:44:50.942,18 Aug 2020 05:45:01.606,10.663
18 Aug 2020 06:18:10.613,18 Aug 2020 06:18:21.171,10.558
18 Aug 2020 07:17:51.004,18 Aug 2020 07:18:01.653,10.649
18 Aug 2020 07:51:11.549,18 Aug 2020 07:51:22.091,10.542
18 Aug 2020 08:50:51.038,18 Aug 2020 08:51:01.673,10.635
18 Aug 2020 09:24:12.476,18 Aug 2020 09:24:23.006,10.530
18 Aug 2020 10:23:51.044,18 Aug 2020 10:24:01.665,10.621
18 Aug 2020 10:57:13.394,18 Aug 2020 10:57:23.904,10.510
18 Aug 2020 11:56:51.022,18 Aug 2020 11:57:01.629,10.606
18 Aug 2020 12:30:14.302,18 Aug 2020 12:30:24.799,10.497
18 Aug 2020 13:29:50.973,18 Aug 2020 13:30:01.564,10.591
18 Aug 2020 14:03:15.202,18 Aug 2020 14:03:25.679,10.477
18 Aug 2020 15:02:50.895,18 Aug 2020 15:03:01.471,10.576
18 Aug 2020 15:36:16.091,18 Aug 2020 15:36:26.547,10.457
18 Aug 2020 16:35:50.736,18 Aug 2020 16:36:01.296,10.560
18 Aug 2020 17:09:16.912,18 Aug 2020 17:09:27.352,10.440
18 Aug 2020 18:08:50.581,18 Aug 2020 18:09:01.125,10.544
18 Aug 2020 18:42:17.752,18 Aug 2020 18:42:28.178,10.427
18 Aug 2020 19:41:50.414,18 Aug 2020 19:42:00.942,10.528
18 Aug 2020 20:15:18.599,18 Aug 2020 20:15:29.008,10.409
18 Aug 2020 21:14:50.218,18 Aug 2020 21:15:00.730,10.512
18 Aug 2020 21:48:19.433,18 Aug 2020 21:48:29.824,10.391
18 Aug 2020 22:47:49.901,18 Aug 2020 22:48:00.394,10.493
18 Aug 2020 23:21:20.161,18 Aug 2020 23:21:30.535,10.374
19 Aug 2020 00:20:49.641,19 Aug 2020 00:21:00.120,10.478
19 Aug 2020 00:54:20.963,19 Aug 2020 00:54:31.319,10.356
19 Aug 2020 01:53:49.355,19 Aug 2020 01:53:59.816,10.461
19 Aug 2020 02:27:21.751,19 Aug 2020 02:27:32.088,10.337
19 Aug 2020 03:26:49.041,19 Aug 2020 03:26:59.484,10.444
19 Aug 2020 04:00:22.523,19 Aug 2020 04:00:32.842,10.319
19 Aug 2020 04:59:48.697,19 Aug 2020 04:59:59.125,10.429
19 Aug 2020 05:33:23.281,19 Aug 2020 05:33:33.579,10.299
19 Aug 2020 06:32:48.324,19 Aug 2020 06:32:58.732,10.408
19 Aug 2020 07:06:24.020,19 Aug 2020 07:06:34.301,10.281
19 Aug 2020 08:05:47.922,19 Aug 2020 08:05:58.312,10.390
19 Aug 2020 08:39:24.748,19 Aug 2020 08:39:35.005,10.258
19 Aug 2020 09:38:47.492,19 Aug 2020 09:38:57.863,10.372
19 Aug 2020 10:12:25.453,19 Aug 2020 10:12:35.694,10.240
19 Aug 2020 11:11:47.032,19 Aug 2020 11:11:57.385,10.354
19 Aug 2020 11:45:26.140,19 Aug 2020 11:45:36.364,10.224
19 Aug 2020 12:44:46.543,19 Aug 2020 12:44:56.878,10.335
19 Aug 2020 13:18:26.813,19 Aug 2020 13:18:37.017,10.204
19 Aug 2020 14:17:46.026,19 Aug 2020 14:17:56.342,10.316
19 Aug 2020 14:51:27.470,19 Aug 2020 14:51:37.655,10.185
19 Aug 2020 15:50:45.479,19 Aug 2020 15:50:55.776,10.297
19 Aug 2020 16:24:28.105,19 Aug 2020 16:24:38.267,10.162
19 Aug 2020 17:23:44.765,19 Aug 2020 17:23:55.043,10.278
19 Aug 2020 17:57:28.584,19 Aug 2020 17:57:38.729,10.145
19 Aug 2020 18:56:44.156,19 Aug 2020 18:56:54.414,10.259
19 Aug 2020 19:30:29.172,19 Aug 2020 19:30:39.301,10.129
19 Aug 2020 20:29:43.517,19 Aug 2020 20:29:53.756,10.239
19 Aug 2020 21:03:29.748,19 Aug 2020 21:03:39.849,10.102
19 Aug 2020 22:02:42.850,19 Aug 2020 22:02:53.072,10.222
19 Aug 2020 22:36:30.299,19 Aug 2020 22:36:40.381,10.081
19 Aug 2020 23:35:42.063,19 Aug 2020 23:35:52.266,10.202
20 Aug 2020 00:09:30.735,20 Aug 2020 00:09:40.799,10.065
20 Aug 2020 01:08:41.336,20 Aug 2020 01:08:51.516,10.180
20 Aug 2020 01:42:31.243,20 Aug 2020 01:42:41.284,10.041
20 Aug 2020 02:41:40.455,20 Aug 2020 02:41:50.616,10.161
20 Aug 2020 03:15:31.607,20 Aug 2020 03:15:41.628,10.021
20 Aug 2020 04:14:39.664,20 Aug 2020 04:14:49.805,10.141
20 Aug 2020 04:48:32.065,20 Aug 2020 04:48:42.070,10.005
20 Aug 2020 05:47:38.845,20 Aug 2020 05:47:48.966,10.121
20 Aug 2020 06:21:32.502,20 Aug 2020 06:21:42.486,9.984
20 Aug 2020 07:20:37.998,20 Aug 2020 07:20:48.099,10.101
20 Aug 2020 07:54:32.913,20 Aug 2020 07:54:42.876,9.964
20 Aug 2020 08:53:37.123,20 Aug 2020 08:53:47.203,10.080
20 Aug 2020 09:27:33.304,20 Aug 2020 09:27:43.247,9.943
20 Aug 2020 10:26:36.066,20 Aug 2020 10:26:46.126,10.060
20 Aug 2020 11:00:33.528,20 Aug 2020 11:00:43.447,9.919
20 Aug 2020 11:59:35.115,20 Aug 2020 11:59:45.155,10.040
20 Aug 2020 12:33:33.853,20 Aug 2020 12:33:43.754,9.901
20 Aug 2020 13:32:34.676,20 Aug 2020 13:32:44.695,10.019
20 Aug 2020 14:06:34.672,20 Aug 2020 14:06:44.550,9.878
20 Aug 2020 15:05:33.838,20 Aug 2020 15:05:43.837,9.999
20 Aug 2020 15:39:35.114,20 Aug 2020 15:39:44.974,9.860
20 Aug 2020 16:38:32.984,20 Aug 2020 16:38:42.962,9.978
20 Aug 2020 17:12:35.545,20 Aug 2020 17:12:45.384,9.839
20 Aug 2020 18:11:31.436,20 Aug 2020 18:11:41.393,9.958
20 Aug 2020 18:45:35.315,20 Aug 2020 18:45:45.134,9.819
20 Aug 2020 19:44:30.394,20 Aug 2020 19:44:40.328,9.935
20 Aug 2020 20:18:35.568,20 Aug 2020 20:18:45.366,9.798
20 Aug 2020 21:17:29.248,20 Aug 2020 21:17:39.164,9.916
20 Aug 2020 21:51:35.722,20 Aug 2020 21:51:45.500,9.778
20 Aug 2020 22:50:28.135,20 Aug 2020 22:50:38.031,9.896
20 Aug 2020 23:24:35.912,20 Aug 2020 23:24:45.671,9.759
21 Aug 2020 00:23:27.004,21 Aug 2020 00:23:36.879,9.875
21 Aug 2020 00:57:36.085,21 Aug 2020 00:57:45.821,9.736
21 Aug 2020 01:56:25.848,21 Aug 2020 01:56:35.702,9.854
21 Aug 2020 02:30:36.232,21 Aug 2020 02:30:45.947,9.715
21 Aug 2020 03:29:24.666,21 Aug 2020 03:29:34.500,9.833
21 Aug 2020 04:03:36.355,21 Aug 2020 04:03:46.050,9.694
21 Aug 2020 05:02:23.460,21 Aug 2020 05:02:33.272,9.812
21 Aug 2020 05:36:36.454,21 Aug 2020 05:36:46.127,9.674
21 Aug 2020 06:35:22.225,21 Aug 2020 06:35:32.020,9.794
21 Aug 2020 07:09:36.524,21 Aug 2020 07:09:46.178,9.654
21 Aug 2020 08:08:20.971,21 Aug 2020 08:08:30.742,9.770
21 Aug 2020 08:42:36.571,21 Aug 2020 08:42:46.203,9.632
21 Aug 2020 09:41:19.687,21 Aug 2020 09:41:29.441,9.753
21 Aug 2020 10:15:36.598,21 Aug 2020 10:15:46.208,9.610
21 Aug 2020 11:14:18.149,21 Aug 2020 11:14:27.878,9.729
21 Aug 2020 11:48:36.370,21 Aug 2020 11:48:45.958,9.589
21 Aug 2020 12:47:16.824,21 Aug 2020 12:47:26.532,9.708
21 Aug 2020 13:21:36.346,21 Aug 2020 13:21:45.916,9.570
21 Aug 2020 14:20:15.448,21 Aug 2020 14:20:25.136,9.687
21 Aug 2020 14:54:36.277,21 Aug 2020 14:54:45.823,9.546
21 Aug 2020 15:53:14.048,21 Aug 2020 15:53:23.715,9.667
21 Aug 2020 16:27:36.174,21 Aug 2020 16:27:45.706,9.532
21 Aug 2020 17:26:12.760,21 Aug 2020 17:26:22.405,9.645
21 Aug 2020 18:00:36.159,21 Aug 2020 18:00:45.666,9.507
21 Aug 2020 18:59:11.308,21 Aug 2020 18:59:20.932,9.624
21 Aug 2020 19:33:36.001,21 Aug 2020 19:33:45.491,9.490
21 Aug 2020 20:32:09.832,21 Aug 2020 20:32:19.436,9.603
21 Aug 2020 21:06:35.823,21 Aug 2020 21:06:45.286,9.464
21 Aug 2020 22:05:08.338,21 Aug 2020 22:05:17.922,9.584
21 Aug 2020 22:39:35.629,21 Aug 2020 22:39:45.073,9.445
21 Aug 2020 23:38:06.824,21 Aug 2020 23:38:16.388,9.563
22 Aug 2020 00:12:35.404,22 Aug 2020 00:12:44.831,9.427
22 Aug 2020 01:11:05.287,22 Aug 2020 01:11:14.830,9.543
22 Aug 2020 01:45:35.149,22 Aug 2020 01:45:44.557,9.407
22 Aug 2020 02:44:03.727,22 Aug 2020 02:44:13.250,9.523
22 Aug 2020 03:18:34.890,22 Aug 2020 03:18:44.275,9.385
22 Aug 2020 04:17:02.123,22 Aug 2020 04:17:11.624,9.501
22 Aug 2020 04:51:34.634,22 Aug 2020 04:51:44.000,9.366
22 Aug 2020 05:50:00.573,22 Aug 2020 05:50:10.054,9.481
22 Aug 2020 06:24:34.231,22 Aug 2020 06:24:43.580,9.349
22 Aug 2020 07:22:58.863,22 Aug 2020 07:23:08.324,9.461
22 Aug 2020 07:57:33.793,22 Aug 2020 07:57:43.122,9.329
22 Aug 2020 08:55:57.121,22 Aug 2020 08:56:06.562,9.441
22 Aug 2020 09:30:33.321,22 Aug 2020 09:30:42.625,9.304
22 Aug 2020 10:28:55.679,22 Aug 2020 10:29:05.100,9.421
22 Aug 2020 11:03:33.104,22 Aug 2020 11:03:42.389,9.284
22 Aug 2020 12:01:53.947,22 Aug 2020 12:02:03.348,9.401
22 Aug 2020 12:36:32.625,22 Aug 2020 12:36:41.896,9.270
22 Aug 2020 13:34:52.346,22 Aug 2020 13:35:01.728,9.382
22 Aug 2020 14:09:32.281,22 Aug 2020 14:09:41.533,9.252
22 Aug 2020 15:07:50.609,22 Aug 2020 15:07:59.971,9.362
22 Aug 2020 15:42:31.791,22 Aug 2020 15:42:41.022,9.231
22 Aug 2020 16:40:48.852,22 Aug 2020 16:40:58.194,9.343
22 Aug 2020 17:15:31.269,22 Aug 2020 17:15:40.480,9.211
22 Aug 2020 18:13:46.916,22 Aug 2020 18:13:56.239,9.324
22 Aug 2020 18:48:30.611,22 Aug 2020 18:48:39.804,9.193
22 Aug 2020 19:46:45.112,22 Aug 2020 19:46:54.417,9.304
22 Aug 2020 20:21:30.033,22 Aug 2020 20:21:39.208,9.174
22 Aug 2020 21:19:43.329,22 Aug 2020 21:19:52.613,9.285
22 Aug 2020 21:54:29.433,22 Aug 2020 21:54:38.588,9.155
22 Aug 2020 22:52:41.469,22 Aug 2020 22:52:50.735,9.266
22 Aug 2020 23:27:28.787,22 Aug 2020 23:27:37.923,9.137
23 Aug 2020 00:25:39.589,23 Aug 2020 00:25:48.835,9.247
23 Aug 2020 01:00:28.112,23 Aug 2020 01:00:37.231,9.118
23 Aug 2020 01:58:37.687,23 Aug 2020 01:58:46.915,9.228
23 Aug 2020 02:33:27.410,23 Aug 2020 02:33:36.510,9.100
23 Aug 2020 03:31:35.765,23 Aug 2020 03:31:44.974,9.209
23 Aug 2020 04:06:26.768,23 Aug 2020 04:06:35.850,9.082
23 Aug 2020 05:04:33.921,23 Aug 2020 05:04:43.112,9.190
23 Aug 2020 05:39:26.033,23 Aug 2020 05:39:35.100,9.067
23 Aug 2020 06:37:31.984,23 Aug 2020 06:37:41.156,9.172
23 Aug 2020 07:12:25.274,23 Aug 2020 07:12:34.321,9.047
23 Aug 2020 08:10:30.028,23 Aug 2020 08:10:39.182,9.153
23 Aug 2020 08:45:24.487,23 Aug 2020 08:45:33.516,9.029
23 Aug 2020 09:43:28.017,23 Aug 2020 09:43:37.152,9.135
23 Aug 2020 10:18:23.636,23 Aug 2020 10:18:32.647,9.011
23 Aug 2020 11:16:26.023,23 Aug 2020 11:16:35.140,9.117
23 Aug 2020 11:51:22.795,23 Aug 2020 11:51:31.788,8.994
23 Aug 2020 12:49:24.166,23 Aug 2020 12:49:33.265,9.099
23 Aug 2020 13:24:22.064,23 Aug 2020 13:24:31.041,8.976
23 Aug 2020 14:22:22.144,23 Aug 2020 14:22:31.228,9.084
23 Aug 2020 14:57:21.177,23 Aug 2020 14:57:30.137,8.959
23 Aug 2020 15:55:20.107,23 Aug 2020 15:55:29.168,9.061
23 Aug 2020 16:30:20.264,23 Aug 2020 16:30:29.207,8.942
23 Aug 2020 17:28:17.974,23 Aug 2020 17:28:27.021,9.047
23 Aug 2020 18:03:19.272,23 Aug 2020 18:03:28.198,8.926
23 Aug 2020 19:01:15.896,23 Aug 2020 19:01:24.925,9.029
23 Aug 2020 19:36:18.305,23 Aug 2020 19:36:27.215,8.909
23 Aug 2020 20:34:13.804,23 Aug 2020 20:34:22.816,9.012
23 Aug 2020 21:09:17.313,23 Aug 2020 21:09:26.206,8.893
23 Aug 2020 22:07:11.582,23 Aug 2020 22:07:20.576,8.994
23 Aug 2020 22:42:16.156,23 Aug 2020 22:42:25.030,8.874
23 Aug 2020 23:40:09.441,23 Aug 2020 23:40:18.419,8.977
24 Aug 2020 00:15:15.096,24 Aug 2020 00:15:23.954,8.858
24 Aug 2020 01:13:07.197,24 Aug 2020 01:13:16.157,8.960
24 Aug 2020 01:48:13.918,24 Aug 2020 01:48:22.764,8.846
24 Aug 2020 02:46:04.973,24 Aug 2020 02:46:13.916,8.943
24 Aug 2020 03:21:12.757,24 Aug 2020 03:21:21.585,8.828
24 Aug 2020 04:19:02.726,24 Aug 2020 04:19:11.653,8.927
24 Aug 2020 04:54:11.987,24 Aug 2020 04:54:20.798,8.810
24 Aug 2020 05:52:00.949,24 Aug 2020 05:52:09.860,8.911
24 Aug 2020 06:27:10.844,24 Aug 2020 06:27:19.641,8.798
24 Aug 2020 07:24:58.749,24 Aug 2020 07:25:07.644,8.895
24 Aug 2020 08:00:09.673,24 Aug 2020 08:00:18.457,8.783
24 Aug 2020 08:57:56.535,24 Aug 2020 08:58:05.414,8.879
24 Aug 2020 09:33:08.485,24 Aug 2020 09:33:17.200,8.716
24 Aug 2020 10:30:54.255,24 Aug 2020 10:31:03.119,8.863
24 Aug 2020 11:06:07.214,24 Aug 2020 11:06:15.965,8.751
24 Aug 2020 12:03:52.011,24 Aug 2020 12:04:00.859,8.848
24 Aug 2020 12:39:05.970,24 Aug 2020 12:39:14.706,8.736
24 Aug 2020 13:36:49.795,24 Aug 2020 13:36:58.627,8.832
24 Aug 2020 14:12:04.737,24 Aug 2020 14:12:13.459,8.722
24 Aug 2020 15:09:47.523,24 Aug 2020 15:09:56.339,8.817
24 Aug 2020 15:45:03.441,24 Aug 2020 15:45:12.149,8.707
24 Aug 2020 16:42:45.237,24 Aug 2020 16:42:54.039,8.802
24 Aug 2020 17:18:02.127,24 Aug 2020 17:18:10.819,8.693
24 Aug 2020 18:15:42.938,24 Aug 2020 18:15:51.725,8.787
24 Aug 2020 18:51:00.783,24 Aug 2020 18:51:09.461,8.678
24 Aug 2020 19:48:40.663,24 Aug 2020 19:48:49.435,8.772
24 Aug 2020 20:23:59.444,24 Aug 2020 20:24:08.108,8.664
24 Aug 2020 21:21:38.350,24 Aug 2020 21:21:47.108,8.757
24 Aug 2020 21:56:58.066,24 Aug 2020 21:57:06.717,8.650
24 Aug 2020 22:54:36.013,24 Aug 2020 22:54:44.756,8.743
24 Aug 2020 23:29:56.653,24 Aug 2020 23:30:05.290,8.637
25 Aug 2020 00:27:33.664,25 Aug 2020 00:27:42.392,8.728
25 Aug 2020 01:02:55.216,25 Aug 2020 01:03:03.839,8.623
25 Aug 2020 02:00:31.302,25 Aug 2020 02:00:40.016,8.714
25 Aug 2020 02:35:53.752,25 Aug 2020 02:36:02.362,8.610
25 Aug 2020 03:33:28.929,25 Aug 2020 03:33:37.630,8.700
25 Aug 2020 04:08:52.269,25 Aug 2020 04:09:00.866,8.597
25 Aug 2020 05:06:26.547,25 Aug 2020 05:06:35.233,8.687
25 Aug 2020 05:41:50.765,25 Aug 2020 05:41:59.349,8.584
25 Aug 2020 06:39:24.152,25 Aug 2020 06:39:32.825,8.673
25 Aug 2020 07:14:49.236,25 Aug 2020 07:14:57.808,8.571
25 Aug 2020 08:12:21.746,25 Aug 2020 08:12:30.406,8.660
25 Aug 2020 08:47:47.685,25 Aug 2020 08:47:56.244,8.559
25 Aug 2020 09:45:19.329,25 Aug 2020 09:45:27.976,8.646
25 Aug 2020 10:20:46.111,25 Aug 2020 10:20:54.658,8.546
25 Aug 2020 11:18:16.902,25 Aug 2020 11:18:25.535,8.633
25 Aug 2020 11:53:44.515,25 Aug 2020 11:53:53.049,8.534
25 Aug 2020 12:51:14.422,25 Aug 2020 12:51:23.043,8.621
25 Aug 2020 13:26:42.855,25 Aug 2020 13:26:51.377,8.522
25 Aug 2020 14:24:11.973,25 Aug 2020 14:24:20.581,8.608
25 Aug 2020 14:59:41.213,25 Aug 2020 14:59:49.723,8.510
25 Aug 2020 15:57:09.514,25 Aug 2020 15:57:18.110,8.595
25 Aug 2020 16:32:39.548,25 Aug 2020 16:32:48.047,8.499
25 Aug 2020 17:30:07.046,25 Aug 2020 17:30:15.629,8.583
25 Aug 2020 18:05:37.862,25 Aug 2020 18:05:46.349,8.487
25 Aug 2020 19:03:04.567,25 Aug 2020 19:03:13.138,8.571
25 Aug 2020 19:38:36.154,25 Aug 2020 19:38:44.630,8.476
25 Aug 2020 20:36:02.022,25 Aug 2020 20:36:10.586,8.564
25 Aug 2020 21:11:34.364,25 Aug 2020 21:11:42.829,8.465
25 Aug 2020 22:08:59.522,25 Aug 2020 22:09:08.072,8.550
25 Aug 2020 22:44:32.609,25 Aug 2020 22:44:41.063,8.454
25 Aug 2020 23:41:57.016,25 Aug 2020 23:42:05.551,8.535
26 Aug 2020 00:17:30.833,26 Aug 2020 00:17:39.277,8.443
26 Aug 2020 01:14:54.495,26 Aug 2020 01:15:03.020,8.524
26 Aug 2020 01:50:29.036,26 Aug 2020 01:50:37.469,8.433
26 Aug 2020 02:47:51.926,26 Aug 2020 02:48:00.442,8.515
26 Aug 2020 03:23:27.225,26 Aug 2020 03:23:35.647,8.422
26 Aug 2020 04:20:49.467,26 Aug 2020 04:20:57.971,8.505
26 Aug 2020 04:56:25.382,26 Aug 2020 04:56:33.794,8.412
26 Aug 2020 05:53:46.842,26 Aug 2020 05:53:55.334,8.492
26 Aug 2020 06:29:23.459,26 Aug 2020 06:29:31.861,8.402
26 Aug 2020 07:26:44.291,26 Aug 2020 07:26:52.772,8.481
26 Aug 2020 08:02:21.573,26 Aug 2020 08:02:29.966,8.393
26 Aug 2020 08:59:41.727,26 Aug 2020 08:59:50.193,8.466
26 Aug 2020 09:35:19.666,26 Aug 2020 09:35:28.049,8.383
26 Aug 2020 10:32:39.168,26 Aug 2020 10:32:47.628,8.460
26 Aug 2020 11:08:17.747,26 Aug 2020 11:08:26.120,8.374
26 Aug 2020 12:05:36.588,26 Aug 2020 12:05:45.043,8.455
26 Aug 2020 12:41:15.803,26 Aug 2020 12:41:24.167,8.364
26 Aug 2020 13:38:34.005,26 Aug 2020 13:38:42.446,8.441
26 Aug 2020 14:14:13.874,26 Aug 2020 14:14:22.228,8.354
26 Aug 2020 15:11:31.449,26 Aug 2020 15:11:39.885,8.436
26 Aug 2020 15:47:11.889,26 Aug 2020 15:47:20.236,8.347
26 Aug 2020 16:44:28.854,26 Aug 2020 16:44:37.276,8.422
26 Aug 2020 17:20:09.887,26 Aug 2020 17:20:18.225,8.338
26 Aug 2020 18:17:26.235,26 Aug 2020 18:17:34.648,8.412
26 Aug 2020 18:53:07.842,26 Aug 2020 18:53:16.172,8.330
26 Aug 2020 19:50:23.651,26 Aug 2020 19:50:32.059,8.408
26 Aug 2020 20:26:05.811,26 Aug 2020 20:26:14.132,8.321
26 Aug 2020 21:23:21.035,26 Aug 2020 21:23:29.429,8.394
26 Aug 2020 21:59:03.747,26 Aug 2020 21:59:12.061,8.314
26 Aug 2020 22:56:18.418,26 Aug 2020 22:56:26.803,8.386
26 Aug 2020 23:32:01.667,26 Aug 2020 23:32:09.970,8.303
27 Aug 2020 00:29:15.790,27 Aug 2020 00:29:24.162,8.372
27 Aug 2020 01:04:59.563,27 Aug 2020 01:05:07.864,8.301
27 Aug 2020 02:02:13.157,27 Aug 2020 02:02:21.526,8.369
27 Aug 2020 02:37:57.448,27 Aug 2020 02:38:05.743,8.295
27 Aug 2020 03:35:10.521,27 Aug 2020 03:35:18.882,8.361
27 Aug 2020 04:10:55.309,27 Aug 2020 04:11:03.593,8.283
27 Aug 2020 05:08:07.836,27 Aug 2020 05:08:16.195,8.359
27 Aug 2020 05:43:53.140,27 Aug 2020 05:44:01.417,8.277
27 Aug 2020 06:41:05.189,27 Aug 2020 06:41:13.540,8.351
27 Aug 2020 07:16:50.965,27 Aug 2020 07:16:59.235,8.270
27 Aug 2020 08:14:02.537,27 Aug 2020 08:14:10.875,8.339
27 Aug 2020 08:49:48.772,27 Aug 2020 08:49:57.030,8.258
27 Aug 2020 09:46:59.898,27 Aug 2020 09:47:08.234,8.336
27 Aug 2020 10:22:46.572,27 Aug 2020 10:22:54.834,8.262
27 Aug 2020 11:19:57.238,27 Aug 2020 11:20:05.563,8.324
27 Aug 2020 11:55:44.344,27 Aug 2020 11:55:52.595,8.251
27 Aug 2020 12:52:54.580,27 Aug 2020 12:53:02.897,8.318
27 Aug 2020 13:28:42.099,27 Aug 2020 13:28:50.344,8.245
27 Aug 2020 14:25:51.912,27 Aug 2020 14:26:00.223,8.311
27 Aug 2020 15:01:39.836,27 Aug 2020 15:01:48.075,8.239
27 Aug 2020 15:58:49.238,27 Aug 2020 15:58:57.542,8.305
27 Aug 2020 16:34:37.556,27 Aug 2020 16:34:45.789,8.233
27 Aug 2020 17:31:46.569,27 Aug 2020 17:31:54.865,8.296
27 Aug 2020 18:07:35.258,27 Aug 2020 18:07:43.486,8.228
27 Aug 2020 19:04:43.890,27 Aug 2020 19:04:52.185,8.295
27 Aug 2020 19:40:32.944,27 Aug 2020 19:40:41.167,8.223
27 Aug 2020 20:37:41.356,27 Aug 2020 20:37:49.639,8.283
27 Aug 2020 21:13:30.742,27 Aug 2020 21:13:38.959,8.218
27 Aug 2020 22:10:38.680,27 Aug 2020 22:10:46.961,8.281
27 Aug 2020 22:46:28.400,27 Aug 2020 22:46:36.613,8.213
27 Aug 2020 23:43:36.002,27 Aug 2020 23:43:44.277,8.275
28 Aug 2020 00:19:26.043,28 Aug 2020 00:19:34.251,8.208
28 Aug 2020 01:16:33.317,28 Aug 2020 01:16:41.587,8.270
28 Aug 2020 01:52:23.773,28 Aug 2020 01:52:31.977,8.204
28 Aug 2020 02:49:30.784,28 Aug 2020 02:49:39.044,8.260
28 Aug 2020 03:25:21.392,28 Aug 2020 03:25:29.591,8.199
28 Aug 2020 04:22:28.104,28 Aug 2020 04:22:36.364,8.260
28 Aug 2020 04:58:18.995,28 Aug 2020 04:58:27.190,8.195
28 Aug 2020 05:55:25.520,28 Aug 2020 05:55:33.776,8.255
28 Aug 2020 06:31:16.637,28 Aug 2020 06:31:24.828,8.191
28 Aug 2020 07:28:22.841,28 Aug 2020 07:28:31.091,8.251
28 Aug 2020 08:04:14.203,28 Aug 2020 08:04:22.390,8.187
28 Aug 2020 09:01:20.065,28 Aug 2020 09:01:28.313,8.248
28 Aug 2020 09:37:11.671,28 Aug 2020 09:37:19.855,8.184
28 Aug 2020 10:34:17.347,28 Aug 2020 10:34:25.592,8.245
28 Aug 2020 11:10:09.174,28 Aug 2020 11:10:17.354,8.181
28 Aug 2020 12:07:14.626,28 Aug 2020 12:07:22.865,8.239
28 Aug 2020 12:43:06.658,28 Aug 2020 12:43:14.836,8.178
28 Aug 2020 13:40:11.937,28 Aug 2020 13:40:20.172,8.236
28 Aug 2020 14:16:04.206,28 Aug 2020 14:16:12.382,8.176
28 Aug 2020 15:13:09.236,28 Aug 2020 15:13:17.469,8.232
28 Aug 2020 15:49:01.687,28 Aug 2020 15:49:09.860,8.174
28 Aug 2020 16:46:06.540,28 Aug 2020 16:46:14.770,8.230
28 Aug 2020 17:21:59.158,28 Aug 2020 17:22:07.324,8.166
28 Aug 2020 18:19:03.843,28 Aug 2020 18:19:12.069,8.226
28 Aug 2020 18:54:56.599,28 Aug 2020 18:55:04.768,8.169
28 Aug 2020 19:52:01.179,28 Aug 2020 19:52:09.399,8.220
28 Aug 2020 20:27:54.066,28 Aug 2020 20:28:02.238,8.172
28 Aug 2020 21:24:58.484,28 Aug 2020 21:25:06.709,8.225
28 Aug 2020 22:00:51.496,28 Aug 2020 22:00:59.661,8.165
28 Aug 2020 22:57:55.798,28 Aug 2020 22:58:04.012,8.214
28 Aug 2020 23:33:48.917,28 Aug 2020 23:33:57.076,8.159
29 Aug 2020 00:30:53.108,29 Aug 2020 00:31:01.321,8.213
29 Aug 2020 01:06:46.319,29 Aug 2020 01:06:54.477,8.158
29 Aug 2020 02:03:50.420,29 Aug 2020 02:03:58.631,8.211
29 Aug 2020 02:39:43.703,29 Aug 2020 02:39:51.864,8.162
29 Aug 2020 03:36:47.689,29 Aug 2020 03:36:55.902,8.213
29 Aug 2020 04:12:41.034,29 Aug 2020 04:12:49.190,8.156
29 Aug 2020 05:09:45.046,29 Aug 2020 05:09:53.253,8.207
29 Aug 2020 05:45:38.415,29 Aug 2020 05:45:46.575,8.160
29 Aug 2020 06:42:42.348,29 Aug 2020 06:42:50.558,8.211
29 Aug 2020 07:18:35.755,29 Aug 2020 07:18:43.912,8.157
29 Aug 2020 08:15:39.646,29 Aug 2020 08:15:47.861,8.214
29 Aug 2020 08:51:33.072,29 Aug 2020 08:51:41.231,8.159
29 Aug 2020 09:48:37.078,29 Aug 2020 09:48:45.282,8.204
29 Aug 2020 10:24:30.505,29 Aug 2020 10:24:38.664,8.159
29 Aug 2020 11:21:34.399,29 Aug 2020 11:21:42.602,8.203
29 Aug 2020 11:57:27.814,29 Aug 2020 11:57:35.976,8.162
29 Aug 2020 12:54:31.717,29 Aug 2020 12:54:39.925,8.208
29 Aug 2020 13:30:25.103,29 Aug 2020 13:30:33.264,8.161
29 Aug 2020 14:27:29.025,29 Aug 2020 14:27:37.233,8.208
29 Aug 2020 15:03:22.392,29 Aug 2020 15:03:30.553,8.161
29 Aug 2020 16:00:26.353,29 Aug 2020 16:00:34.561,8.208
29 Aug 2020 16:36:19.665,29 Aug 2020 16:36:27.830,8.165
29 Aug 2020 17:33:23.669,29 Aug 2020 17:33:31.877,8.208
29 Aug 2020 18:09:16.907,29 Aug 2020 18:09:25.067,8.160
29 Aug 2020 19:06:21.015,29 Aug 2020 19:06:29.224,8.209
29 Aug 2020 19:42:14.159,29 Aug 2020 19:42:22.328,8.168
29 Aug 2020 20:39:18.354,29 Aug 2020 20:39:26.564,8.210
29 Aug 2020 21:15:11.397,29 Aug 2020 21:15:19.563,8.166
29 Aug 2020 22:12:15.698,29 Aug 2020 22:12:23.908,8.211
29 Aug 2020 22:48:08.627,29 Aug 2020 22:48:16.790,8.163
29 Aug 2020 23:45:13.040,29 Aug 2020 23:45:21.252,8.212
30 Aug 2020 00:21:05.841,30 Aug 2020 00:21:14.006,8.166
30 Aug 2020 01:18:10.391,30 Aug 2020 01:18:18.605,8.213
30 Aug 2020 01:54:03.044,30 Aug 2020 01:54:11.216,8.172
30 Aug 2020 02:51:07.752,30 Aug 2020 02:51:15.967,8.215
30 Aug 2020 03:27:00.236,30 Aug 2020 03:27:08.406,8.170
30 Aug 2020 04:24:05.112,30 Aug 2020 04:24:13.324,8.212
30 Aug 2020 04:59:57.412,30 Aug 2020 05:00:05.594,8.182
30 Aug 2020 05:57:02.351,30 Aug 2020 05:57:10.574,8.224
30 Aug 2020 06:32:54.479,30 Aug 2020 06:33:02.659,8.180
30 Aug 2020 07:29:59.718,30 Aug 2020 07:30:07.935,8.216
30 Aug 2020 08:05:51.631,30 Aug 2020 08:05:59.809,8.178
30 Aug 2020 09:02:57.086,30 Aug 2020 09:03:05.310,8.224
30 Aug 2020 09:38:48.773,30 Aug 2020 09:38:56.954,8.182
30 Aug 2020 10:35:54.459,30 Aug 2020 10:36:02.685,8.226
30 Aug 2020 11:11:45.899,30 Aug 2020 11:11:54.089,8.190
30 Aug 2020 12:08:51.896,30 Aug 2020 12:09:00.126,8.229
30 Aug 2020 12:44:43.084,30 Aug 2020 12:44:51.278,8.194
30 Aug 2020 13:41:49.265,30 Aug 2020 13:41:57.497,8.233
30 Aug 2020 14:17:40.183,30 Aug 2020 14:17:48.386,8.203
30 Aug 2020 15:14:46.662,30 Aug 2020 15:14:54.898,8.236
30 Aug 2020 15:50:37.288,30 Aug 2020 15:50:45.495,8.207
30 Aug 2020 16:47:44.081,30 Aug 2020 16:47:52.321,8.240
30 Aug 2020 17:23:34.399,30 Aug 2020 17:23:42.606,8.207
30 Aug 2020 18:20:41.491,30 Aug 2020 18:20:49.735,8.243
30 Aug 2020 18:56:31.484,30 Aug 2020 18:56:39.695,8.211
30 Aug 2020 19:53:38.885,30 Aug 2020 19:53:47.132,8.248
30 Aug 2020 20:29:28.547,30 Aug 2020 20:29:36.763,8.216
30 Aug 2020 21:26:36.301,30 Aug 2020 21:26:44.553,8.252
30 Aug 2020 22:02:25.612,30 Aug 2020 22:02:33.833,8.221
30 Aug 2020 22:59:33.725,30 Aug 2020 22:59:41.982,8.256
30 Aug 2020 23:35:22.667,30 Aug 2020 23:35:30.894,8.227
31 Aug 2020 00:32:31.157,31 Aug 2020 00:32:39.419,8.261
31 Aug 2020 01:08:19.714,31 Aug 2020 01:08:27.946,8.232
31 Aug 2020 02:05:28.597,31 Aug 2020 02:05:36.863,8.266
31 Aug 2020 02:41:16.752,31 Aug 2020 02:41:24.990,8.238
31 Aug 2020 03:38:26.043,31 Aug 2020 03:38:34.315,8.272
31 Aug 2020 04:14:13.781,31 Aug 2020 04:14:22.026,8.244
31 Aug 2020 05:11:23.498,31 Aug 2020 05:11:31.780,8.282
31 Aug 2020 05:47:10.600,31 Aug 2020 05:47:18.850,8.250
31 Aug 2020 06:44:20.867,31 Aug 2020 06:44:29.145,8.278
31 Aug 2020 07:20:07.665,31 Aug 2020 07:20:15.922,8.257
31 Aug 2020 08:17:18.414,31 Aug 2020 08:17:26.702,8.288
31 Aug 2020 08:53:04.745,31 Aug 2020 08:53:13.009,8.264
31 Aug 2020 09:50:16.380,31 Aug 2020 09:50:24.670,8.290
31 Aug 2020 10:26:02.219,31 Aug 2020 10:26:10.490,8.271
31 Aug 2020 11:23:14.146,31 Aug 2020 11:23:22.443,8.297
31 Aug 2020 11:58:59.473,31 Aug 2020 11:59:07.752,8.279
31 Aug 2020 12:56:10.990,31 Aug 2020 12:56:19.293,8.303
31 Aug 2020 13:31:55.871,31 Aug 2020 13:32:04.157,8.286
31 Aug 2020 14:29:08.502,31 Aug 2020 14:29:16.812,8.310
31 Aug 2020 15:04:52.849,31 Aug 2020 15:05:01.143,8.294
31 Aug 2020 16:02:05.988,31 Aug 2020 16:02:14.315,8.327
31 Aug 2020 16:37:49.790,31 Aug 2020 16:37:58.092,8.302
31 Aug 2020 17:35:03.501,31 Aug 2020 17:35:11.831,8.330
31 Aug 2020 18:10:46.736,31 Aug 2020 18:10:55.046,8.310
31 Aug 2020 19:08:01.046,31 Aug 2020 19:08:09.378,8.332
31 Aug 2020 19:43:43.694,31 Aug 2020 19:43:52.013,8.319
31 Aug 2020 20:40:58.596,31 Aug 2020 20:41:06.936,8.340
31 Aug 2020 21:16:40.642,31 Aug 2020 21:16:48.967,8.325
31 Aug 2020 22:13:56.151,31 Aug 2020 22:14:04.509,8.359
31 Aug 2020 22:49:37.580,31 Aug 2020 22:49:45.920,8.339
31 Aug 2020 23:46:53.722,31 Aug 2020 23:47:02.084,8.362
1 Sep 2020 00:22:34.516,1 Sep 2020 00:22:42.864,8.348
1 Sep 2020 01:19:51.304,1 Sep 2020 01:19:59.674,8.371
1 Sep 2020 01:55:31.449,1 Sep 2020 01:55:39.800,8.351
1 Sep 2020 02:52:48.897,1 Sep 2020 02:52:57.277,8.380
1 Sep 2020 03:28:28.366,1 Sep 2020 03:28:36.737,8.370
1 Sep 2020 04:25:46.502,1 Sep 2020 04:25:54.891,8.389
1 Sep 2020 05:01:25.288,1 Sep 2020 05:01:33.663,8.376
1 Sep 2020 05:58:44.117,1 Sep 2020 05:58:52.516,8.398
1 Sep 2020 06:34:22.193,1 Sep 2020 06:34:30.578,8.386
1 Sep 2020 07:31:41.746,1 Sep 2020 07:31:50.154,8.408
1 Sep 2020 08:07:19.098,1 Sep 2020 08:07:27.494,8.396
1 Sep 2020 09:04:39.387,1 Sep 2020 09:04:47.805,8.418
1 Sep 2020 09:40:15.997,1 Sep 2020 09:40:24.405,8.407
1 Sep 2020 10:37:37.040,1 Sep 2020 10:37:45.468,8.428
1 Sep 2020 11:13:12.892,1 Sep 2020 11:13:21.310,8.418
1 Sep 2020 12:10:34.854,1 Sep 2020 12:10:43.292,8.438
1 Sep 2020 12:46:09.918,1 Sep 2020 12:46:18.347,8.430
1 Sep 2020 13:43:32.589,1 Sep 2020 13:43:41.038,8.449
1 Sep 2020 14:19:06.857,1 Sep 2020 14:19:15.299,8.441
1 Sep 2020 15:16:30.290,1 Sep 2020 15:16:38.750,8.460
1 Sep 2020 15:52:03.746,1 Sep 2020 15:52:12.199,8.453
1 Sep 2020 16:49:28.005,1 Sep 2020 16:49:36.476,8.471
1 Sep 2020 17:25:00.629,1 Sep 2020 17:25:09.095,8.465
1 Sep 2020 18:22:25.692,1 Sep 2020 18:22:34.175,8.483
1 Sep 2020 18:57:57.468,1 Sep 2020 18:58:05.946,8.478
1 Sep 2020 19:55:23.433,1 Sep 2020 19:55:31.928,8.494
1 Sep 2020 20:30:54.342,1 Sep 2020 20:31:02.832,8.491
1 Sep 2020 21:28:21.189,1 Sep 2020 21:28:29.696,8.507
1 Sep 2020 22:03:51.211,1 Sep 2020 22:03:59.715,8.504
1 Sep 2020 23:01:18.960,1 Sep 2020 23:01:27.479,8.519
1 Sep 2020 23:36:48.078,1 Sep 2020 23:36:56.594,8.517
2 Sep 2020 00:34:16.746,2 Sep 2020 00:34:25.277,8.531
2 Sep 2020 01:09:44.940,2 Sep 2020 01:09:53.471,8.530
2 Sep 2020 02:07:14.547,2 Sep 2020 02:07:23.091,8.544
2 Sep 2020 02:42:41.799,2 Sep 2020 02:42:50.344,8.544
2 Sep 2020 03:40:12.363,2 Sep 2020 03:40:20.921,8.557
2 Sep 2020 04:15:38.655,2 Sep 2020 04:15:47.214,8.558
2 Sep 2020 05:13:10.196,2 Sep 2020 05:13:18.767,8.571
2 Sep 2020 05:48:35.450,2 Sep 2020 05:48:44.022,8.572
2 Sep 2020 06:46:08.002,2 Sep 2020 06:46:16.584,8.582
2 Sep 2020 07:21:32.296,2 Sep 2020 07:21:40.882,8.587
2 Sep 2020 08:19:05.862,2 Sep 2020 08:19:14.457,8.595
2 Sep 2020 08:54:29.138,2 Sep 2020 08:54:37.740,8.602
2 Sep 2020 09:52:03.736,2 Sep 2020 09:52:12.350,8.615
2 Sep 2020 10:27:25.980,2 Sep 2020 10:27:34.597,8.617
2 Sep 2020 11:25:01.629,2 Sep 2020 11:25:10.261,8.632
2 Sep 2020 12:00:22.818,2 Sep 2020 12:00:31.451,8.633
2 Sep 2020 12:57:59.548,2 Sep 2020 12:58:08.189,8.642
2 Sep 2020 13:33:19.667,2 Sep 2020 13:33:28.316,8.649
2 Sep 2020 14:30:57.478,2 Sep 2020 14:31:06.135,8.657
2 Sep 2020 15:06:16.503,2 Sep 2020 15:06:25.168,8.665
2 Sep 2020 16:03:55.427,2 Sep 2020 16:04:04.099,8.672
2 Sep 2020 16:39:13.338,2 Sep 2020 16:39:22.019,8.681
2 Sep 2020 17:36:53.381,2 Sep 2020 17:37:02.069,8.688
2 Sep 2020 18:12:10.153,2 Sep 2020 18:12:18.851,8.698
2 Sep 2020 19:09:51.365,2 Sep 2020 19:10:00.069,8.704
2 Sep 2020 19:45:06.983,2 Sep 2020 19:45:15.698,8.715
2 Sep 2020 20:42:49.368,2 Sep 2020 20:42:58.088,8.720
2 Sep 2020 21:18:03.813,2 Sep 2020 21:18:12.545,8.732
2 Sep 2020 22:15:47.390,2 Sep 2020 22:15:56.127,8.737
2 Sep 2020 22:51:00.641,2 Sep 2020 22:51:09.391,8.750
2 Sep 2020 23:48:45.431,2 Sep 2020 23:48:54.185,8.754
3 Sep 2020 00:23:57.468,3 Sep 2020 00:24:06.236,8.768
3 Sep 2020 01:21:43.492,3 Sep 2020 01:21:52.263,8.771
3 Sep 2020 01:56:54.293,3 Sep 2020 01:57:03.079,8.786
3 Sep 2020 02:54:41.574,3 Sep 2020 02:54:50.362,8.788
3 Sep 2020 03:29:51.119,3 Sep 2020 03:29:59.924,8.805
3 Sep 2020 04:27:39.675,3 Sep 2020 04:27:48.481,8.806
3 Sep 2020 05:02:47.946,3 Sep 2020 05:02:56.769,8.824
3 Sep 2020 06:00:37.767,3 Sep 2020 06:00:46.591,8.824
3 Sep 2020 06:35:44.745,3 Sep 2020 06:35:53.588,8.843
3 Sep 2020 07:33:35.909,3 Sep 2020 07:33:44.751,8.843
3 Sep 2020 08:08:41.570,3 Sep 2020 08:08:50.433,8.863
3 Sep 2020 09:06:34.072,3 Sep 2020 09:06:42.933,8.861
3 Sep 2020 09:41:38.393,3 Sep 2020 09:41:47.278,8.885
3 Sep 2020 10:39:32.274,3 Sep 2020 10:39:41.155,8.880
3 Sep 2020 11:14:35.250,3 Sep 2020 11:14:44.150,8.900
3 Sep 2020 12:12:30.481,3 Sep 2020 12:12:39.381,8.900
3 Sep 2020 12:47:32.078,3 Sep 2020 12:47:41.001,8.924
3 Sep 2020 13:45:28.661,3 Sep 2020 13:45:37.581,8.919
3 Sep 2020 14:20:28.856,3 Sep 2020 14:20:37.800,8.944
3 Sep 2020 15:18:26.909,3 Sep 2020 15:18:35.849,8.939
3 Sep 2020 15:53:25.682,3 Sep 2020 15:53:34.648,8.965
3 Sep 2020 16:51:25.180,3 Sep 2020 16:51:34.140,8.960
3 Sep 2020 17:26:22.510,3 Sep 2020 17:26:31.497,8.987
3 Sep 2020 18:24:23.471,3 Sep 2020 18:24:32.451,8.980
3 Sep 2020 18:59:19.337,3 Sep 2020 18:59:28.345,9.009
3 Sep 2020 19:57:21.787,3 Sep 2020 19:57:30.789,9.001
3 Sep 2020 20:32:16.167,3 Sep 2020 20:32:25.198,9.031
3 Sep 2020 21:30:20.128,3 Sep 2020 21:30:29.151,9.023
3 Sep 2020 22:05:13.000,3 Sep 2020 22:05:22.053,9.053
3 Sep 2020 23:03:18.555,3 Sep 2020 23:03:27.599,9.044
3 Sep 2020 23:38:09.892,3 Sep 2020 23:38:18.968,9.076
4 Sep 2020 00:36:16.947,4 Sep 2020 00:36:26.013,9.066
4 Sep 2020 01:11:06.732,4 Sep 2020 01:11:15.832,9.099
4 Sep 2020 02:09:15.364,4 Sep 2020 02:09:24.453,9.088
4 Sep 2020 02:44:03.576,4 Sep 2020 02:44:12.698,9.123
4 Sep 2020 03:42:13.806,4 Sep 2020 03:42:22.917,9.111
4 Sep 2020 04:17:00.421,4 Sep 2020 04:17:09.567,9.147
4 Sep 2020 05:15:12.273,4 Sep 2020 05:15:21.407,9.134
4 Sep 2020 05:49:57.270,4 Sep 2020 05:50:06.441,9.171
4 Sep 2020 06:48:10.798,4 Sep 2020 06:48:19.955,9.158
4 Sep 2020 07:22:54.154,4 Sep 2020 07:23:03.352,9.198
4 Sep 2020 08:21:09.320,4 Sep 2020 08:21:18.501,9.181
4 Sep 2020 08:55:51.015,4 Sep 2020 08:56:00.236,9.221
4 Sep 2020 09:54:07.868,4 Sep 2020 09:54:17.073,9.205
4 Sep 2020 10:28:47.877,4 Sep 2020 10:28:57.123,9.246
4 Sep 2020 11:27:06.638,4 Sep 2020 11:27:15.867,9.230
4 Sep 2020 12:01:44.947,4 Sep 2020 12:01:54.219,9.272
4 Sep 2020 13:00:05.260,4 Sep 2020 13:00:14.518,9.257
4 Sep 2020 13:34:41.838,4 Sep 2020 13:34:51.136,9.298
4 Sep 2020 14:33:03.805,4 Sep 2020 14:33:13.087,9.282
4 Sep 2020 15:07:38.631,4 Sep 2020 15:07:47.955,9.324
4 Sep 2020 16:06:02.470,4 Sep 2020 16:06:11.775,9.305
4 Sep 2020 16:40:35.518,4 Sep 2020 16:40:44.869,9.351
4 Sep 2020 17:39:01.207,4 Sep 2020 17:39:10.538,9.331
4 Sep 2020 18:13:32.452,4 Sep 2020 18:13:41.830,9.378
4 Sep 2020 19:11:59.933,4 Sep 2020 19:12:09.290,9.357
4 Sep 2020 19:46:29.352,4 Sep 2020 19:46:38.761,9.409
4 Sep 2020 20:44:58.705,4 Sep 2020 20:45:08.089,9.384
4 Sep 2020 21:19:26.278,4 Sep 2020 21:19:35.710,9.432
4 Sep 2020 22:17:57.492,4 Sep 2020 22:18:06.903,9.411
4 Sep 2020 22:52:23.190,4 Sep 2020 22:52:32.652,9.463
4 Sep 2020 23:50:56.309,4 Sep 2020 23:51:05.747,9.438
5 Sep 2020 00:25:20.119,5 Sep 2020 00:25:29.610,9.491
5 Sep 2020 01:23:55.163,5 Sep 2020 01:24:04.629,9.466
5 Sep 2020 01:58:17.043,5 Sep 2020 01:58:26.564,9.521
5 Sep 2020 02:56:54.042,5 Sep 2020 02:57:03.536,9.494
5 Sep 2020 03:31:13.981,5 Sep 2020 03:31:23.531,9.550
5 Sep 2020 04:29:52.952,5 Sep 2020 04:30:02.475,9.523
5 Sep 2020 05:04:10.938,5 Sep 2020 05:04:20.518,9.580
5 Sep 2020 06:02:51.910,5 Sep 2020 06:03:01.462,9.552
5 Sep 2020 06:37:07.889,5 Sep 2020 06:37:17.499,9.611
5 Sep 2020 07:35:50.886,5 Sep 2020 07:36:00.467,9.581
5 Sep 2020 08:10:04.847,5 Sep 2020 08:10:14.486,9.639
5 Sep 2020 09:08:49.895,5 Sep 2020 09:08:59.505,9.611
5 Sep 2020 09:43:01.814,5 Sep 2020 09:43:11.487,9.673
5 Sep 2020 10:41:48.936,5 Sep 2020 10:41:58.577,9.641
5 Sep 2020 11:15:58.786,5 Sep 2020 11:16:08.494,9.708
5 Sep 2020 12:14:48.128,5 Sep 2020 12:14:57.799,9.671
5 Sep 2020 12:48:55.885,5 Sep 2020 12:49:05.624,9.740
5 Sep 2020 13:47:47.243,5 Sep 2020 13:47:56.945,9.702
5 Sep 2020 14:21:52.886,5 Sep 2020 14:22:02.655,9.769
5 Sep 2020 15:20:46.395,5 Sep 2020 15:20:56.128,9.734
5 Sep 2020 15:54:49.892,5 Sep 2020 15:54:59.694,9.802
5 Sep 2020 16:53:45.578,5 Sep 2020 16:53:55.344,9.765
5 Sep 2020 17:27:46.910,5 Sep 2020 17:27:56.748,9.838
5 Sep 2020 18:26:44.798,5 Sep 2020 18:26:54.596,9.798
5 Sep 2020 19:00:43.942,5 Sep 2020 19:00:53.808,9.866
5 Sep 2020 19:59:44.054,5 Sep 2020 19:59:53.884,9.830
5 Sep 2020 20:33:40.978,5 Sep 2020 20:33:50.885,9.907
5 Sep 2020 21:32:43.346,5 Sep 2020 21:32:53.209,9.863
5 Sep 2020 22:06:38.031,5 Sep 2020 22:06:47.969,9.938
5 Sep 2020 23:05:42.675,5 Sep 2020 23:05:52.571,9.897
5 Sep 2020 23:39:35.092,5 Sep 2020 23:39:45.062,9.971
6 Sep 2020 00:38:42.040,6 Sep 2020 00:38:51.971,9.931
6 Sep 2020 01:12:32.161,6 Sep 2020 01:12:42.170,10.009
6 Sep 2020 02:11:41.443,6 Sep 2020 02:11:51.408,9.965
6 Sep 2020 02:45:29.249,6 Sep 2020 02:45:39.290,10.042
6 Sep 2020 03:44:40.965,6 Sep 2020 03:44:50.963,9.998
6 Sep 2020 04:18:26.422,6 Sep 2020 04:18:36.502,10.080
6 Sep 2020 05:17:40.455,6 Sep 2020 05:17:50.489,10.034
6 Sep 2020 05:51:23.549,6 Sep 2020 05:51:33.667,10.118
6 Sep 2020 06:50:39.980,6 Sep 2020 06:50:50.050,10.070
6 Sep 2020 07:24:20.678,6 Sep 2020 07:24:30.833,10.155
6 Sep 2020 08:23:39.544,6 Sep 2020 08:23:49.650,10.106
6 Sep 2020 08:57:17.820,6 Sep 2020 08:57:28.013,10.193
6 Sep 2020 09:56:39.148,6 Sep 2020 09:56:49.291,10.143
6 Sep 2020 10:30:14.976,6 Sep 2020 10:30:25.208,10.232
6 Sep 2020 11:29:38.761,6 Sep 2020 11:29:48.938,10.177
6 Sep 2020 12:03:12.130,6 Sep 2020 12:03:22.402,10.272
6 Sep 2020 13:02:38.416,6 Sep 2020 13:02:48.633,10.216
6 Sep 2020 13:36:09.282,6 Sep 2020 13:36:19.591,10.309
6 Sep 2020 14:35:38.135,6 Sep 2020 14:35:48.390,10.254
6 Sep 2020 15:09:06.475,6 Sep 2020 15:09:16.824,10.349
6 Sep 2020 16:08:37.872,6 Sep 2020 16:08:48.164,10.293
6 Sep 2020 16:42:03.657,6 Sep 2020 16:42:14.046,10.389
6 Sep 2020 17:41:37.671,6 Sep 2020 17:41:48.005,10.334
6 Sep 2020 18:15:00.878,6 Sep 2020 18:15:11.307,10.430
6 Sep 2020 19:14:37.513,6 Sep 2020 19:14:47.887,10.373
6 Sep 2020 19:47:58.113,6 Sep 2020 19:48:08.583,10.470
6 Sep 2020 20:47:37.400,6 Sep 2020 20:47:47.808,10.408
6 Sep 2020 21:20:55.440,6 Sep 2020 21:21:05.953,10.513
6 Sep 2020 22:20:37.424,6 Sep 2020 22:20:47.875,10.451
6 Sep 2020 22:53:52.715,6 Sep 2020 22:54:03.270,10.555
6 Sep 2020 23:53:37.403,6 Sep 2020 23:53:47.895,10.492
7 Sep 2020 00:26:50.009,7 Sep 2020 00:27:00.607,10.598
7 Sep 2020 01:26:37.427,7 Sep 2020 01:26:47.960,10.533
7 Sep 2020 01:59:47.321,7 Sep 2020 01:59:57.962,10.641
7 Sep 2020 02:59:37.495,7 Sep 2020 02:59:48.070,10.575
7 Sep 2020 03:32:44.651,7 Sep 2020 03:32:55.339,10.688
7 Sep 2020 04:32:37.578,7 Sep 2020 04:32:48.195,10.617
7 Sep 2020 05:05:41.972,7 Sep 2020 05:05:52.704,10.732
7 Sep 2020 06:05:37.710,7 Sep 2020 06:05:48.372,10.662
7 Sep 2020 06:38:39.313,7 Sep 2020 06:38:50.087,10.773
7 Sep 2020 07:38:37.914,7 Sep 2020 07:38:48.617,10.703
7 Sep 2020 08:11:36.698,7 Sep 2020 08:11:47.519,10.821
7 Sep 2020 09:11:38.162,7 Sep 2020 09:11:48.909,10.747
7 Sep 2020 09:44:34.105,7 Sep 2020 09:44:44.969,10.864
7 Sep 2020 10:44:38.501,7 Sep 2020 10:44:49.292,10.791
7 Sep 2020 11:17:31.576,7 Sep 2020 11:17:42.487,10.910
7 Sep 2020 12:17:38.844,7 Sep 2020 12:17:49.679,10.835
7 Sep 2020 12:50:29.023,7 Sep 2020 12:50:39.980,10.957
7 Sep 2020 13:50:39.202,7 Sep 2020 13:50:50.083,10.880
7 Sep 2020 14:23:26.466,7 Sep 2020 14:23:37.470,11.004
7 Sep 2020 15:23:39.638,7 Sep 2020 15:23:50.564,10.926
7 Sep 2020 15:56:23.951,7 Sep 2020 15:56:35.005,11.054
7 Sep 2020 16:56:40.106,7 Sep 2020 16:56:51.078,10.972
7 Sep 2020 17:29:21.444,7 Sep 2020 17:29:32.541,11.097
7 Sep 2020 18:29:40.638,7 Sep 2020 18:29:51.657,11.019
7 Sep 2020 19:02:18.973,7 Sep 2020 19:02:30.125,11.152
7 Sep 2020 20:02:41.219,7 Sep 2020 20:02:52.285,11.066
7 Sep 2020 20:35:16.526,7 Sep 2020 20:35:27.728,11.202
7 Sep 2020 21:35:41.850,7 Sep 2020 21:35:52.963,11.114
7 Sep 2020 22:08:14.105,7 Sep 2020 22:08:25.352,11.248
7 Sep 2020 23:08:42.530,7 Sep 2020 23:08:53.692,11.162
7 Sep 2020 23:41:11.711,7 Sep 2020 23:41:23.005,11.294
8 Sep 2020 00:41:43.260,8 Sep 2020 00:41:54.470,11.211
8 Sep 2020 01:14:09.333,8 Sep 2020 01:14:20.682,11.349
8 Sep 2020 02:14:44.056,8 Sep 2020 02:14:55.316,11.260
8 Sep 2020 02:47:07.001,8 Sep 2020 02:47:18.406,11.405
8 Sep 2020 03:47:44.889,8 Sep 2020 03:47:56.199,11.310
8 Sep 2020 04:20:04.684,8 Sep 2020 04:20:16.132,11.447
8 Sep 2020 05:20:45.773,8 Sep 2020 05:20:57.133,11.360
8 Sep 2020 05:53:02.384,8 Sep 2020 05:53:13.893,11.509
8 Sep 2020 06:53:46.708,8 Sep 2020 06:53:58.119,11.411
8 Sep 2020 07:26:00.119,8 Sep 2020 07:26:11.676,11.557
8 Sep 2020 08:26:47.696,8 Sep 2020 08:26:59.158,11.462
8 Sep 2020 08:58:57.875,8 Sep 2020 08:59:09.487,11.611
8 Sep 2020 09:59:48.735,8 Sep 2020 10:00:00.249,11.514
8 Sep 2020 10:31:55.663,8 Sep 2020 10:32:07.329,11.666
8 Sep 2020 11:32:49.827,8 Sep 2020 11:33:01.394,11.566
8 Sep 2020 12:04:53.479,8 Sep 2020 12:05:05.202,11.723
8 Sep 2020 13:05:51.145,8 Sep 2020 13:06:02.763,11.617
8 Sep 2020 13:37:51.562,8 Sep 2020 13:38:03.330,11.768
8 Sep 2020 14:38:52.363,8 Sep 2020 14:39:04.035,11.673
8 Sep 2020 15:10:49.452,8 Sep 2020 15:11:01.280,11.829
8 Sep 2020 16:11:53.581,8 Sep 2020 16:12:05.302,11.722
8 Sep 2020 16:43:47.327,8 Sep 2020 16:43:59.212,11.885
8 Sep 2020 17:44:54.898,8 Sep 2020 17:45:06.677,11.779
8 Sep 2020 18:16:45.277,8 Sep 2020 18:16:57.223,11.946
8 Sep 2020 19:17:56.271,8 Sep 2020 19:18:08.102,11.831
8 Sep 2020 19:49:43.259,8 Sep 2020 19:49:55.257,11.998
8 Sep 2020 20:50:57.696,8 Sep 2020 20:51:09.585,11.889
8 Sep 2020 21:22:41.200,8 Sep 2020 21:22:53.257,12.057
8 Sep 2020 22:23:59.135,8 Sep 2020 22:24:11.082,11.947
8 Sep 2020 22:55:39.242,8 Sep 2020 22:55:51.358,12.115
8 Sep 2020 23:57:00.667,8 Sep 2020 23:57:12.673,12.005
9 Sep 2020 00:28:37.318,9 Sep 2020 00:28:49.492,12.174
9 Sep 2020 01:30:02.257,9 Sep 2020 01:30:14.317,12.060
9 Sep 2020 02:01:35.429,9 Sep 2020 02:01:47.662,12.233
9 Sep 2020 03:03:03.892,9 Sep 2020 03:03:16.009,12.117
9 Sep 2020 03:34:33.568,9 Sep 2020 03:34:45.861,12.292
9 Sep 2020 04:36:05.590,9 Sep 2020 04:36:17.765,12.175
9 Sep 2020 05:07:31.750,9 Sep 2020 05:07:44.103,12.353
9 Sep 2020 06:09:07.385,9 Sep 2020 06:09:19.618,12.234
9 Sep 2020 06:40:30.008,9 Sep 2020 06:40:42.421,12.413
9 Sep 2020 07:42:09.197,9 Sep 2020 07:42:21.490,12.293
9 Sep 2020 08:13:28.267,9 Sep 2020 08:13:40.741,12.474
9 Sep 2020 09:15:11.064,9 Sep 2020 09:15:23.416,12.352
9 Sep 2020 09:46:26.566,9 Sep 2020 09:46:39.101,12.536
9 Sep 2020 10:48:12.970,9 Sep 2020 10:48:25.380,12.410
9 Sep 2020 11:19:24.902,9 Sep 2020 11:19:37.499,12.597
9 Sep 2020 12:21:14.950,9 Sep 2020 12:21:27.420,12.470
9 Sep 2020 12:52:23.276,9 Sep 2020 12:52:35.936,12.659
9 Sep 2020 13:54:16.985,9 Sep 2020 13:54:29.518,12.533
9 Sep 2020 14:25:21.692,9 Sep 2020 14:25:34.414,12.722
9 Sep 2020 15:27:19.084,9 Sep 2020 15:27:31.678,12.594
9 Sep 2020 15:58:20.155,9 Sep 2020 15:58:32.942,12.787
9 Sep 2020 17:00:21.236,9 Sep 2020 17:00:33.890,12.653
9 Sep 2020 17:31:18.657,9 Sep 2020 17:31:31.504,12.847
9 Sep 2020 18:33:23.440,9 Sep 2020 18:33:36.161,12.720
9 Sep 2020 19:04:17.199,9 Sep 2020 19:04:30.110,12.911
9 Sep 2020 20:06:25.732,9 Sep 2020 20:06:38.512,12.780
9 Sep 2020 20:37:15.820,9 Sep 2020 20:37:28.798,12.978
9 Sep 2020 21:39:28.054,9 Sep 2020 21:39:40.900,12.846
9 Sep 2020 22:10:14.456,9 Sep 2020 22:10:27.495,13.039
9 Sep 2020 23:12:30.434,9 Sep 2020 23:12:43.339,12.905
9 Sep 2020 23:43:13.130,9 Sep 2020 23:43:26.242,13.112
10 Sep 2020 00:45:32.869,10 Sep 2020 00:45:45.839,12.969
10 Sep 2020 01:16:11.858,10 Sep 2020 01:16:25.031,13.174
10 Sep 2020 02:18:35.356,10 Sep 2020 02:18:48.393,13.037
10 Sep 2020 02:49:10.652,10 Sep 2020 02:49:23.891,13.240
10 Sep 2020 03:51:37.924,10 Sep 2020 03:51:51.026,13.102
10 Sep 2020 04:22:09.469,10 Sep 2020 04:22:22.775,13.306
10 Sep 2020 05:24:40.524,10 Sep 2020 05:24:53.692,13.168
10 Sep 2020 05:55:08.279,10 Sep 2020 05:55:21.651,13.373
10 Sep 2020 06:57:43.127,10 Sep 2020 06:57:56.357,13.230
10 Sep 2020 07:28:07.198,10 Sep 2020 07:28:20.633,13.435
10 Sep 2020 08:30:45.837,10 Sep 2020 08:30:59.133,13.296
10 Sep 2020 09:01:06.158,10 Sep 2020 09:01:19.664,13.507
10 Sep 2020 10:03:48.601,10 Sep 2020 10:04:01.964,13.363
10 Sep 2020 10:34:05.173,10 Sep 2020 10:34:18.747,13.574
10 Sep 2020 11:36:51.420,10 Sep 2020 11:37:04.848,13.429
10 Sep 2020 12:07:04.242,10 Sep 2020 12:07:17.885,13.642
10 Sep 2020 13:09:54.223,10 Sep 2020 13:10:07.717,13.495
10 Sep 2020 13:40:03.298,10 Sep 2020 13:40:17.011,13.712
10 Sep 2020 14:42:57.148,10 Sep 2020 14:43:10.709,13.562
10 Sep 2020 15:13:02.468,10 Sep 2020 15:13:16.246,13.778
10 Sep 2020 16:16:00.123,10 Sep 2020 16:16:13.752,13.629
10 Sep 2020 16:46:01.697,10 Sep 2020 16:46:15.539,13.841
10 Sep 2020 17:49:03.147,10 Sep 2020 17:49:16.847,13.700
10 Sep 2020 18:19:00.975,10 Sep 2020 18:19:14.887,13.912
10 Sep 2020 19:22:06.226,10 Sep 2020 19:22:19.993,13.767
10 Sep 2020 19:52:00.307,10 Sep 2020 19:52:14.294,13.987
10 Sep 2020 20:55:09.332,10 Sep 2020 20:55:23.163,13.831
10 Sep 2020 21:24:59.676,10 Sep 2020 21:25:13.733,14.057
10 Sep 2020 22:28:12.513,10 Sep 2020 22:28:26.414,13.900
10 Sep 2020 22:57:59.124,10 Sep 2020 22:58:13.245,14.121
11 Sep 2020 00:01:15.742,11 Sep 2020 00:01:29.709,13.967
11 Sep 2020 00:30:58.632,11 Sep 2020 00:31:12.821,14.189
11 Sep 2020 01:34:19.019,11 Sep 2020 01:34:33.052,14.032
11 Sep 2020 02:04:00.787,11 Sep 2020 02:04:15.062,14.275
11 Sep 2020 03:07:27.135,11 Sep 2020 03:07:41.254,14.119
11 Sep 2020 03:37:01.610,11 Sep 2020 03:37:15.955,14.345
11 Sep 2020 04:40:32.007,11 Sep 2020 04:40:46.195,14.188
11 Sep 2020 05:10:02.667,11 Sep 2020 05:10:17.082,14.415
11 Sep 2020 06:13:36.183,11 Sep 2020 06:13:50.441,14.258
11 Sep 2020 06:43:03.234,11 Sep 2020 06:43:17.716,14.483
11 Sep 2020 07:46:41.138,11 Sep 2020 07:46:55.465,14.327
11 Sep 2020 08:16:04.438,11 Sep 2020 08:16:18.990,14.552
11 Sep 2020 09:19:46.276,11 Sep 2020 09:20:00.673,14.396
11 Sep 2020 09:49:05.838,11 Sep 2020 09:49:20.459,14.621
11 Sep 2020 10:52:51.597,11 Sep 2020 10:53:06.062,14.465
11 Sep 2020 11:22:07.437,11 Sep 2020 11:22:22.128,14.690
11 Sep 2020 12:25:57.090,11 Sep 2020 12:26:11.627,14.537
11 Sep 2020 12:55:09.237,11 Sep 2020 12:55:23.996,14.759
11 Sep 2020 13:58:57.764,11 Sep 2020 13:59:12.361,14.597
11 Sep 2020 14:28:07.084,11 Sep 2020 14:28:21.900,14.816
11 Sep 2020 15:32:02.368,11 Sep 2020 15:32:17.026,14.658
11 Sep 2020 16:01:08.129,11 Sep 2020 16:01:23.016,14.887
11 Sep 2020 17:05:06.972,11 Sep 2020 17:05:21.697,14.726
11 Sep 2020 17:34:09.225,11 Sep 2020 17:34:24.182,14.958
11 Sep 2020 18:38:11.603,11 Sep 2020 18:38:26.397,14.794
11 Sep 2020 19:07:10.377,11 Sep 2020 19:07:25.398,15.021
11 Sep 2020 20:11:16.727,11 Sep 2020 20:11:31.586,14.858
11 Sep 2020 20:40:12.068,11 Sep 2020 20:40:27.156,15.088
11 Sep 2020 21:44:21.537,11 Sep 2020 21:44:36.461,14.924
11 Sep 2020 22:13:13.460,11 Sep 2020 22:13:28.609,15.149
11 Sep 2020 23:17:26.382,11 Sep 2020 23:17:41.374,14.993
11 Sep 2020 23:46:14.925,11 Sep 2020 23:46:30.139,15.214
12 Sep 2020 00:50:31.263,12 Sep 2020 00:50:46.318,15.055
12 Sep 2020 01:19:16.266,12 Sep 2020 01:19:31.544,15.278
12 Sep 2020 02:23:35.918,12 Sep 2020 02:23:51.041,15.123
12 Sep 2020 02:52:17.853,12 Sep 2020 02:52:33.195,15.342
12 Sep 2020 03:56:40.835,12 Sep 2020 03:56:56.016,15.180
12 Sep 2020 04:25:19.702,12 Sep 2020 04:25:35.107,15.404
12 Sep 2020 05:29:45.984,12 Sep 2020 05:30:01.234,15.249
12 Sep 2020 05:58:21.461,12 Sep 2020 05:58:36.926,15.464
12 Sep 2020 07:02:50.982,12 Sep 2020 07:03:06.291,15.308
12 Sep 2020 07:31:23.291,12 Sep 2020 07:31:38.819,15.528
12 Sep 2020 08:35:55.997,12 Sep 2020 08:36:11.372,15.375
12 Sep 2020 09:04:25.199,12 Sep 2020 09:04:40.788,15.589
12 Sep 2020 10:09:01.040,12 Sep 2020 10:09:16.477,15.437
12 Sep 2020 10:37:27.189,12 Sep 2020 10:37:42.833,15.644
12 Sep 2020 11:42:06.105,12 Sep 2020 11:42:21.603,15.498
12 Sep 2020 12:10:29.251,12 Sep 2020 12:10:44.955,15.704
12 Sep 2020 13:15:11.118,12 Sep 2020 13:15:26.676,15.558
12 Sep 2020 13:43:31.330,12 Sep 2020 13:43:47.092,15.762
12 Sep 2020 14:48:16.209,12 Sep 2020 14:48:31.826,15.617
12 Sep 2020 15:16:33.531,12 Sep 2020 15:16:49.352,15.821
12 Sep 2020 16:21:21.318,12 Sep 2020 16:21:36.991,15.672
12 Sep 2020 16:49:35.815,12 Sep 2020 16:49:51.691,15.876
12 Sep 2020 17:54:26.438,12 Sep 2020 17:54:42.168,15.729
12 Sep 2020 18:22:38.176,12 Sep 2020 18:22:54.107,15.931
12 Sep 2020 19:27:31.535,12 Sep 2020 19:27:47.327,15.791
12 Sep 2020 19:55:40.590,12 Sep 2020 19:55:56.574,15.984
12 Sep 2020 21:00:36.670,12 Sep 2020 21:00:52.516,15.846
12 Sep 2020 21:28:43.102,12 Sep 2020 21:28:59.137,16.035
12 Sep 2020 22:33:41.814,12 Sep 2020 22:33:57.711,15.897
12 Sep 2020 23:01:45.692,12 Sep 2020 23:02:01.778,16.086
13 Sep 2020 00:06:46.957,13 Sep 2020 00:07:02.907,15.950
13 Sep 2020 00:34:48.360,13 Sep 2020 00:35:04.495,16.135
13 Sep 2020 01:39:52.105,13 Sep 2020 01:40:08.109,16.004
13 Sep 2020 02:07:51.109,13 Sep 2020 02:08:07.291,16.182
13 Sep 2020 03:12:57.257,13 Sep 2020 03:13:13.305,16.048
13 Sep 2020 03:40:53.821,13 Sep 2020 03:41:10.050,16.229
13 Sep 2020 04:46:02.290,13 Sep 2020 04:46:18.393,16.103
13 Sep 2020 05:13:56.713,13 Sep 2020 05:14:12.989,16.276
13 Sep 2020 06:19:07.426,13 Sep 2020 06:19:23.577,16.151
13 Sep 2020 06:46:59.717,13 Sep 2020 06:47:16.033,16.316
13 Sep 2020 07:52:12.596,13 Sep 2020 07:52:28.791,16.195
13 Sep 2020 08:20:02.766,13 Sep 2020 08:20:19.123,16.357
13 Sep 2020 09:25:17.716,13 Sep 2020 09:25:33.952,16.236
13 Sep 2020 09:53:05.841,13 Sep 2020 09:53:22.234,16.393
13 Sep 2020 10:58:22.770,13 Sep 2020 10:58:39.048,16.278
13 Sep 2020 11:26:09.041,13 Sep 2020 11:26:25.475,16.434
13 Sep 2020 12:31:27.847,13 Sep 2020 12:31:44.169,16.322
13 Sep 2020 12:59:12.319,13 Sep 2020 12:59:28.788,16.470
13 Sep 2020 14:04:32.926,13 Sep 2020 14:04:49.285,16.360
13 Sep 2020 14:32:15.672,13 Sep 2020 14:32:32.176,16.504
13 Sep 2020 15:37:37.982,13 Sep 2020 15:37:54.377,16.395
13 Sep 2020 16:05:19.101,13 Sep 2020 16:05:35.637,16.536
13 Sep 2020 17:10:43.023,13 Sep 2020 17:10:59.451,16.427
13 Sep 2020 17:38:22.605,13 Sep 2020 17:38:39.171,16.566
13 Sep 2020 18:43:47.984,13 Sep 2020 18:44:04.447,16.464
13 Sep 2020 19:11:26.126,13 Sep 2020 19:11:42.719,16.594
13 Sep 2020 20:16:52.974,13 Sep 2020 20:17:09.470,16.496
13 Sep 2020 20:44:29.816,13 Sep 2020 20:44:46.436,16.620
13 Sep 2020 21:49:57.968,13 Sep 2020 21:50:14.493,16.525
13 Sep 2020 22:17:33.539,13 Sep 2020 22:17:50.182,16.643
13 Sep 2020 23:23:02.902,13 Sep 2020 23:23:19.455,16.553
13 Sep 2020 23:50:37.333,13 Sep 2020 23:50:54.003,16.670
14 Sep 2020 00:56:07.804,14 Sep 2020 00:56:24.382,16.578
14 Sep 2020 01:23:41.203,14 Sep 2020 01:23:57.888,16.685
14 Sep 2020 02:29:12.673,14 Sep 2020 02:29:29.275,16.602
14 Sep 2020 02:56:44.991,14 Sep 2020 02:57:01.690,16.699
14 Sep 2020 04:02:17.347,14 Sep 2020 04:02:33.975,16.628
14 Sep 2020 04:29:48.997,14 Sep 2020 04:30:05.715,16.718
14 Sep 2020 05:35:22.148,14 Sep 2020 05:35:38.791,16.643
14 Sep 2020 06:02:53.059,14 Sep 2020 06:03:09.785,16.726
14 Sep 2020 07:08:26.894,14 Sep 2020 07:08:43.554,16.660
14 Sep 2020 07:35:57.185,14 Sep 2020 07:36:13.927,16.742
14 Sep 2020 08:41:31.597,14 Sep 2020 08:41:48.272,16.675
14 Sep 2020 09:09:01.372,14 Sep 2020 09:09:18.123,16.751
14 Sep 2020 10:14:36.253,14 Sep 2020 10:14:52.944,16.691
14 Sep 2020 10:42:05.627,14 Sep 2020 10:42:22.384,16.757
14 Sep 2020 11:47:40.870,14 Sep 2020 11:47:57.568,16.699
14 Sep 2020 12:15:09.939,14 Sep 2020 12:15:26.700,16.761
14 Sep 2020 13:20:45.418,14 Sep 2020 13:21:02.125,16.707
14 Sep 2020 13:48:14.300,14 Sep 2020 13:48:31.063,16.763
14 Sep 2020 14:53:49.930,14 Sep 2020 14:54:06.640,16.710
14 Sep 2020 15:21:18.732,14 Sep 2020 15:21:35.497,16.765
14 Sep 2020 16:26:54.390,14 Sep 2020 16:27:11.106,16.717
14 Sep 2020 16:54:23.223,14 Sep 2020 16:54:39.982,16.760
14 Sep 2020 17:59:58.772,14 Sep 2020 18:00:15.493,16.721
14 Sep 2020 18:27:27.750,14 Sep 2020 18:27:44.504,16.755
14 Sep 2020 19:33:03.149,14 Sep 2020 19:33:19.869,16.720
14 Sep 2020 20:00:32.365,14 Sep 2020 20:00:49.112,16.747
14 Sep 2020 21:06:07.443,14 Sep 2020 21:06:24.159,16.715
14 Sep 2020 21:33:37.010,14 Sep 2020 21:33:53.748,16.738
14 Sep 2020 22:39:11.683,14 Sep 2020 22:39:28.389,16.706
14 Sep 2020 23:06:41.711,14 Sep 2020 23:06:58.437,16.726
15 Sep 2020 00:12:15.857,15 Sep 2020 00:12:32.557,16.700
15 Sep 2020 00:39:46.457,15 Sep 2020 00:40:03.169,16.712
15 Sep 2020 01:45:19.969,15 Sep 2020 01:45:36.664,16.695
15 Sep 2020 02:12:51.243,15 Sep 2020 02:13:07.938,16.695
15 Sep 2020 03:18:24.020,15 Sep 2020 03:18:40.705,16.685
15 Sep 2020 03:45:56.076,15 Sep 2020 03:46:12.753,16.677
15 Sep 2020 04:51:28.010,15 Sep 2020 04:51:44.672,16.663
15 Sep 2020 05:19:00.878,15 Sep 2020 05:19:17.535,16.656
15 Sep 2020 06:24:31.871,15 Sep 2020 06:24:48.526,16.655
15 Sep 2020 06:52:05.796,15 Sep 2020 06:52:22.430,16.634
15 Sep 2020 07:57:35.731,15 Sep 2020 07:57:52.363,16.632
15 Sep 2020 08:25:10.751,15 Sep 2020 08:25:27.360,16.609
15 Sep 2020 09:30:39.523,15 Sep 2020 09:30:56.135,16.612
15 Sep 2020 09:58:15.741,15 Sep 2020 09:58:32.326,16.585
15 Sep 2020 11:03:43.247,15 Sep 2020 11:03:59.836,16.589
15 Sep 2020 11:31:20.763,15 Sep 2020 11:31:37.316,16.553
15 Sep 2020 12:36:46.941,15 Sep 2020 12:37:03.503,16.562
15 Sep 2020 13:04:25.907,15 Sep 2020 13:04:42.431,16.524
15 Sep 2020 14:09:50.530,15 Sep 2020 14:10:07.065,16.535
15 Sep 2020 14:37:30.859,15 Sep 2020 14:37:47.346,16.487
15 Sep 2020 15:42:53.905,15 Sep 2020 15:43:10.413,16.508
15 Sep 2020 16:10:35.954,15 Sep 2020 16:10:52.401,16.447
15 Sep 2020 17:15:57.331,15 Sep 2020 17:16:13.808,16.477
15 Sep 2020 17:43:41.071,15 Sep 2020 17:43:57.482,16.411
15 Sep 2020 18:49:00.682,15 Sep 2020 18:49:17.129,16.447
15 Sep 2020 19:16:46.207,15 Sep 2020 19:17:02.578,16.371
15 Sep 2020 20:22:03.960,15 Sep 2020 20:22:20.370,16.410
15 Sep 2020 20:49:51.352,15 Sep 2020 20:50:07.692,16.340
15 Sep 2020 21:55:07.161,15 Sep 2020 21:55:23.535,16.373
15 Sep 2020 22:22:56.523,15 Sep 2020 22:23:12.817,16.293
15 Sep 2020 23:28:10.290,15 Sep 2020 23:28:26.625,16.335
15 Sep 2020 23:56:01.708,15 Sep 2020 23:56:17.958,16.249
16 Sep 2020 01:01:13.343,16 Sep 2020 01:01:29.638,16.295
16 Sep 2020 01:29:06.904,16 Sep 2020 01:29:23.108,16.204
16 Sep 2020 02:34:16.317,16 Sep 2020 02:34:32.573,16.256
16 Sep 2020 03:02:12.127,16 Sep 2020 03:02:28.284,16.156
16 Sep 2020 04:07:19.227,16 Sep 2020 04:07:35.440,16.213
16 Sep 2020 04:35:17.342,16 Sep 2020 04:35:33.450,16.107
16 Sep 2020 05:40:22.056,16 Sep 2020 05:40:38.220,16.164
16 Sep 2020 06:08:22.567,16 Sep 2020 06:08:38.624,16.057
16 Sep 2020 07:13:24.811,16 Sep 2020 07:13:40.929,16.118
16 Sep 2020 07:41:27.785,16 Sep 2020 07:41:43.789,16.004
16 Sep 2020 08:46:27.487,16 Sep 2020 08:46:43.557,16.070
16 Sep 2020 09:14:33.005,16 Sep 2020 09:14:48.953,15.948
16 Sep 2020 10:19:30.083,16 Sep 2020 10:19:46.104,16.021
16 Sep 2020 10:47:38.215,16 Sep 2020 10:47:54.117,15.901
16 Sep 2020 11:52:32.599,16 Sep 2020 11:52:48.571,15.972
16 Sep 2020 12:20:43.420,16 Sep 2020 12:20:59.262,15.843
16 Sep 2020 13:25:35.031,16 Sep 2020 13:25:50.948,15.917
16 Sep 2020 13:53:48.618,16 Sep 2020 13:54:04.403,15.786
16 Sep 2020 14:58:37.395,16 Sep 2020 14:58:53.261,15.866
16 Sep 2020 15:26:53.809,16 Sep 2020 15:27:09.537,15.728
16 Sep 2020 16:31:39.684,16 Sep 2020 16:31:55.491,15.807
16 Sep 2020 16:59:58.989,16 Sep 2020 17:00:14.658,15.669
16 Sep 2020 18:04:41.892,16 Sep 2020 18:04:57.645,15.753
16 Sep 2020 18:33:04.155,16 Sep 2020 18:33:19.764,15.609
16 Sep 2020 19:37:44.029,16 Sep 2020 19:37:59.723,15.694
16 Sep 2020 20:06:09.236,16 Sep 2020 20:06:24.785,15.549
16 Sep 2020 21:10:46.053,16 Sep 2020 21:11:01.696,15.642
16 Sep 2020 21:39:14.369,16 Sep 2020 21:39:29.856,15.487
16 Sep 2020 22:43:48.040,16 Sep 2020 22:44:03.617,15.577
16 Sep 2020 23:12:19.481,16 Sep 2020 23:12:34.908,15.427
17 Sep 2020 00:16:49.945,17 Sep 2020 00:17:05.465,15.520
17 Sep 2020 00:45:24.574,17 Sep 2020 00:45:39.933,15.358
17 Sep 2020 01:49:51.778,17 Sep 2020 01:50:07.237,15.459
17 Sep 2020 02:18:29.639,17 Sep 2020 02:18:44.935,15.297
17 Sep 2020 03:22:53.537,17 Sep 2020 03:23:08.934,15.397
17 Sep 2020 03:51:34.684,17 Sep 2020 03:51:49.912,15.228
17 Sep 2020 04:55:55.222,17 Sep 2020 04:56:10.556,15.335
17 Sep 2020 05:24:39.760,17 Sep 2020 05:24:54.927,15.167
17 Sep 2020 06:28:56.907,17 Sep 2020 06:29:12.178,15.271
17 Sep 2020 06:57:44.752,17 Sep 2020 06:57:59.850,15.098
17 Sep 2020 08:01:58.454,17 Sep 2020 08:02:13.657,15.203
17 Sep 2020 08:30:49.685,17 Sep 2020 08:31:04.716,15.032
17 Sep 2020 09:34:59.890,17 Sep 2020 09:35:15.033,15.143
17 Sep 2020 10:03:54.602,17 Sep 2020 10:04:09.572,14.970
17 Sep 2020 11:08:01.289,17 Sep 2020 11:08:16.367,15.077
17 Sep 2020 11:36:59.490,17 Sep 2020 11:37:14.388,14.898
17 Sep 2020 12:41:02.611,17 Sep 2020 12:41:17.623,15.012
17 Sep 2020 13:10:04.343,17 Sep 2020 13:10:19.173,14.830
17 Sep 2020 14:14:03.866,17 Sep 2020 14:14:18.814,14.948
17 Sep 2020 14:43:09.158,17 Sep 2020 14:43:23.919,14.761
17 Sep 2020 15:47:05.051,17 Sep 2020 15:47:19.932,14.881
17 Sep 2020 16:16:13.934,17 Sep 2020 16:16:28.626,14.692
17 Sep 2020 17:20:06.167,17 Sep 2020 17:20:20.981,14.814
17 Sep 2020 17:49:18.669,17 Sep 2020 17:49:33.295,14.626
17 Sep 2020 18:53:07.217,17 Sep 2020 18:53:21.960,14.744
17 Sep 2020 19:22:23.365,17 Sep 2020 19:22:37.919,14.554
17 Sep 2020 20:26:08.196,17 Sep 2020 20:26:22.869,14.673
17 Sep 2020 20:55:27.984,17 Sep 2020 20:55:42.469,14.485
17 Sep 2020 21:59:09.074,17 Sep 2020 21:59:23.682,14.608
17 Sep 2020 22:28:32.591,17 Sep 2020 22:28:47.006,14.415
17 Sep 2020 23:32:09.916,17 Sep 2020 23:32:24.455,14.539
18 Sep 2020 00:01:37.150,18 Sep 2020 00:01:51.493,14.342
18 Sep 2020 01:05:10.699,18 Sep 2020 01:05:25.169,14.471
18 Sep 2020 01:34:41.664,18 Sep 2020 01:34:55.937,14.272
18 Sep 2020 02:38:11.413,18 Sep 2020 02:38:25.817,14.404
18 Sep 2020 03:07:46.131,18 Sep 2020 03:08:00.333,14.202
18 Sep 2020 04:11:12.064,18 Sep 2020 04:11:26.397,14.333
18 Sep 2020 04:40:50.549,18 Sep 2020 04:41:04.680,14.132
18 Sep 2020 05:44:12.649,18 Sep 2020 05:44:26.913,14.264
18 Sep 2020 06:13:54.913,18 Sep 2020 06:14:08.982,14.070
18 Sep 2020 07:17:13.174,18 Sep 2020 07:17:27.371,14.197
18 Sep 2020 07:46:59.200,18 Sep 2020 07:47:13.192,13.992
18 Sep 2020 08:50:13.605,18 Sep 2020 08:50:27.728,14.123
18 Sep 2020 09:20:03.465,18 Sep 2020 09:20:17.391,13.926
18 Sep 2020 10:23:14.005,18 Sep 2020 10:23:28.062,14.057
18 Sep 2020 10:53:07.632,18 Sep 2020 10:53:21.483,13.852
18 Sep 2020 11:56:14.303,18 Sep 2020 11:56:28.291,13.988
18 Sep 2020 12:26:11.784,18 Sep 2020 12:26:25.571,13.787
18 Sep 2020 13:29:14.583,18 Sep 2020 13:29:28.500,13.916
18 Sep 2020 13:59:15.887,18 Sep 2020 13:59:29.610,13.723
18 Sep 2020 15:02:14.803,18 Sep 2020 15:02:28.656,13.852
18 Sep 2020 15:32:19.939,18 Sep 2020 15:32:33.588,13.649
18 Sep 2020 16:35:14.962,18 Sep 2020 16:35:28.746,13.784
18 Sep 2020 17:05:23.927,18 Sep 2020 17:05:37.508,13.580
18 Sep 2020 18:08:15.073,18 Sep 2020 18:08:28.782,13.709
18 Sep 2020 18:38:27.863,18 Sep 2020 18:38:41.376,13.513
18 Sep 2020 19:41:15.121,18 Sep 2020 19:41:28.765,13.644
18 Sep 2020 20:11:31.715,18 Sep 2020 20:11:45.160,13.445
18 Sep 2020 21:14:15.088,18 Sep 2020 21:14:28.661,13.573
18 Sep 2020 21:44:35.540,18 Sep 2020 21:44:48.912,13.372
18 Sep 2020 22:47:15.025,18 Sep 2020 22:47:28.533,13.508
18 Sep 2020 23:17:39.305,18 Sep 2020 23:17:52.610,13.304
19 Sep 2020 00:20:14.915,19 Sep 2020 00:20:28.355,13.440
19 Sep 2020 00:50:43.010,19 Sep 2020 00:50:56.250,13.240
19 Sep 2020 01:53:14.749,19 Sep 2020 01:53:28.122,13.373
19 Sep 2020 02:23:46.659,19 Sep 2020 02:23:59.832,13.173
19 Sep 2020 03:26:14.532,19 Sep 2020 03:26:27.838,13.306
19 Sep 2020 03:56:50.279,19 Sep 2020 03:57:03.386,13.106
19 Sep 2020 04:59:14.294,19 Sep 2020 04:59:27.534,13.240
19 Sep 2020 05:29:53.806,19 Sep 2020 05:30:06.847,13.040
19 Sep 2020 06:32:13.970,19 Sep 2020 06:32:27.143,13.173
19 Sep 2020 07:02:57.280,19 Sep 2020 07:03:10.255,12.974
19 Sep 2020 08:05:13.600,19 Sep 2020 08:05:26.706,13.105
19 Sep 2020 08:36:00.672,19 Sep 2020 08:36:13.581,12.909
19 Sep 2020 09:38:13.162,19 Sep 2020 09:38:26.202,13.039
19 Sep 2020 10:09:04.026,19 Sep 2020 10:09:16.871,12.846
19 Sep 2020 11:11:12.696,19 Sep 2020 11:11:25.671,12.975
19 Sep 2020 11:42:07.322,19 Sep 2020 11:42:20.101,12.779
19 Sep 2020 12:44:12.185,19 Sep 2020 12:44:25.093,12.909
19 Sep 2020 13:15:10.485,19 Sep 2020 13:15:23.201,12.715
19 Sep 2020 14:17:11.571,19 Sep 2020 14:17:24.417,12.847
19 Sep 2020 14:48:13.659,19 Sep 2020 14:48:26.310,12.651
19 Sep 2020 15:50:10.966,19 Sep 2020 15:50:23.746,12.781
19 Sep 2020 16:21:16.770,19 Sep 2020 16:21:29.359,12.589
19 Sep 2020 17:23:10.318,19 Sep 2020 17:23:23.036,12.719
19 Sep 2020 17:54:19.828,19 Sep 2020 17:54:32.354,12.525
19 Sep 2020 18:56:09.624,19 Sep 2020 18:56:22.279,12.655
19 Sep 2020 19:27:22.821,19 Sep 2020 19:27:35.284,12.463
19 Sep 2020 20:29:08.886,19 Sep 2020 20:29:21.478,12.592
19 Sep 2020 21:00:25.713,19 Sep 2020 21:00:38.117,12.404
19 Sep 2020 22:02:08.067,19 Sep 2020 22:02:20.593,12.526
19 Sep 2020 22:33:28.587,19 Sep 2020 22:33:40.927,12.340
19 Sep 2020 23:35:07.243,19 Sep 2020 23:35:19.709,12.466
20 Sep 2020 00:06:31.398,20 Sep 2020 00:06:43.673,12.275
20 Sep 2020 01:08:06.375,20 Sep 2020 01:08:18.779,12.404
20 Sep 2020 01:39:34.149,20 Sep 2020 01:39:46.363,12.214
20 Sep 2020 02:41:05.472,20 Sep 2020 02:41:17.815,12.343
20 Sep 2020 03:12:36.927,20 Sep 2020 03:12:49.082,12.155
20 Sep 2020 04:14:04.667,20 Sep 2020 04:14:16.948,12.281
20 Sep 2020 04:45:39.617,20 Sep 2020 04:45:51.717,12.100
20 Sep 2020 05:47:03.728,20 Sep 2020 05:47:15.952,12.225
20 Sep 2020 06:18:42.197,20 Sep 2020 06:18:54.239,12.041
20 Sep 2020 07:20:02.720,20 Sep 2020 07:20:14.884,12.163
20 Sep 2020 07:51:44.723,20 Sep 2020 07:51:56.706,11.983
20 Sep 2020 08:53:01.674,20 Sep 2020 08:53:13.778,12.104
20 Sep 2020 09:24:47.192,20 Sep 2020 09:24:59.117,11.925
20 Sep 2020 10:26:00.593,20 Sep 2020 10:26:12.638,12.046
20 Sep 2020 10:57:49.610,20 Sep 2020 10:58:01.482,11.871
20 Sep 2020 11:58:59.487,20 Sep 2020 11:59:11.475,11.987
20 Sep 2020 12:30:51.963,20 Sep 2020 12:31:03.778,11.816
20 Sep 2020 13:31:58.336,20 Sep 2020 13:32:10.266,11.930
20 Sep 2020 14:03:54.257,20 Sep 2020 14:04:06.012,11.755
20 Sep 2020 15:04:57.150,20 Sep 2020 15:05:09.020,11.870
20 Sep 2020 15:36:56.493,20 Sep 2020 15:37:08.193,11.700
20 Sep 2020 16:37:56.037,20 Sep 2020 16:38:07.856,11.819
20 Sep 2020 17:09:58.756,20 Sep 2020 17:10:10.397,11.641
20 Sep 2020 18:10:54.804,20 Sep 2020 18:11:06.564,11.760
20 Sep 2020 18:43:00.894,20 Sep 2020 18:43:12.484,11.590
20 Sep 2020 19:43:53.541,20 Sep 2020 19:44:05.243,11.702
20 Sep 2020 20:16:02.979,20 Sep 2020 20:16:14.515,11.536
20 Sep 2020 21:16:51.978,20 Sep 2020 21:17:03.627,11.649
20 Sep 2020 21:49:04.755,20 Sep 2020 21:49:16.238,11.483
20 Sep 2020 22:49:50.625,20 Sep 2020 22:50:02.220,11.595
20 Sep 2020 23:22:06.702,20 Sep 2020 23:22:18.132,11.430
21 Sep 2020 00:22:49.240,21 Sep 2020 00:23:00.781,11.541
21 Sep 2020 00:55:08.593,21 Sep 2020 00:55:19.971,11.378
21 Sep 2020 01:55:47.825,21 Sep 2020 01:55:59.313,11.488
21 Sep 2020 02:28:10.429,21 Sep 2020 02:28:21.754,11.326
21 Sep 2020 03:28:46.381,21 Sep 2020 03:28:57.815,11.435
21 Sep 2020 04:01:12.208,21 Sep 2020 04:01:23.482,11.274
21 Sep 2020 05:01:44.907,21 Sep 2020 05:01:56.291,11.384
21 Sep 2020 05:34:14.025,21 Sep 2020 05:34:25.249,11.224
21 Sep 2020 06:34:43.488,21 Sep 2020 06:34:54.818,11.331
21 Sep 2020 07:07:15.695,21 Sep 2020 07:07:26.869,11.173
21 Sep 2020 08:07:41.958,21 Sep 2020 08:07:53.237,11.279
21 Sep 2020 08:40:17.291,21 Sep 2020 08:40:28.417,11.126
21 Sep 2020 09:40:40.380,21 Sep 2020 09:40:51.608,11.228
21 Sep 2020 10:13:18.835,21 Sep 2020 10:13:29.910,11.075
21 Sep 2020 11:13:38.782,21 Sep 2020 11:13:49.961,11.178
21 Sep 2020 11:46:20.342,21 Sep 2020 11:46:31.368,11.026
21 Sep 2020 12:46:37.169,21 Sep 2020 12:46:48.298,11.129
21 Sep 2020 13:19:21.803,21 Sep 2020 13:19:32.781,10.978
21 Sep 2020 14:19:35.540,21 Sep 2020 14:19:46.620,11.079
21 Sep 2020 14:52:23.204,21 Sep 2020 14:52:34.134,10.930
21 Sep 2020 15:52:33.877,21 Sep 2020 15:52:44.908,11.031
21 Sep 2020 16:25:24.553,21 Sep 2020 16:25:35.434,10.881
21 Sep 2020 17:25:32.148,21 Sep 2020 17:25:43.134,10.985
21 Sep 2020 17:58:25.789,21 Sep 2020 17:58:36.629,10.840
21 Sep 2020 18:58:30.416,21 Sep 2020 18:58:41.354,10.938
21 Sep 2020 19:31:27.017,21 Sep 2020 19:31:37.808,10.791
21 Sep 2020 20:31:28.657,21 Sep 2020 20:31:39.548,10.890
21 Sep 2020 21:04:28.271,21 Sep 2020 21:04:39.017,10.746
21 Sep 2020 22:04:26.959,21 Sep 2020 22:04:37.801,10.842
21 Sep 2020 22:37:29.413,21 Sep 2020 22:37:40.114,10.701
21 Sep 2020 23:37:25.175,21 Sep 2020 23:37:35.971,10.796
22 Sep 2020 00:10:30.509,22 Sep 2020 00:10:41.161,10.652
22 Sep 2020 01:10:23.368,22 Sep 2020 01:10:34.118,10.750
22 Sep 2020 01:43:31.546,22 Sep 2020 01:43:42.159,10.613
22 Sep 2020 02:43:21.539,22 Sep 2020 02:43:32.244,10.705
22 Sep 2020 03:16:32.542,22 Sep 2020 03:16:43.107,10.565
22 Sep 2020 04:16:19.688,22 Sep 2020 04:16:30.349,10.661
22 Sep 2020 04:49:33.484,22 Sep 2020 04:49:44.007,10.523
22 Sep 2020 05:49:17.816,22 Sep 2020 05:49:28.432,10.617
22 Sep 2020 06:22:34.389,22 Sep 2020 06:22:44.873,10.484
22 Sep 2020 07:22:15.938,22 Sep 2020 07:22:26.511,10.573
22 Sep 2020 07:55:35.235,22 Sep 2020 07:55:45.676,10.442
22 Sep 2020 08:55:14.024,22 Sep 2020 08:55:24.554,10.530
22 Sep 2020 09:28:35.945,22 Sep 2020 09:28:46.346,10.401
22 Sep 2020 10:28:12.004,22 Sep 2020 10:28:22.492,10.488
22 Sep 2020 11:01:36.693,22 Sep 2020 11:01:47.048,10.355
22 Sep 2020 12:01:10.048,22 Sep 2020 12:01:20.493,10.446
22 Sep 2020 12:34:37.388,22 Sep 2020 12:34:47.707,10.320
22 Sep 2020 13:34:08.071,22 Sep 2020 13:34:18.476,10.404
22 Sep 2020 14:07:38.040,22 Sep 2020 14:07:48.320,10.280
22 Sep 2020 15:07:06.076,22 Sep 2020 15:07:16.440,10.363
22 Sep 2020 15:40:38.650,22 Sep 2020 15:40:48.891,10.241
22 Sep 2020 16:40:04.064,22 Sep 2020 16:40:14.387,10.323
22 Sep 2020 17:13:39.211,22 Sep 2020 17:13:49.415,10.204
22 Sep 2020 18:13:02.033,22 Sep 2020 18:13:12.315,10.283
22 Sep 2020 18:46:39.728,22 Sep 2020 18:46:49.891,10.163
22 Sep 2020 19:45:59.983,22 Sep 2020 19:46:10.226,10.243
22 Sep 2020 20:19:40.172,22 Sep 2020 20:19:50.298,10.125
22 Sep 2020 21:18:57.898,22 Sep 2020 21:19:08.102,10.204
22 Sep 2020 21:52:40.596,22 Sep 2020 21:52:50.684,10.088
22 Sep 2020 22:51:55.813,22 Sep 2020 22:52:05.982,10.169
22 Sep 2020 23:25:40.977,22 Sep 2020 23:25:51.027,10.051
23 Sep 2020 00:24:55.861,23 Sep 2020 00:25:05.994,10.132
23 Sep 2020 00:58:42.809,23 Sep 2020 00:58:52.823,10.015
23 Sep 2020 01:57:55.449,23 Sep 2020 01:58:05.542,10.093
23 Sep 2020 02:31:44.665,23 Sep 2020 02:31:54.646,9.981
23 Sep 2020 03:30:55.453,23 Sep 2020 03:31:05.510,10.057
23 Sep 2020 04:04:46.913,23 Sep 2020 04:04:56.860,9.947
23 Sep 2020 05:03:55.874,23 Sep 2020 05:04:05.895,10.021
23 Sep 2020 05:37:44.980,23 Sep 2020 05:37:54.888,9.908
23 Sep 2020 06:36:48.856,23 Sep 2020 06:36:58.838,9.981
23 Sep 2020 07:10:45.715,23 Sep 2020 07:10:55.588,9.872
23 Sep 2020 08:09:47.312,23 Sep 2020 08:09:57.258,9.946
23 Sep 2020 08:43:46.471,23 Sep 2020 08:43:56.309,9.838
23 Sep 2020 09:42:45.771,23 Sep 2020 09:42:55.681,9.911
23 Sep 2020 10:16:47.108,23 Sep 2020 10:16:56.911,9.803
23 Sep 2020 11:15:44.064,23 Sep 2020 11:15:53.939,9.875
23 Sep 2020 11:49:47.745,23 Sep 2020 11:49:57.518,9.773
23 Sep 2020 12:48:42.435,23 Sep 2020 12:48:52.276,9.841
23 Sep 2020 13:22:48.341,23 Sep 2020 13:22:58.078,9.737
23 Sep 2020 14:21:40.791,23 Sep 2020 14:21:50.598,9.807
23 Sep 2020 14:55:48.893,23 Sep 2020 14:55:58.604,9.711
23 Sep 2020 15:54:39.133,23 Sep 2020 15:54:48.906,9.773
23 Sep 2020 16:28:49.411,23 Sep 2020 16:28:59.086,9.676
23 Sep 2020 17:27:37.699,23 Sep 2020 17:27:47.440,9.741
23 Sep 2020 18:01:50.098,23 Sep 2020 18:01:59.746,9.648
23 Sep 2020 19:00:36.050,23 Sep 2020 19:00:45.758,9.708
23 Sep 2020 19:34:50.571,23 Sep 2020 19:35:00.188,9.617
23 Sep 2020 20:33:34.389,23 Sep 2020 20:33:44.065,9.676
23 Sep 2020 21:07:51.038,23 Sep 2020 21:08:00.624,9.586
23 Sep 2020 22:06:32.758,23 Sep 2020 22:06:42.403,9.645
23 Sep 2020 22:40:51.444,23 Sep 2020 22:41:01.000,9.556
23 Sep 2020 23:39:31.084,23 Sep 2020 23:39:40.697,9.613
24 Sep 2020 00:13:51.816,24 Sep 2020 00:14:01.336,9.520
24 Sep 2020 01:12:29.399,24 Sep 2020 01:12:38.982,9.583
24 Sep 2020 01:46:52.148,24 Sep 2020 01:47:01.639,9.491
24 Sep 2020 02:45:27.703,24 Sep 2020 02:45:37.255,9.552
24 Sep 2020 03:19:52.444,24 Sep 2020 03:20:01.909,9.465
24 Sep 2020 04:18:25.997,24 Sep 2020 04:18:35.519,9.522
24 Sep 2020 04:52:52.705,24 Sep 2020 04:53:02.138,9.432
24 Sep 2020 05:51:24.280,24 Sep 2020 05:51:33.773,9.493
24 Sep 2020 06:25:52.926,24 Sep 2020 06:26:02.336,9.410
24 Sep 2020 07:24:22.554,24 Sep 2020 07:24:32.018,9.464
24 Sep 2020 07:58:53.116,24 Sep 2020 07:59:02.498,9.383
24 Sep 2020 08:57:20.818,24 Sep 2020 08:57:30.253,9.435
24 Sep 2020 09:31:53.294,24 Sep 2020 09:32:02.646,9.352
24 Sep 2020 10:30:19.118,24 Sep 2020 10:30:28.524,9.406
24 Sep 2020 11:04:53.413,24 Sep 2020 11:05:02.738,9.325
24 Sep 2020 12:03:17.362,24 Sep 2020 12:03:26.740,9.378
24 Sep 2020 12:37:53.498,24 Sep 2020 12:38:02.796,9.298
24 Sep 2020 13:36:15.596,24 Sep 2020 13:36:24.947,9.351
24 Sep 2020 14:10:53.563,24 Sep 2020 14:11:02.835,9.272
24 Sep 2020 15:09:13.839,24 Sep 2020 15:09:23.163,9.323
24 Sep 2020 15:43:53.580,24 Sep 2020 15:44:02.826,9.246
24 Sep 2020 16:42:12.056,24 Sep 2020 16:42:21.353,9.297
24 Sep 2020 17:16:53.564,24 Sep 2020 17:17:02.785,9.221
24 Sep 2020 18:15:10.265,24 Sep 2020 18:15:19.535,9.270
24 Sep 2020 18:49:53.515,24 Sep 2020 18:50:02.711,9.196
24 Sep 2020 19:48:08.465,24 Sep 2020 19:48:17.675,9.210
24 Sep 2020 20:22:53.407,24 Sep 2020 20:23:02.579,9.172
24 Sep 2020 21:21:06.615,24 Sep 2020 21:21:15.835,9.220
24 Sep 2020 21:55:53.287,24 Sep 2020 21:56:02.434,9.148
24 Sep 2020 22:54:04.793,24 Sep 2020 22:54:13.987,9.195
24 Sep 2020 23:28:53.137,24 Sep 2020 23:29:02.261,9.124
25 Sep 2020 00:27:02.963,25 Sep 2020 00:27:12.133,9.170
25 Sep 2020 01:01:52.954,25 Sep 2020 01:02:02.054,9.100
25 Sep 2020 02:00:01.125,25 Sep 2020 02:00:10.271,9.146
25 Sep 2020 02:34:53.134,25 Sep 2020 02:35:02.211,9.077
25 Sep 2020 03:32:59.815,25 Sep 2020 03:33:08.937,9.122
25 Sep 2020 04:07:53.007,25 Sep 2020 04:08:02.061,9.054
25 Sep 2020 05:05:58.098,25 Sep 2020 05:06:07.196,9.098
25 Sep 2020 05:40:52.862,25 Sep 2020 05:41:01.894,9.032
25 Sep 2020 06:38:56.389,25 Sep 2020 06:39:05.464,9.075
25 Sep 2020 07:13:52.097,25 Sep 2020 07:14:01.107,9.010
25 Sep 2020 08:11:53.876,25 Sep 2020 08:12:02.929,9.053
25 Sep 2020 08:46:51.688,25 Sep 2020 08:47:00.676,8.989
25 Sep 2020 09:44:51.894,25 Sep 2020 09:45:00.922,9.028
25 Sep 2020 10:19:51.289,25 Sep 2020 10:20:00.256,8.967
25 Sep 2020 11:17:49.974,25 Sep 2020 11:17:58.983,9.008
25 Sep 2020 11:52:50.856,25 Sep 2020 11:52:59.802,8.946
25 Sep 2020 12:50:48.045,25 Sep 2020 12:50:57.032,8.987
25 Sep 2020 13:25:50.388,25 Sep 2020 13:25:59.313,8.926
25 Sep 2020 14:23:46.106,25 Sep 2020 14:23:55.071,8.965
25 Sep 2020 14:58:49.886,25 Sep 2020 14:58:58.791,8.905
25 Sep 2020 15:56:44.310,25 Sep 2020 15:56:53.252,8.942
25 Sep 2020 16:31:49.465,25 Sep 2020 16:31:58.349,8.884
25 Sep 2020 17:29:42.412,25 Sep 2020 17:29:51.333,8.921
25 Sep 2020 18:04:48.957,25 Sep 2020 18:04:57.821,8.864
25 Sep 2020 19:02:40.509,25 Sep 2020 19:02:49.410,8.901
25 Sep 2020 19:37:48.421,25 Sep 2020 19:37:57.266,8.845
25 Sep 2020 20:35:38.600,25 Sep 2020 20:35:47.481,8.881
25 Sep 2020 21:10:47.858,25 Sep 2020 21:10:56.684,8.826
25 Sep 2020 22:08:36.688,25 Sep 2020 22:08:45.549,8.861
25 Sep 2020 22:43:47.160,25 Sep 2020 22:43:55.967,8.808
25 Sep 2020 23:41:34.643,25 Sep 2020 23:41:43.484,8.842
26 Sep 2020 00:16:46.535,26 Sep 2020 00:16:55.324,8.789
26 Sep 2020 01:14:32.713,26 Sep 2020 01:14:41.536,8.823
26 Sep 2020 01:49:45.884,26 Sep 2020 01:49:54.655,8.771
26 Sep 2020 02:47:30.779,26 Sep 2020 02:47:39.584,8.804
26 Sep 2020 03:22:45.206,26 Sep 2020 03:22:53.960,8.754
26 Sep 2020 04:20:28.842,26 Sep 2020 04:20:37.628,8.786
26 Sep 2020 04:55:44.529,26 Sep 2020 04:55:53.266,8.737
26 Sep 2020 05:53:26.929,26 Sep 2020 05:53:35.697,8.768
26 Sep 2020 06:28:43.833,26 Sep 2020 06:28:52.554,8.721
26 Sep 2020 07:26:24.988,26 Sep 2020 07:26:33.740,8.752
26 Sep 2020 08:01:43.005,26 Sep 2020 08:01:51.710,8.705
26 Sep 2020 08:59:22.970,26 Sep 2020 08:59:31.704,8.734
26 Sep 2020 09:34:42.208,26 Sep 2020 09:34:50.895,8.687
26 Sep 2020 10:32:21.000,26 Sep 2020 10:32:29.717,8.717
26 Sep 2020 11:07:41.389,26 Sep 2020 11:07:50.062,8.674
26 Sep 2020 12:05:19.027,26 Sep 2020 12:05:27.727,8.700
26 Sep 2020 12:40:40.539,26 Sep 2020 12:40:49.199,8.661
26 Sep 2020 13:38:17.114,26 Sep 2020 13:38:25.797,8.683
26 Sep 2020 14:13:39.713,26 Sep 2020 14:13:48.353,8.640
26 Sep 2020 15:11:15.152,26 Sep 2020 15:11:23.819,8.667
26 Sep 2020 15:46:38.834,26 Sep 2020 15:46:47.459,8.625
26 Sep 2020 16:44:13.184,26 Sep 2020 16:44:21.835,8.651
26 Sep 2020 17:19:37.933,26 Sep 2020 17:19:46.543,8.610
26 Sep 2020 18:17:11.216,26 Sep 2020 18:17:19.852,8.636
26 Sep 2020 18:52:37.005,26 Sep 2020 18:52:45.601,8.596
26 Sep 2020 19:50:09.246,26 Sep 2020 19:50:17.867,8.621
26 Sep 2020 20:25:36.054,26 Sep 2020 20:25:44.636,8.582
26 Sep 2020 21:23:07.275,26 Sep 2020 21:23:15.881,8.606
26 Sep 2020 21:58:35.029,26 Sep 2020 21:58:43.598,8.569
26 Sep 2020 22:56:05.216,26 Sep 2020 22:56:13.809,8.593
26 Sep 2020 23:31:34.019,26 Sep 2020 23:31:42.575,8.555
27 Sep 2020 00:29:03.227,27 Sep 2020 00:29:11.806,8.579
27 Sep 2020 01:04:32.987,27 Sep 2020 01:04:41.529,8.542
27 Sep 2020 02:02:01.281,27 Sep 2020 02:02:09.846,8.565
27 Sep 2020 02:37:31.975,27 Sep 2020 02:37:40.504,8.529
27 Sep 2020 03:34:59.296,27 Sep 2020 03:35:07.847,8.551
27 Sep 2020 04:10:30.904,27 Sep 2020 04:10:39.421,8.517
27 Sep 2020 05:07:57.310,27 Sep 2020 05:08:05.848,8.538
27 Sep 2020 05:43:29.712,27 Sep 2020 05:43:38.216,8.504
27 Sep 2020 06:40:55.240,27 Sep 2020 06:41:03.765,8.525
27 Sep 2020 07:16:28.597,27 Sep 2020 07:16:37.089,8.492
27 Sep 2020 08:13:53.251,27 Sep 2020 08:14:01.763,8.512
27 Sep 2020 08:49:27.460,27 Sep 2020 08:49:35.941,8.480
27 Sep 2020 09:46:51.261,27 Sep 2020 09:46:59.761,8.500
27 Sep 2020 10:22:26.303,27 Sep 2020 10:22:34.772,8.469
27 Sep 2020 11:19:49.270,27 Sep 2020 11:19:57.758,8.488
27 Sep 2020 11:55:25.124,27 Sep 2020 11:55:33.582,8.458
27 Sep 2020 12:52:47.279,27 Sep 2020 12:52:55.758,8.479
27 Sep 2020 13:28:23.867,27 Sep 2020 13:28:32.314,8.448
27 Sep 2020 14:25:45.207,27 Sep 2020 14:25:53.672,8.465
27 Sep 2020 15:01:22.636,27 Sep 2020 15:01:31.073,8.437
27 Sep 2020 15:58:43.202,27 Sep 2020 15:58:51.656,8.454
27 Sep 2020 16:34:21.385,27 Sep 2020 16:34:29.812,8.427
27 Sep 2020 17:31:41.176,27 Sep 2020 17:31:49.622,8.446
27 Sep 2020 18:07:20.098,27 Sep 2020 18:07:28.515,8.417
27 Sep 2020 19:04:39.172,27 Sep 2020 19:04:47.607,8.435
27 Sep 2020 19:40:18.803,27 Sep 2020 19:40:27.211,8.408
27 Sep 2020 20:37:37.168,27 Sep 2020 20:37:45.591,8.423
27 Sep 2020 21:13:17.488,27 Sep 2020 21:13:25.886,8.398
27 Sep 2020 22:10:35.162,27 Sep 2020 22:10:43.575,8.413
27 Sep 2020 22:46:16.153,27 Sep 2020 22:46:24.542,8.389
27 Sep 2020 23:43:33.152,27 Sep 2020 23:43:41.555,8.403
28 Sep 2020 00:19:14.799,28 Sep 2020 00:19:23.179,8.381
28 Sep 2020 01:16:31.152,28 Sep 2020 01:16:39.546,8.394
28 Sep 2020 01:52:13.425,28 Sep 2020 01:52:21.797,8.372
28 Sep 2020 02:49:29.142,28 Sep 2020 02:49:37.527,8.385
28 Sep 2020 03:25:12.096,28 Sep 2020 03:25:20.460,8.364
28 Sep 2020 04:22:27.222,28 Sep 2020 04:22:35.603,8.381
28 Sep 2020 04:58:10.693,28 Sep 2020 04:58:19.049,8.356
28 Sep 2020 05:55:25.224,28 Sep 2020 05:55:33.592,8.368
28 Sep 2020 06:31:09.268,28 Sep 2020 06:31:17.617,8.348
28 Sep 2020 07:28:23.229,28 Sep 2020 07:28:31.589,8.360
28 Sep 2020 08:04:07.812,28 Sep 2020 08:04:16.154,8.341
28 Sep 2020 09:01:21.224,28 Sep 2020 09:01:29.571,8.347
28 Sep 2020 09:37:06.351,28 Sep 2020 09:37:14.685,8.334
28 Sep 2020 10:34:19.227,28 Sep 2020 10:34:27.576,8.349
28 Sep 2020 11:10:04.872,28 Sep 2020 11:10:13.202,8.330
28 Sep 2020 12:07:17.236,28 Sep 2020 12:07:25.573,8.337
28 Sep 2020 12:43:03.402,28 Sep 2020 12:43:11.720,8.319
28 Sep 2020 13:40:15.277,28 Sep 2020 13:40:23.607,8.330
28 Sep 2020 14:16:01.886,28 Sep 2020 14:16:10.203,8.317
28 Sep 2020 15:13:13.292,28 Sep 2020 15:13:21.611,8.319
28 Sep 2020 15:49:00.358,28 Sep 2020 15:49:08.665,8.306
28 Sep 2020 16:46:11.272,28 Sep 2020 16:46:19.592,8.321
28 Sep 2020 17:21:58.784,28 Sep 2020 17:22:07.086,8.303
28 Sep 2020 18:19:09.294,28 Sep 2020 18:19:17.605,8.311
28 Sep 2020 18:54:57.213,28 Sep 2020 18:55:05.511,8.298
28 Sep 2020 19:52:07.315,28 Sep 2020 19:52:15.620,8.305
28 Sep 2020 20:27:55.630,28 Sep 2020 20:28:03.923,8.293
28 Sep 2020 21:25:05.335,28 Sep 2020 21:25:13.634,8.299
28 Sep 2020 22:00:54.035,28 Sep 2020 22:01:02.324,8.288
28 Sep 2020 22:58:03.389,28 Sep 2020 22:58:11.683,8.294
28 Sep 2020 23:33:52.444,28 Sep 2020 23:34:00.728,8.284
29 Sep 2020 00:31:01.421,29 Sep 2020 00:31:09.709,8.289
29 Sep 2020 01:06:50.814,29 Sep 2020 01:06:59.093,8.280
29 Sep 2020 02:03:59.459,29 Sep 2020 02:04:07.740,8.281
29 Sep 2020 02:39:49.163,29 Sep 2020 02:39:57.439,8.276
29 Sep 2020 03:36:57.498,29 Sep 2020 03:37:05.778,8.280
29 Sep 2020 04:12:47.502,29 Sep 2020 04:12:55.774,8.272
29 Sep 2020 05:09:55.541,29 Sep 2020 05:10:03.812,8.271
29 Sep 2020 05:45:45.778,29 Sep 2020 05:45:54.052,8.273
29 Sep 2020 06:42:53.543,29 Sep 2020 06:43:01.815,8.271
29 Sep 2020 07:18:44.089,29 Sep 2020 07:18:52.349,8.260
29 Sep 2020 08:15:51.588,29 Sep 2020 08:15:59.856,8.268
29 Sep 2020 08:51:42.379,29 Sep 2020 08:51:50.642,8.263
29 Sep 2020 09:48:49.645,29 Sep 2020 09:48:57.906,8.260
29 Sep 2020 10:24:40.650,29 Sep 2020 10:24:48.915,8.265
29 Sep 2020 11:21:47.699,29 Sep 2020 11:21:55.964,8.265
29 Sep 2020 11:57:38.911,29 Sep 2020 11:57:47.173,8.263
29 Sep 2020 12:54:45.765,29 Sep 2020 12:54:54.020,8.254
29 Sep 2020 13:30:37.170,29 Sep 2020 13:30:45.421,8.251
29 Sep 2020 14:27:43.836,29 Sep 2020 14:27:52.092,8.256
29 Sep 2020 15:03:35.403,29 Sep 2020 15:03:43.657,8.254
29 Sep 2020 16:00:41.913,29 Sep 2020 16:00:50.166,8.254
29 Sep 2020 16:36:33.621,29 Sep 2020 16:36:41.868,8.247
29 Sep 2020 17:33:39.987,29 Sep 2020 17:33:48.242,8.256
29 Sep 2020 18:09:31.825,29 Sep 2020 18:09:40.071,8.246
29 Sep 2020 19:06:38.074,29 Sep 2020 19:06:46.324,8.250
29 Sep 2020 19:42:30.011,29 Sep 2020 19:42:38.261,8.250
29 Sep 2020 20:39:36.163,29 Sep 2020 20:39:44.411,8.249
29 Sep 2020 21:15:28.181,29 Sep 2020 21:15:36.430,8.250
29 Sep 2020 22:12:34.246,29 Sep 2020 22:12:42.496,8.250
29 Sep 2020 22:48:26.339,29 Sep 2020 22:48:34.593,8.254
29 Sep 2020 23:45:32.338,29 Sep 2020 23:45:40.584,8.247
30 Sep 2020 00:21:24.485,30 Sep 2020 00:21:32.735,8.249
30 Sep 2020 01:18:30.444,30 Sep 2020 01:18:38.689,8.246
30 Sep 2020 01:54:22.617,30 Sep 2020 01:54:30.871,8.254
30 Sep 2020 02:51:28.553,30 Sep 2020 02:51:36.799,8.245
30 Sep 2020 03:27:20.745,30 Sep 2020 03:27:28.995,8.250
30 Sep 2020 04:24:26.672,30 Sep 2020 04:24:34.917,8.245
30 Sep 2020 05:00:18.851,30 Sep 2020 05:00:27.106,8.255
30 Sep 2020 05:57:24.797,30 Sep 2020 05:57:33.046,8.249
30 Sep 2020 06:33:16.949,30 Sep 2020 06:33:25.201,8.252
30 Sep 2020 07:30:22.826,30 Sep 2020 07:30:31.073,8.246
30 Sep 2020 08:06:14.938,30 Sep 2020 08:06:23.186,8.248
30 Sep 2020 09:03:20.961,30 Sep 2020 09:03:29.208,8.247
30 Sep 2020 09:39:13.002,30 Sep 2020 09:39:21.262,8.259
30 Sep 2020 10:36:19.103,30 Sep 2020 10:36:27.348,8.245
30 Sep 2020 11:12:11.064,30 Sep 2020 11:12:19.320,8.257
30 Sep 2020 12:09:17.253,30 Sep 2020 12:09:25.499,8.246
30 Sep 2020 12:45:09.138,30 Sep 2020 12:45:17.396,8.259
30 Sep 2020 13:42:15.425,30 Sep 2020 13:42:23.680,8.255
30 Sep 2020 14:18:07.176,30 Sep 2020 14:18:15.437,8.261
30 Sep 2020 15:15:13.565,30 Sep 2020 15:15:21.818,8.253
30 Sep 2020 15:51:05.183,30 Sep 2020 15:51:13.447,8.264
30 Sep 2020 16:48:11.736,30 Sep 2020 16:48:19.995,8.259
30 Sep 2020 17:24:03.191,30 Sep 2020 17:24:11.461,8.270
30 Sep 2020 18:21:09.916,30 Sep 2020 18:21:18.177,8.261
30 Sep 2020 18:57:01.191,30 Sep 2020 18:57:09.459,8.268
30 Sep 2020 19:54:08.054,30 Sep 2020 19:54:16.319,8.265
30 Sep 2020 20:29:59.144,30 Sep 2020 20:30:07.418,8.274
30 Sep 2020 21:27:06.253,30 Sep 2020 21:27:14.514,8.261
30 Sep 2020 22:02:57.118,30 Sep 2020 22:03:05.399,8.281
30 Sep 2020 23:00:04.453,30 Sep 2020 23:00:12.724,8.270
30 Sep 2020 23:35:55.082,30 Sep 2020 23:36:03.365,8.284
1 Oct 2020 00:33:02.674,1 Oct 2020 00:33:10.945,8.271
1 Oct 2020 01:08:53.040,1 Oct 2020 01:09:01.323,8.283
1 Oct 2020 02:06:00.895,1 Oct 2020 02:06:09.170,8.275
1 Oct 2020 02:41:50.976,1 Oct 2020 02:41:59.267,8.291
1 Oct 2020 03:38:59.121,1 Oct 2020 03:39:07.400,8.279
1 Oct 2020 04:14:48.898,1 Oct 2020 04:14:57.190,8.291
1 Oct 2020 05:11:57.346,1 Oct 2020 05:12:05.626,8.280
1 Oct 2020 05:47:46.774,1 Oct 2020 05:47:55.075,8.301
1 Oct 2020 06:44:55.548,1 Oct 2020 06:45:03.836,8.288
1 Oct 2020 07:20:44.684,1 Oct 2020 07:20:52.986,8.302
1 Oct 2020 08:17:53.807,1 Oct 2020 08:18:02.100,8.293
1 Oct 2020 08:53:42.574,1 Oct 2020 08:53:50.887,8.313
1 Oct 2020 09:50:52.067,1 Oct 2020 09:51:00.366,8.298
1 Oct 2020 10:26:40.459,1 Oct 2020 10:26:48.783,8.324
1 Oct 2020 11:23:50.347,1 Oct 2020 11:23:58.646,8.299
1 Oct 2020 11:59:38.343,1 Oct 2020 11:59:46.668,8.325
1 Oct 2020 12:56:48.646,1 Oct 2020 12:56:56.955,8.309
1 Oct 2020 13:32:36.204,1 Oct 2020 13:32:44.536,8.332
1 Oct 2020 14:29:46.942,1 Oct 2020 14:29:55.262,8.320
1 Oct 2020 15:05:34.061,1 Oct 2020 15:05:42.400,8.339
1 Oct 2020 16:02:45.250,1 Oct 2020 16:02:53.572,8.322
1 Oct 2020 16:38:31.909,1 Oct 2020 16:38:40.255,8.346
1 Oct 2020 17:35:43.571,1 Oct 2020 17:35:51.900,8.329
1 Oct 2020 18:11:29.766,1 Oct 2020 18:11:38.120,8.354
1 Oct 2020 19:08:41.905,1 Oct 2020 19:08:50.237,8.331
1 Oct 2020 19:44:27.596,1 Oct 2020 19:44:35.957,8.362
1 Oct 2020 20:41:40.282,1 Oct 2020 20:41:48.621,8.339
1 Oct 2020 21:17:25.452,1 Oct 2020 21:17:33.822,8.370
1 Oct 2020 22:14:38.634,1 Oct 2020 22:14:46.989,8.355
1 Oct 2020 22:50:23.267,1 Oct 2020 22:50:31.645,8.378
1 Oct 2020 23:47:37.002,1 Oct 2020 23:47:45.360,8.359
2 Oct 2020 00:23:21.073,2 Oct 2020 00:23:29.460,8.387
2 Oct 2020 01:20:35.382,2 Oct 2020 01:20:43.749,8.367
2 Oct 2020 01:56:18.871,2 Oct 2020 01:56:27.267,8.396
2 Oct 2020 02:53:33.774,2 Oct 2020 02:53:42.150,8.375
2 Oct 2020 03:29:16.661,2 Oct 2020 03:29:25.066,8.405
2 Oct 2020 04:26:32.185,2 Oct 2020 04:26:40.566,8.382
2 Oct 2020 05:02:14.443,2 Oct 2020 05:02:22.858,8.415
2 Oct 2020 05:59:30.600,2 Oct 2020 05:59:38.991,8.391
2 Oct 2020 06:35:12.263,2 Oct 2020 06:35:20.688,8.425
2 Oct 2020 07:32:29.077,2 Oct 2020 07:32:37.482,8.405
2 Oct 2020 08:08:10.031,2 Oct 2020 08:08:18.466,8.435
2 Oct 2020 09:05:27.549,2 Oct 2020 09:05:35.961,8.412
2 Oct 2020 09:41:07.813,2 Oct 2020 09:41:16.259,8.446
2 Oct 2020 10:38:26.008,2 Oct 2020 10:38:34.435,8.427
2 Oct 2020 11:14:05.567,2 Oct 2020 11:14:14.023,8.457
2 Oct 2020 12:11:24.522,2 Oct 2020 12:11:32.950,8.428
2 Oct 2020 12:47:03.371,2 Oct 2020 12:47:11.839,8.468
2 Oct 2020 13:44:23.009,2 Oct 2020 13:44:31.452,8.444
2 Oct 2020 14:20:01.113,2 Oct 2020 14:20:09.592,8.480
2 Oct 2020 15:17:21.515,2 Oct 2020 15:17:29.969,8.454
2 Oct 2020 15:52:58.847,2 Oct 2020 15:53:07.339,8.492
2 Oct 2020 16:50:20.042,2 Oct 2020 16:50:28.512,8.471
2 Oct 2020 17:25:56.566,2 Oct 2020 17:26:05.070,8.503
2 Oct 2020 18:23:18.578,2 Oct 2020 18:23:27.055,8.477
2 Oct 2020 18:58:54.288,2 Oct 2020 18:59:02.804,8.516
2 Oct 2020 19:56:17.129,2 Oct 2020 19:56:25.618,8.489
2 Oct 2020 20:31:52.003,2 Oct 2020 20:32:00.532,8.529
2 Oct 2020 21:29:15.696,2 Oct 2020 21:29:24.197,8.501
2 Oct 2020 22:04:49.712,2 Oct 2020 22:04:58.254,8.542
2 Oct 2020 23:02:14.279,2 Oct 2020 23:02:22.793,8.514
2 Oct 2020 23:37:47.414,2 Oct 2020 23:37:55.970,8.555
3 Oct 2020 00:35:12.878,3 Oct 2020 00:35:21.404,8.526
3 Oct 2020 01:10:45.111,3 Oct 2020 01:10:53.680,8.569
3 Oct 2020 02:08:11.493,3 Oct 2020 02:08:20.033,8.540
3 Oct 2020 02:43:42.802,3 Oct 2020 02:43:51.386,8.584
3 Oct 2020 03:41:10.125,3 Oct 2020 03:41:18.678,8.553
3 Oct 2020 04:16:40.487,3 Oct 2020 04:16:49.087,8.600
3 Oct 2020 05:14:08.774,3 Oct 2020 05:14:17.341,8.567
3 Oct 2020 05:49:38.288,3 Oct 2020 05:49:46.901,8.613
3 Oct 2020 06:47:07.531,3 Oct 2020 06:47:16.112,8.582
3 Oct 2020 07:22:35.969,3 Oct 2020 07:22:44.594,8.625
3 Oct 2020 08:20:06.219,3 Oct 2020 08:20:14.815,8.596
3 Oct 2020 08:55:33.640,3 Oct 2020 08:55:42.288,8.648
3 Oct 2020 09:53:04.925,3 Oct 2020 09:53:13.535,8.611
3 Oct 2020 10:28:31.308,3 Oct 2020 10:28:39.967,8.659
3 Oct 2020 11:26:03.680,3 Oct 2020 11:26:12.306,8.626
3 Oct 2020 12:01:29.004,3 Oct 2020 12:01:37.680,8.675
3 Oct 2020 12:59:02.424,3 Oct 2020 12:59:11.066,8.642
3 Oct 2020 13:34:26.665,3 Oct 2020 13:34:35.356,8.692
3 Oct 2020 14:32:01.187,3 Oct 2020 14:32:09.844,8.657
3 Oct 2020 15:07:24.321,3 Oct 2020 15:07:33.029,8.709
3 Oct 2020 16:04:59.969,3 Oct 2020 16:05:08.642,8.674
3 Oct 2020 16:40:21.972,3 Oct 2020 16:40:30.698,8.726
3 Oct 2020 17:37:58.770,3 Oct 2020 17:38:07.460,8.690
3 Oct 2020 18:13:19.620,3 Oct 2020 18:13:28.363,8.743
3 Oct 2020 19:10:57.591,3 Oct 2020 19:11:06.298,8.707
3 Oct 2020 19:46:17.263,3 Oct 2020 19:46:26.024,8.761
3 Oct 2020 20:43:56.432,3 Oct 2020 20:44:05.156,8.724
3 Oct 2020 21:19:14.902,3 Oct 2020 21:19:23.682,8.780
3 Oct 2020 22:16:55.293,3 Oct 2020 22:17:04.035,8.742
3 Oct 2020 22:52:12.538,3 Oct 2020 22:52:21.336,8.798
3 Oct 2020 23:49:54.175,3 Oct 2020 23:50:02.934,8.760
4 Oct 2020 00:25:10.170,4 Oct 2020 00:25:18.988,8.817
4 Oct 2020 01:22:53.293,4 Oct 2020 01:23:02.071,8.778
4 Oct 2020 01:58:08.005,4 Oct 2020 01:58:16.842,8.836
4 Oct 2020 02:55:52.202,4 Oct 2020 02:56:00.998,8.797
4 Oct 2020 03:31:05.617,4 Oct 2020 03:31:14.473,8.856
4 Oct 2020 04:28:51.157,4 Oct 2020 04:28:59.972,8.816
4 Oct 2020 05:04:03.209,4 Oct 2020 05:04:12.086,8.877
4 Oct 2020 06:01:50.086,4 Oct 2020 06:01:58.921,8.835
4 Oct 2020 06:37:00.837,4 Oct 2020 06:37:09.734,8.897
4 Oct 2020 07:34:49.084,4 Oct 2020 07:34:57.939,8.855
4 Oct 2020 08:09:58.464,4 Oct 2020 08:10:07.382,8.918
4 Oct 2020 09:07:48.105,4 Oct 2020 09:07:56.980,8.875
4 Oct 2020 09:42:56.087,4 Oct 2020 09:43:05.026,8.939
4 Oct 2020 10:40:47.176,4 Oct 2020 10:40:56.072,8.895
4 Oct 2020 11:15:53.732,4 Oct 2020 11:16:02.693,8.961
4 Oct 2020 12:13:46.243,4 Oct 2020 12:13:55.160,8.917
4 Oct 2020 12:48:51.352,4 Oct 2020 12:49:00.335,8.983
4 Oct 2020 13:46:45.336,4 Oct 2020 13:46:54.274,8.938
4 Oct 2020 14:21:48.970,4 Oct 2020 14:21:57.975,9.006
4 Oct 2020 15:19:44.453,4 Oct 2020 15:19:53.413,8.960
4 Oct 2020 15:54:46.586,4 Oct 2020 15:54:55.615,9.029
4 Oct 2020 16:52:43.595,4 Oct 2020 16:52:52.577,8.982
4 Oct 2020 17:27:44.201,4 Oct 2020 17:27:53.252,9.052
4 Oct 2020 18:25:42.737,4 Oct 2020 18:25:51.741,9.004
4 Oct 2020 19:00:41.791,4 Oct 2020 19:00:50.866,9.075
4 Oct 2020 19:58:41.922,4 Oct 2020 19:58:50.950,9.027
4 Oct 2020 20:33:39.401,4 Oct 2020 20:33:48.499,9.097
4 Oct 2020 21:31:41.181,4 Oct 2020 21:31:50.231,9.051
4 Oct 2020 22:06:37.045,4 Oct 2020 22:06:46.172,9.127
4 Oct 2020 23:04:40.425,4 Oct 2020 23:04:49.499,9.074
4 Oct 2020 23:39:34.656,4 Oct 2020 23:39:43.807,9.151
5 Oct 2020 00:37:39.502,5 Oct 2020 00:37:48.599,9.097
5 Oct 2020 01:12:32.055,5 Oct 2020 01:12:41.225,9.171
5 Oct 2020 02:10:38.661,5 Oct 2020 02:10:47.782,9.121
5 Oct 2020 02:45:29.735,5 Oct 2020 02:45:38.934,9.199
5 Oct 2020 03:43:38.061,5 Oct 2020 03:43:47.208,9.147
5 Oct 2020 04:18:27.236,5 Oct 2020 04:18:36.459,9.223
5 Oct 2020 05:16:37.270,5 Oct 2020 05:16:46.442,9.172
5 Oct 2020 05:51:24.835,5 Oct 2020 05:51:34.085,9.250
5 Oct 2020 06:49:36.694,5 Oct 2020 06:49:45.891,9.198
5 Oct 2020 07:24:22.340,5 Oct 2020 07:24:31.621,9.281
5 Oct 2020 08:22:35.977,5 Oct 2020 08:22:45.201,9.224
5 Oct 2020 08:57:19.831,5 Oct 2020 08:57:29.137,9.306
5 Oct 2020 09:55:35.271,5 Oct 2020 09:55:44.522,9.251
5 Oct 2020 10:30:17.862,5 Oct 2020 10:30:27.198,9.336
5 Oct 2020 11:28:35.408,5 Oct 2020 11:28:44.686,9.278
5 Oct 2020 12:03:15.526,5 Oct 2020 12:03:24.886,9.360
5 Oct 2020 13:01:34.971,5 Oct 2020 13:01:44.277,9.306
5 Oct 2020 13:36:13.196,5 Oct 2020 13:36:22.591,9.395
5 Oct 2020 14:34:34.576,5 Oct 2020 14:34:43.910,9.334
5 Oct 2020 15:09:10.884,5 Oct 2020 15:09:20.307,9.422
5 Oct 2020 16:07:34.011,5 Oct 2020 16:07:43.375,9.364
5 Oct 2020 16:42:08.439,5 Oct 2020 16:42:17.893,9.454
5 Oct 2020 17:40:33.641,5 Oct 2020 17:40:43.035,9.393
5 Oct 2020 18:15:06.093,5 Oct 2020 18:15:15.573,9.480
5 Oct 2020 19:13:33.310,5 Oct 2020 19:13:42.733,9.423
5 Oct 2020 19:48:03.750,5 Oct 2020 19:48:13.265,9.515
5 Oct 2020 20:46:33.016,5 Oct 2020 20:46:42.469,9.453
5 Oct 2020 21:21:01.419,5 Oct 2020 21:21:10.965,9.546
5 Oct 2020 22:19:32.761,5 Oct 2020 22:19:42.244,9.484
5 Oct 2020 22:53:59.095,5 Oct 2020 22:54:08.673,9.578
5 Oct 2020 23:52:32.544,5 Oct 2020 23:52:42.059,9.515
6 Oct 2020 00:26:56.413,6 Oct 2020 00:27:06.023,9.610
6 Oct 2020 01:25:31.940,6 Oct 2020 01:25:41.486,9.545
6 Oct 2020 01:59:54.049,6 Oct 2020 02:00:03.692,9.643
6 Oct 2020 02:58:31.713,6 Oct 2020 02:58:41.290,9.577
6 Oct 2020 03:32:51.633,6 Oct 2020 03:33:01.310,9.677
6 Oct 2020 04:31:31.504,6 Oct 2020 04:31:41.114,9.610
6 Oct 2020 05:05:49.259,6 Oct 2020 05:05:58.969,9.711
6 Oct 2020 06:04:31.356,6 Oct 2020 06:04:40.999,9.643
6 Oct 2020 06:38:46.889,6 Oct 2020 06:38:56.634,9.745
6 Oct 2020 07:37:31.243,6 Oct 2020 07:37:40.919,9.677
6 Oct 2020 08:11:44.520,6 Oct 2020 08:11:54.301,9.780
6 Oct 2020 09:10:31.165,6 Oct 2020 09:10:40.876,9.711
6 Oct 2020 09:44:42.154,6 Oct 2020 09:44:51.970,9.816
6 Oct 2020 10:43:31.124,6 Oct 2020 10:43:40.870,9.745
6 Oct 2020 11:17:39.792,6 Oct 2020 11:17:49.644,9.852
6 Oct 2020 12:16:31.152,6 Oct 2020 12:16:40.934,9.781
6 Oct 2020 12:50:37.475,6 Oct 2020 12:50:47.365,9.889
6 Oct 2020 13:49:31.190,6 Oct 2020 13:49:41.006,9.816
6 Oct 2020 14:23:35.121,6 Oct 2020 14:23:45.047,9.926
6 Oct 2020 15:22:31.260,6 Oct 2020 15:22:41.116,9.856
6 Oct 2020 15:56:32.774,6 Oct 2020 15:56:42.740,9.966
6 Oct 2020 16:55:31.292,6 Oct 2020 16:55:41.181,9.889
6 Oct 2020 17:29:30.355,6 Oct 2020 17:29:40.360,10.005
6 Oct 2020 18:28:31.435,6 Oct 2020 18:28:41.361,9.926
6 Oct 2020 19:02:28.011,6 Oct 2020 19:02:38.050,10.039
6 Oct 2020 20:01:32.107,6 Oct 2020 20:01:42.072,9.965
6 Oct 2020 20:35:26.066,6 Oct 2020 20:35:36.150,10.084
6 Oct 2020 21:34:32.515,6 Oct 2020 21:34:42.518,10.003
6 Oct 2020 22:08:23.903,6 Oct 2020 22:08:34.024,10.121
6 Oct 2020 23:07:32.998,6 Oct 2020 23:07:43.041,10.042
6 Oct 2020 23:41:21.779,6 Oct 2020 23:41:31.942,10.162
7 Oct 2020 00:40:33.557,7 Oct 2020 00:40:43.640,10.082
7 Oct 2020 01:14:19.699,7 Oct 2020 01:14:29.900,10.201
7 Oct 2020 02:13:34.193,7 Oct 2020 02:13:44.316,10.123
7 Oct 2020 02:47:17.656,7 Oct 2020 02:47:27.902,10.246
7 Oct 2020 03:46:34.905,7 Oct 2020 03:46:45.069,10.164
7 Oct 2020 04:20:13.981,7 Oct 2020 04:20:24.264,10.283
7 Oct 2020 05:19:33.586,7 Oct 2020 05:19:43.788,10.202
7 Oct 2020 05:53:11.693,7 Oct 2020 05:53:22.026,10.333
7 Oct 2020 06:52:34.110,7 Oct 2020 06:52:44.354,10.244
7 Oct 2020 07:26:09.439,7 Oct 2020 07:26:19.809,10.370
7 Oct 2020 08:25:34.698,7 Oct 2020 08:25:44.985,10.287
7 Oct 2020 08:59:07.205,7 Oct 2020 08:59:17.623,10.418
7 Oct 2020 09:58:35.351,7 Oct 2020 09:58:45.682,10.331
7 Oct 2020 10:32:05.005,7 Oct 2020 10:32:15.465,10.460
7 Oct 2020 11:31:33.339,7 Oct 2020 11:31:43.708,10.369
7 Oct 2020 12:05:00.548,7 Oct 2020 12:05:11.052,10.504
7 Oct 2020 13:04:33.060,7 Oct 2020 13:04:43.473,10.413
7 Oct 2020 13:37:57.397,7 Oct 2020 13:38:07.943,10.546
7 Oct 2020 14:37:32.695,7 Oct 2020 14:37:43.153,10.458
7 Oct 2020 15:10:54.123,7 Oct 2020 15:11:04.720,10.597
7 Oct 2020 16:10:29.948,7 Oct 2020 16:10:40.465,10.517
7 Oct 2020 16:43:48.560,7 Oct 2020 16:43:59.215,10.654
7 Oct 2020 17:43:29.377,7 Oct 2020 17:43:39.941,10.564
7 Oct 2020 18:16:44.894,7 Oct 2020 18:16:55.598,10.704
7 Oct 2020 19:16:28.868,7 Oct 2020 19:16:39.480,10.612
7 Oct 2020 19:49:41.282,7 Oct 2020 19:49:52.032,10.750
7 Oct 2020 20:49:28.152,7 Oct 2020 20:49:38.816,10.664
7 Oct 2020 21:22:37.512,7 Oct 2020 21:22:48.323,10.811
7 Oct 2020 22:22:27.582,7 Oct 2020 22:22:38.295,10.713
7 Oct 2020 22:55:33.156,7 Oct 2020 22:55:44.011,10.855
7 Oct 2020 23:55:26.385,7 Oct 2020 23:55:37.141,10.757
8 Oct 2020 00:28:29.355,8 Oct 2020 00:28:40.259,10.904
8 Oct 2020 01:28:25.923,8 Oct 2020 01:28:36.730,10.807
8 Oct 2020 02:01:25.625,8 Oct 2020 02:01:36.582,10.957
8 Oct 2020 03:01:25.109,8 Oct 2020 03:01:35.966,10.858
8 Oct 2020 03:34:21.621,8 Oct 2020 03:34:32.632,11.011
8 Oct 2020 04:34:24.519,8 Oct 2020 04:34:35.429,10.910
8 Oct 2020 05:07:17.718,8 Oct 2020 05:07:28.778,11.060
8 Oct 2020 06:07:23.958,8 Oct 2020 06:07:34.920,10.962
8 Oct 2020 06:40:13.796,8 Oct 2020 06:40:24.914,11.119
8 Oct 2020 07:40:23.424,8 Oct 2020 07:40:34.440,11.016
8 Oct 2020 08:13:09.863,8 Oct 2020 08:13:21.037,11.175
8 Oct 2020 09:13:22.919,8 Oct 2020 09:13:33.989,11.070
8 Oct 2020 09:46:06.865,8 Oct 2020 09:46:18.100,11.234
8 Oct 2020 10:46:23.709,8 Oct 2020 10:46:34.836,11.126
8 Oct 2020 11:19:03.137,8 Oct 2020 11:19:14.429,11.292
8 Oct 2020 12:19:23.535,8 Oct 2020 12:19:34.724,11.189
8 Oct 2020 12:51:59.427,8 Oct 2020 12:52:10.777,11.350
8 Oct 2020 13:52:23.410,8 Oct 2020 13:52:34.652,11.242
8 Oct 2020 14:24:55.713,8 Oct 2020 14:25:07.122,11.409
8 Oct 2020 15:25:23.335,8 Oct 2020 15:25:34.634,11.299
8 Oct 2020 15:57:52.009,8 Oct 2020 15:58:03.480,11.472
8 Oct 2020 16:58:23.323,8 Oct 2020 16:58:34.678,11.355
8 Oct 2020 17:30:48.320,8 Oct 2020 17:30:59.850,11.530
8 Oct 2020 18:31:23.364,8 Oct 2020 18:31:34.781,11.418
8 Oct 2020 19:03:44.644,8 Oct 2020 19:03:56.236,11.592
8 Oct 2020 20:04:23.631,8 Oct 2020 20:04:35.109,11.478
8 Oct 2020 20:36:41.135,8 Oct 2020 20:36:52.790,11.655
8 Oct 2020 21:37:23.830,8 Oct 2020 21:37:35.369,11.539
8 Oct 2020 22:09:37.463,8 Oct 2020 22:09:49.180,11.717
8 Oct 2020 23:10:24.018,8 Oct 2020 23:10:35.621,11.602
8 Oct 2020 23:42:33.860,8 Oct 2020 23:42:45.642,11.782
9 Oct 2020 00:43:24.339,9 Oct 2020 00:43:36.002,11.663
9 Oct 2020 01:15:30.275,9 Oct 2020 01:15:42.122,11.847
9 Oct 2020 02:16:24.554,9 Oct 2020 02:16:36.280,11.727
9 Oct 2020 02:48:26.552,9 Oct 2020 02:48:38.466,11.914
9 Oct 2020 03:49:24.981,9 Oct 2020 03:49:36.773,11.791
9 Oct 2020 04:21:22.983,9 Oct 2020 04:21:34.964,11.981
9 Oct 2020 05:22:25.478,9 Oct 2020 05:22:37.335,11.857
9 Oct 2020 05:54:19.434,9 Oct 2020 05:54:31.483,12.049
9 Oct 2020 06:55:26.033,9 Oct 2020 06:55:37.957,11.924
9 Oct 2020 07:27:15.900,9 Oct 2020 07:27:28.019,12.119
9 Oct 2020 08:28:26.655,9 Oct 2020 08:28:38.647,11.992
9 Oct 2020 09:00:12.382,9 Oct 2020 09:00:24.571,12.189
9 Oct 2020 10:01:27.341,9 Oct 2020 10:01:39.404,12.063
9 Oct 2020 10:33:08.883,9 Oct 2020 10:33:21.143,12.260
9 Oct 2020 11:34:28.247,9 Oct 2020 11:34:40.377,12.130
9 Oct 2020 12:06:05.563,9 Oct 2020 12:06:17.896,12.332
9 Oct 2020 13:07:29.081,9 Oct 2020 13:07:41.283,12.202
9 Oct 2020 13:39:02.110,9 Oct 2020 13:39:14.516,12.406
9 Oct 2020 14:40:29.989,9 Oct 2020 14:40:42.265,12.276
9 Oct 2020 15:11:58.687,9 Oct 2020 15:12:11.166,12.479
9 Oct 2020 16:13:30.969,9 Oct 2020 16:13:43.313,12.344
9 Oct 2020 16:44:55.280,9 Oct 2020 16:45:07.833,12.553
9 Oct 2020 17:46:32.016,9 Oct 2020 17:46:44.439,12.423
9 Oct 2020 18:17:51.896,9 Oct 2020 18:18:04.528,12.632
9 Oct 2020 19:19:33.138,9 Oct 2020 19:19:45.636,12.498
9 Oct 2020 19:50:48.535,9 Oct 2020 19:51:01.242,12.707
9 Oct 2020 20:52:34.428,9 Oct 2020 20:52:46.996,12.568
9 Oct 2020 21:23:45.267,9 Oct 2020 21:23:58.059,12.792
9 Oct 2020 22:25:35.700,9 Oct 2020 22:25:48.349,12.648
9 Oct 2020 22:56:41.965,9 Oct 2020 22:56:54.834,12.869
9 Oct 2020 23:58:37.059,9 Oct 2020 23:58:49.783,12.725
10 Oct 2020 00:29:38.687,10 Oct 2020 00:29:51.641,12.954
10 Oct 2020 01:31:38.489,10 Oct 2020 01:31:51.295,12.806
10 Oct 2020 02:02:35.440,10 Oct 2020 02:02:48.468,13.028
10 Oct 2020 03:04:39.936,10 Oct 2020 03:04:52.823,12.887
10 Oct 2020 03:35:32.166,10 Oct 2020 03:35:45.280,13.114
10 Oct 2020 04:37:41.518,10 Oct 2020 04:37:54.487,12.970
10 Oct 2020 05:08:28.964,10 Oct 2020 05:08:42.163,13.199
10 Oct 2020 06:10:43.189,10 Oct 2020 06:10:56.241,13.052
10 Oct 2020 06:41:25.800,10 Oct 2020 06:41:39.084,13.285
10 Oct 2020 07:43:44.931,10 Oct 2020 07:43:58.066,13.135
10 Oct 2020 08:14:22.654,10 Oct 2020 08:14:36.026,13.371
10 Oct 2020 09:16:46.809,10 Oct 2020 09:17:00.030,13.220
10 Oct 2020 09:47:19.598,10 Oct 2020 09:47:33.061,13.462
10 Oct 2020 10:49:48.715,10 Oct 2020 10:50:02.022,13.307
10 Oct 2020 11:20:16.515,10 Oct 2020 11:20:30.064,13.549
10 Oct 2020 12:22:50.699,10 Oct 2020 12:23:04.098,13.399
10 Oct 2020 12:53:13.465,10 Oct 2020 12:53:27.102,13.637
10 Oct 2020 13:55:52.761,10 Oct 2020 13:56:06.245,13.484
10 Oct 2020 14:26:10.434,10 Oct 2020 14:26:24.166,13.732
10 Oct 2020 15:28:54.912,10 Oct 2020 15:29:08.487,13.574
10 Oct 2020 15:59:07.442,10 Oct 2020 15:59:21.270,13.827
10 Oct 2020 17:01:57.159,10 Oct 2020 17:02:10.822,13.663
10 Oct 2020 17:32:04.499,10 Oct 2020 17:32:18.414,13.915
10 Oct 2020 18:34:59.480,10 Oct 2020 18:35:13.236,13.755
10 Oct 2020 19:05:01.573,10 Oct 2020 19:05:15.588,14.015
10 Oct 2020 20:08:01.882,10 Oct 2020 20:08:15.735,13.853
10 Oct 2020 20:37:58.687,10 Oct 2020 20:38:12.798,14.112
10 Oct 2020 21:41:04.374,10 Oct 2020 21:41:18.323,13.949
10 Oct 2020 22:10:55.850,10 Oct 2020 22:11:10.060,14.209
10 Oct 2020 23:14:06.953,10 Oct 2020 23:14:20.996,14.043
10 Oct 2020 23:43:53.042,10 Oct 2020 23:44:07.347,14.304
11 Oct 2020 00:47:09.618,11 Oct 2020 00:47:23.761,14.143
11 Oct 2020 01:16:50.263,11 Oct 2020 01:17:04.673,14.410
11 Oct 2020 02:20:12.375,11 Oct 2020 02:20:26.615,14.240
11 Oct 2020 02:49:47.524,11 Oct 2020 02:50:02.036,14.512
11 Oct 2020 03:53:15.235,11 Oct 2020 03:53:29.579,14.344
11 Oct 2020 04:22:44.852,11 Oct 2020 04:22:59.468,14.616
11 Oct 2020 05:26:18.167,11 Oct 2020 05:26:32.614,14.447
11 Oct 2020 05:55:42.200,11 Oct 2020 05:55:56.920,14.721
11 Oct 2020 06:59:21.192,11 Oct 2020 06:59:35.745,14.553
11 Oct 2020 07:28:39.589,11 Oct 2020 07:28:54.416,14.827
11 Oct 2020 08:32:24.310,11 Oct 2020 08:32:38.962,14.653
11 Oct 2020 09:01:37.022,11 Oct 2020 09:01:51.957,14.935
11 Oct 2020 10:05:27.513,11 Oct 2020 10:05:42.278,14.765
11 Oct 2020 10:34:34.499,11 Oct 2020 10:34:49.545,15.046
11 Oct 2020 11:38:30.809,11 Oct 2020 11:38:45.680,14.870
11 Oct 2020 12:07:32.024,11 Oct 2020 12:07:47.178,15.154
11 Oct 2020 13:11:34.169,11 Oct 2020 13:11:49.152,14.983
11 Oct 2020 13:40:29.558,11 Oct 2020 13:40:44.824,15.266
11 Oct 2020 14:44:37.645,11 Oct 2020 14:44:52.739,15.094
11 Oct 2020 15:13:27.171,11 Oct 2020 15:13:42.550,15.380
11 Oct 2020 16:17:41.213,11 Oct 2020 16:17:56.416,15.203
11 Oct 2020 16:46:24.830,11 Oct 2020 16:46:40.327,15.497
11 Oct 2020 17:50:44.892,11 Oct 2020 17:51:00.206,15.313
11 Oct 2020 18:19:22.562,11 Oct 2020 18:19:38.168,15.606
11 Oct 2020 19:23:48.643,11 Oct 2020 19:24:04.074,15.432
11 Oct 2020 19:52:20.323,11 Oct 2020 19:52:36.052,15.729
11 Oct 2020 20:56:52.489,11 Oct 2020 20:57:08.038,15.548
11 Oct 2020 21:25:18.143,11 Oct 2020 21:25:33.988,15.845
11 Oct 2020 22:29:56.432,11 Oct 2020 22:30:12.096,15.664
11 Oct 2020 22:58:16.011,11 Oct 2020 22:58:31.979,15.968
12 Oct 2020 00:03:00.465,12 Oct 2020 00:03:16.247,15.782
12 Oct 2020 00:31:13.937,12 Oct 2020 00:31:30.027,16.090
12 Oct 2020 01:36:04.587,12 Oct 2020 01:36:20.494,15.907
12 Oct 2020 02:04:11.920,12 Oct 2020 02:04:28.128,16.208
12 Oct 2020 03:09:08.807,12 Oct 2020 03:09:24.832,16.025
12 Oct 2020 03:37:09.962,12 Oct 2020 03:37:26.294,16.332
12 Oct 2020 04:42:13.116,12 Oct 2020 04:42:29.266,16.150
12 Oct 2020 05:10:08.063,12 Oct 2020 05:10:24.521,16.457
12 Oct 2020 06:15:17.516,12 Oct 2020 06:15:33.794,16.278
12 Oct 2020 06:43:06.227,12 Oct 2020 06:43:22.810,16.584
12 Oct 2020 07:48:21.933,12 Oct 2020 07:48:38.334,16.401
12 Oct 2020 08:16:04.368,12 Oct 2020 08:16:21.079,16.712
12 Oct 2020 09:21:26.514,12 Oct 2020 09:21:43.050,16.537
12 Oct 2020 09:49:02.655,12 Oct 2020 09:49:19.496,16.841
12 Oct 2020 10:54:31.189,12 Oct 2020 10:54:47.851,16.662
12 Oct 2020 11:22:01.009,12 Oct 2020 11:22:17.979,16.971
12 Oct 2020 12:27:35.923,12 Oct 2020 12:27:52.715,16.792
12 Oct 2020 12:54:59.410,12 Oct 2020 12:55:16.512,17.102
12 Oct 2020 14:00:40.775,12 Oct 2020 14:00:57.699,16.924
12 Oct 2020 14:27:57.899,12 Oct 2020 14:28:15.133,17.234
12 Oct 2020 15:33:45.719,12 Oct 2020 15:34:02.776,17.057
12 Oct 2020 16:00:56.460,12 Oct 2020 16:01:13.833,17.373
12 Oct 2020 17:06:50.751,12 Oct 2020 17:07:07.942,17.191
12 Oct 2020 17:33:55.099,12 Oct 2020 17:34:12.601,17.502
12 Oct 2020 18:39:55.870,12 Oct 2020 18:40:13.197,17.327
12 Oct 2020 19:06:53.806,12 Oct 2020 19:07:11.444,17.638
12 Oct 2020 20:13:01.076,12 Oct 2020 20:13:18.543,17.467
12 Oct 2020 20:39:52.591,12 Oct 2020 20:40:10.366,17.775
12 Oct 2020 21:46:06.357,12 Oct 2020 21:46:23.962,17.605
12 Oct 2020 22:12:51.447,12 Oct 2020 22:13:09.359,17.912
12 Oct 2020 23:19:11.731,12 Oct 2020 23:19:29.471,17.740
12 Oct 2020 23:45:50.385,12 Oct 2020 23:46:08.440,18.055
13 Oct 2020 00:52:17.192,13 Oct 2020 00:52:35.072,17.880
13 Oct 2020 01:18:49.414,13 Oct 2020 01:19:07.603,18.189
13 Oct 2020 02:25:22.660,13 Oct 2020 02:25:40.679,18.018
13 Oct 2020 02:51:48.438,13 Oct 2020 02:52:06.765,18.327
13 Oct 2020 03:58:28.275,13 Oct 2020 03:58:46.439,18.163
13 Oct 2020 04:24:47.626,13 Oct 2020 04:25:06.097,18.471
13 Oct 2020 05:31:33.965,13 Oct 2020 05:31:52.271,18.306
13 Oct 2020 05:57:46.906,13 Oct 2020 05:58:05.518,18.612
13 Oct 2020 07:04:39.737,13 Oct 2020 07:04:58.186,18.449
13 Oct 2020 07:30:46.276,13 Oct 2020 07:31:05.029,18.754
13 Oct 2020 08:37:45.576,13 Oct 2020 08:38:04.173,18.596
13 Oct 2020 09:03:45.738,13 Oct 2020 09:04:04.633,18.896
13 Oct 2020 10:10:51.455,13 Oct 2020 10:11:10.195,18.740
13 Oct 2020 10:36:45.275,13 Oct 2020 10:37:04.312,19.038
13 Oct 2020 11:43:57.443,13 Oct 2020 11:44:16.324,18.881
13 Oct 2020 12:09:44.927,13 Oct 2020 12:10:04.109,19.182
13 Oct 2020 13:17:03.441,13 Oct 2020 13:17:22.467,19.026
13 Oct 2020 13:42:44.670,13 Oct 2020 13:43:03.991,19.321
13 Oct 2020 14:50:09.555,13 Oct 2020 14:50:28.723,19.168
13 Oct 2020 15:15:44.519,13 Oct 2020 15:16:03.984,19.465
13 Oct 2020 16:23:15.727,13 Oct 2020 16:23:35.042,19.315
13 Oct 2020 16:48:44.468,13 Oct 2020 16:49:04.077,19.609
13 Oct 2020 17:56:22.016,13 Oct 2020 17:56:41.480,19.464
13 Oct 2020 18:21:44.554,13 Oct 2020 18:22:04.304,19.750
13 Oct 2020 19:29:28.311,13 Oct 2020 19:29:47.917,19.606
13 Oct 2020 19:54:44.722,13 Oct 2020 19:55:04.614,19.892
13 Oct 2020 21:02:34.651,13 Oct 2020 21:02:54.406,19.756
13 Oct 2020 21:27:44.993,13 Oct 2020 21:28:05.025,20.033
13 Oct 2020 22:35:41.045,13 Oct 2020 22:36:00.945,19.901
13 Oct 2020 23:00:45.378,13 Oct 2020 23:01:05.551,20.173
14 Oct 2020 00:08:47.539,14 Oct 2020 00:09:07.585,20.045
14 Oct 2020 00:33:45.937,14 Oct 2020 00:34:06.249,20.313
14 Oct 2020 01:41:54.021,14 Oct 2020 01:42:14.210,20.189
14 Oct 2020 02:06:46.549,14 Oct 2020 02:07:07.001,20.451
14 Oct 2020 03:15:00.539,14 Oct 2020 03:15:20.871,20.332
14 Oct 2020 03:39:47.278,14 Oct 2020 03:40:07.867,20.589
14 Oct 2020 04:48:07.092,14 Oct 2020 04:48:27.566,20.474
14 Oct 2020 05:12:48.126,14 Oct 2020 05:13:08.854,20.728
14 Oct 2020 06:21:13.677,14 Oct 2020 06:21:34.291,20.615
14 Oct 2020 06:45:49.096,14 Oct 2020 06:46:09.956,20.860
14 Oct 2020 07:54:20.292,14 Oct 2020 07:54:41.042,20.750
14 Oct 2020 08:18:50.194,14 Oct 2020 08:19:11.187,20.993
14 Oct 2020 09:27:26.926,14 Oct 2020 09:27:47.814,20.888
14 Oct 2020 09:51:51.413,14 Oct 2020 09:52:12.537,21.124
14 Oct 2020 11:00:33.564,14 Oct 2020 11:00:54.587,21.023
14 Oct 2020 11:24:52.755,14 Oct 2020 11:25:14.007,21.252
14 Oct 2020 12:33:40.249,14 Oct 2020 12:34:01.410,21.161
14 Oct 2020 12:57:54.260,14 Oct 2020 12:58:15.638,21.379
14 Oct 2020 14:06:46.926,14 Oct 2020 14:07:08.219,21.293
14 Oct 2020 14:30:55.867,14 Oct 2020 14:31:17.370,21.503
14 Oct 2020 15:39:53.607,14 Oct 2020 15:40:15.029,21.422
14 Oct 2020 16:03:57.632,14 Oct 2020 16:04:19.256,21.623
14 Oct 2020 17:13:00.290,14 Oct 2020 17:13:21.839,21.549
14 Oct 2020 17:36:59.507,14 Oct 2020 17:37:21.249,21.742
14 Oct 2020 18:46:06.969,14 Oct 2020 18:46:28.645,21.676
14 Oct 2020 19:10:01.517,14 Oct 2020 19:10:23.374,21.857
14 Oct 2020 20:19:13.637,14 Oct 2020 20:19:35.432,21.795
14 Oct 2020 20:43:03.663,14 Oct 2020 20:43:25.631,21.968
14 Oct 2020 21:52:20.263,14 Oct 2020 21:52:42.173,21.910
14 Oct 2020 22:16:05.951,14 Oct 2020 22:16:28.025,22.074
14 Oct 2020 23:25:26.898,14 Oct 2020 23:25:48.926,22.027
14 Oct 2020 23:49:08.370,14 Oct 2020 23:49:30.552,22.182
15 Oct 2020 00:58:33.516,15 Oct 2020 00:58:55.653,22.137
15 Oct 2020 01:22:10.924,15 Oct 2020 01:22:33.207,22.283
15 Oct 2020 02:31:40.091,15 Oct 2020 02:32:02.335,22.244
15 Oct 2020 02:55:13.626,15 Oct 2020 02:55:36.009,22.383
15 Oct 2020 04:04:46.634,15 Oct 2020 04:05:08.981,22.347
15 Oct 2020 04:28:16.473,15 Oct 2020 04:28:38.945,22.472
15 Oct 2020 05:37:53.137,15 Oct 2020 05:38:15.583,22.445
15 Oct 2020 06:01:19.458,15 Oct 2020 06:01:42.016,22.558
15 Oct 2020 07:10:59.593,15 Oct 2020 07:11:22.132,22.539
15 Oct 2020 07:34:22.581,15 Oct 2020 07:34:45.224,22.643
15 Oct 2020 08:44:06.000,15 Oct 2020 08:44:28.628,22.628
15 Oct 2020 09:07:25.852,15 Oct 2020 09:07:48.570,22.718
15 Oct 2020 10:17:12.352,15 Oct 2020 10:17:35.064,22.713
15 Oct 2020 10:40:29.259,15 Oct 2020 10:40:52.053,22.794
15 Oct 2020 11:50:18.642,15 Oct 2020 11:50:41.436,22.794
15 Oct 2020 12:13:32.816,15 Oct 2020 12:13:55.677,22.862
15 Oct 2020 13:23:24.866,15 Oct 2020 13:23:47.731,22.865
15 Oct 2020 13:46:36.507,15 Oct 2020 13:46:59.431,22.924
15 Oct 2020 14:56:31.025,15 Oct 2020 14:56:53.957,22.931
15 Oct 2020 15:19:40.342,15 Oct 2020 15:20:03.322,22.980
15 Oct 2020 16:29:37.102,15 Oct 2020 16:30:00.100,22.998
15 Oct 2020 16:52:44.312,15 Oct 2020 16:53:07.342,23.030
15 Oct 2020 18:02:43.117,15 Oct 2020 18:03:06.168,23.050
15 Oct 2020 18:25:48.492,15 Oct 2020 18:26:11.564,23.073
15 Oct 2020 19:35:49.036,15 Oct 2020 19:36:12.138,23.101
15 Oct 2020 19:58:52.744,15 Oct 2020 19:59:15.853,23.109
15 Oct 2020 21:08:54.807,15 Oct 2020 21:09:17.950,23.143
15 Oct 2020 21:31:57.030,15 Oct 2020 21:32:20.176,23.146
15 Oct 2020 22:42:00.539,15 Oct 2020 22:42:23.725,23.186
15 Oct 2020 23:05:01.546,15 Oct 2020 23:05:24.719,23.172
16 Oct 2020 00:15:06.163,16 Oct 2020 00:15:29.383,23.220
16 Oct 2020 00:38:06.157,16 Oct 2020 00:38:29.353,23.196
16 Oct 2020 01:48:11.700,16 Oct 2020 01:48:34.945,23.246
16 Oct 2020 02:11:10.934,16 Oct 2020 02:11:34.143,23.209
16 Oct 2020 03:21:17.131,16 Oct 2020 03:21:40.397,23.265
16 Oct 2020 03:44:15.835,16 Oct 2020 03:44:39.050,23.215
16 Oct 2020 04:54:22.453,16 Oct 2020 04:54:45.732,23.279
16 Oct 2020 05:17:20.856,16 Oct 2020 05:17:44.071,23.215
16 Oct 2020 06:27:27.663,16 Oct 2020 06:27:50.951,23.288
16 Oct 2020 06:50:26.004,16 Oct 2020 06:50:49.214,23.210
16 Oct 2020 08:00:32.767,16 Oct 2020 08:00:56.051,23.284
16 Oct 2020 08:23:31.332,16 Oct 2020 08:23:54.528,23.196
16 Oct 2020 09:33:37.722,16 Oct 2020 09:34:00.997,23.276
16 Oct 2020 09:56:36.624,16 Oct 2020 09:56:59.804,23.180
16 Oct 2020 11:06:42.574,16 Oct 2020 11:07:05.837,23.263
16 Oct 2020 11:29:42.106,16 Oct 2020 11:30:05.261,23.155
16 Oct 2020 12:39:47.298,16 Oct 2020 12:40:10.546,23.248
16 Oct 2020 13:02:47.692,16 Oct 2020 13:03:10.817,23.125
16 Oct 2020 14:12:51.903,16 Oct 2020 14:13:15.122,23.220
16 Oct 2020 14:35:53.381,16 Oct 2020 14:36:16.469,23.088
16 Oct 2020 15:45:56.372,16 Oct 2020 15:46:19.565,23.193
16 Oct 2020 16:08:59.167,16 Oct 2020 16:09:22.211,23.045
16 Oct 2020 17:19:00.717,16 Oct 2020 17:19:23.868,23.151
16 Oct 2020 17:42:05.045,16 Oct 2020 17:42:28.041,22.996
16 Oct 2020 18:52:04.928,16 Oct 2020 18:52:28.039,23.111
16 Oct 2020 19:15:11.009,16 Oct 2020 19:15:33.948,22.940
16 Oct 2020 20:25:09.000,16 Oct 2020 20:25:32.061,23.061
16 Oct 2020 20:48:17.061,16 Oct 2020 20:48:39.938,22.877
16 Oct 2020 21:58:12.867,16 Oct 2020 21:58:35.871,23.005
16 Oct 2020 22:21:23.134,16 Oct 2020 22:21:45.947,22.814
16 Oct 2020 23:31:16.668,16 Oct 2020 23:31:39.611,22.944
16 Oct 2020 23:54:29.334,16 Oct 2020 23:54:52.076,22.742
17 Oct 2020 01:04:20.332,17 Oct 2020 01:04:43.209,22.877
17 Oct 2020 01:27:35.605,17 Oct 2020 01:27:58.271,22.665
17 Oct 2020 02:37:23.859,17 Oct 2020 02:37:46.664,22.805
17 Oct 2020 03:00:41.938,17 Oct 2020 03:01:04.522,22.584
17 Oct 2020 04:10:27.247,17 Oct 2020 04:10:49.975,22.728
17 Oct 2020 04:33:48.331,17 Oct 2020 04:34:10.825,22.494
17 Oct 2020 05:43:30.508,17 Oct 2020 05:43:53.155,22.646
17 Oct 2020 06:06:54.769,17 Oct 2020 06:07:17.172,22.403
17 Oct 2020 07:16:33.618,17 Oct 2020 07:16:56.177,22.559
17 Oct 2020 07:40:01.258,17 Oct 2020 07:40:23.568,22.310
17 Oct 2020 08:49:36.589,17 Oct 2020 08:49:59.057,22.468
17 Oct 2020 09:13:07.798,17 Oct 2020 09:13:30.009,22.210
17 Oct 2020 10:22:39.422,17 Oct 2020 10:23:01.798,22.376
17 Oct 2020 10:46:14.372,17 Oct 2020 10:46:36.478,22.106
17 Oct 2020 11:55:42.122,17 Oct 2020 11:56:04.390,22.268
17 Oct 2020 12:19:20.978,17 Oct 2020 12:19:42.976,21.998
17 Oct 2020 13:28:44.676,17 Oct 2020 13:29:06.844,22.168
17 Oct 2020 13:52:27.611,17 Oct 2020 13:52:49.498,21.887
17 Oct 2020 15:01:47.098,17 Oct 2020 15:02:09.159,22.060
17 Oct 2020 15:25:34.267,17 Oct 2020 15:25:56.038,21.772
17 Oct 2020 16:34:49.409,17 Oct 2020 16:35:11.360,21.951
17 Oct 2020 16:58:40.915,17 Oct 2020 16:59:02.566,21.651
17 Oct 2020 18:07:51.529,17 Oct 2020 18:08:13.369,21.841
17 Oct 2020 18:31:47.541,17 Oct 2020 18:32:09.071,21.530
17 Oct 2020 19:40:53.451,17 Oct 2020 19:41:15.172,21.721
17 Oct 2020 20:04:54.154,17 Oct 2020 20:05:15.565,21.410
17 Oct 2020 21:13:55.344,17 Oct 2020 21:14:16.938,21.594
17 Oct 2020 21:38:00.849,17 Oct 2020 21:38:22.133,21.284
17 Oct 2020 22:46:57.103,17 Oct 2020 22:47:18.574,21.471
17 Oct 2020 23:11:07.541,17 Oct 2020 23:11:28.699,21.158
18 Oct 2020 00:19:58.729,18 Oct 2020 00:20:20.077,21.348
18 Oct 2020 00:44:14.236,18 Oct 2020 00:44:35.260,21.025
18 Oct 2020 01:53:00.231,18 Oct 2020 01:53:21.451,21.220
18 Oct 2020 02:17:20.908,18 Oct 2020 02:17:41.797,20.889
18 Oct 2020 03:26:01.611,18 Oct 2020 03:26:22.697,21.086
18 Oct 2020 03:50:27.559,18 Oct 2020 03:50:48.320,20.761
18 Oct 2020 04:59:02.860,18 Oct 2020 04:59:23.817,20.958
18 Oct 2020 05:23:34.197,18 Oct 2020 05:23:54.831,20.635
18 Oct 2020 06:32:04.000,18 Oct 2020 06:32:24.824,20.824
18 Oct 2020 06:56:40.815,18 Oct 2020 06:57:01.299,20.484
18 Oct 2020 08:05:05.010,18 Oct 2020 08:05:25.698,20.689
18 Oct 2020 08:29:47.393,18 Oct 2020 08:30:07.739,20.346
18 Oct 2020 09:38:05.887,18 Oct 2020 09:38:26.440,20.553
18 Oct 2020 10:02:53.912,18 Oct 2020 10:03:14.119,20.207
18 Oct 2020 11:11:06.661,18 Oct 2020 11:11:27.076,20.415
18 Oct 2020 11:36:00.419,18 Oct 2020 11:36:20.485,20.067
18 Oct 2020 12:44:07.341,18 Oct 2020 12:44:27.618,20.277
18 Oct 2020 13:09:06.898,18 Oct 2020 13:09:26.824,19.926
18 Oct 2020 14:17:07.889,18 Oct 2020 14:17:28.026,20.138
18 Oct 2020 14:42:13.321,18 Oct 2020 14:42:33.106,19.785
18 Oct 2020 15:50:08.325,18 Oct 2020 15:50:28.326,20.001
18 Oct 2020 16:15:19.696,18 Oct 2020 16:15:39.338,19.643
18 Oct 2020 17:23:08.695,18 Oct 2020 17:23:28.555,19.861
18 Oct 2020 17:48:26.042,18 Oct 2020 17:48:45.542,19.501
18 Oct 2020 18:56:08.922,18 Oct 2020 18:56:28.635,19.713
18 Oct 2020 19:21:32.311,18 Oct 2020 19:21:51.667,19.357
18 Oct 2020 20:29:09.040,18 Oct 2020 20:29:28.617,19.578
18 Oct 2020 20:54:38.524,18 Oct 2020 20:54:57.741,19.217
18 Oct 2020 22:02:09.059,18 Oct 2020 22:02:28.489,19.430
18 Oct 2020 22:27:44.677,18 Oct 2020 22:28:03.752,19.075
18 Oct 2020 23:35:08.958,18 Oct 2020 23:35:28.253,19.295
19 Oct 2020 00:00:50.739,19 Oct 2020 00:01:09.672,18.933
19 Oct 2020 01:08:08.775,19 Oct 2020 01:08:27.925,19.151
19 Oct 2020 01:33:56.762,19 Oct 2020 01:34:15.557,18.794
19 Oct 2020 02:41:08.498,19 Oct 2020 02:41:27.506,19.007
19 Oct 2020 03:07:02.720,19 Oct 2020 03:07:21.371,18.651
19 Oct 2020 04:14:08.122,19 Oct 2020 04:14:26.992,18.870
19 Oct 2020 04:40:08.603,19 Oct 2020 04:40:27.117,18.514
19 Oct 2020 05:47:07.686,19 Oct 2020 05:47:26.411,18.725
19 Oct 2020 06:13:14.449,19 Oct 2020 06:13:32.819,18.370
19 Oct 2020 07:20:07.129,19 Oct 2020 07:20:25.719,18.590
19 Oct 2020 07:46:20.185,19 Oct 2020 07:46:38.419,18.234
19 Oct 2020 08:53:06.488,19 Oct 2020 08:53:24.933,18.445
19 Oct 2020 09:19:25.847,19 Oct 2020 09:19:43.940,18.092
19 Oct 2020 10:26:05.759,19 Oct 2020 10:26:24.064,18.305
19 Oct 2020 10:52:31.435,19 Oct 2020 10:52:49.386,17.951
19 Oct 2020 11:59:04.929,19 Oct 2020 11:59:23.100,18.171
19 Oct 2020 12:25:36.917,19 Oct 2020 12:25:54.735,17.818
19 Oct 2020 13:32:04.050,19 Oct 2020 13:32:22.083,18.034
19 Oct 2020 13:58:42.360,19 Oct 2020 13:59:00.042,17.682
19 Oct 2020 15:05:03.078,19 Oct 2020 15:05:20.971,17.893
19 Oct 2020 15:31:47.701,19 Oct 2020 15:32:05.249,17.548
19 Oct 2020 16:38:02.018,19 Oct 2020 16:38:19.780,17.762
19 Oct 2020 17:04:52.959,19 Oct 2020 17:05:10.373,17.414
19 Oct 2020 18:11:00.903,19 Oct 2020 18:11:18.530,17.627
19 Oct 2020 18:37:58.141,19 Oct 2020 18:38:15.423,17.282
19 Oct 2020 19:43:59.696,19 Oct 2020 19:44:17.190,17.493
19 Oct 2020 20:11:03.228,19 Oct 2020 20:11:20.378,17.150
19 Oct 2020 21:16:58.445,19 Oct 2020 21:17:15.806,17.361
19 Oct 2020 21:44:08.242,19 Oct 2020 21:44:25.267,17.025
19 Oct 2020 22:49:57.092,19 Oct 2020 22:50:14.322,17.230
19 Oct 2020 23:17:13.158,19 Oct 2020 23:17:30.050,16.891
20 Oct 2020 00:22:55.670,20 Oct 2020 00:23:12.770,17.099
20 Oct 2020 00:50:17.981,20 Oct 2020 00:50:34.740,16.758
20 Oct 2020 01:55:54.180,20 Oct 2020 01:56:11.153,16.973
20 Oct 2020 02:23:22.715,20 Oct 2020 02:23:39.352,16.637
20 Oct 2020 03:28:52.623,20 Oct 2020 03:29:09.465,16.842
20 Oct 2020 03:56:27.344,20 Oct 2020 03:56:43.856,16.512
20 Oct 2020 05:01:50.988,20 Oct 2020 05:02:07.703,16.716
20 Oct 2020 05:29:31.893,20 Oct 2020 05:29:48.279,16.386
20 Oct 2020 06:34:49.301,20 Oct 2020 06:35:05.891,16.590
20 Oct 2020 07:02:36.353,20 Oct 2020 07:02:52.619,16.265
20 Oct 2020 08:07:47.550,20 Oct 2020 08:08:04.018,16.469
20 Oct 2020 08:35:40.728,20 Oct 2020 08:35:56.868,16.140
20 Oct 2020 09:40:45.617,20 Oct 2020 09:41:01.960,16.343
20 Oct 2020 10:08:44.889,20 Oct 2020 10:09:00.913,16.024
20 Oct 2020 11:13:43.748,20 Oct 2020 11:13:59.969,16.221
20 Oct 2020 11:41:49.072,20 Oct 2020 11:42:04.978,15.906
20 Oct 2020 12:46:41.799,20 Oct 2020 12:46:57.903,16.104
20 Oct 2020 13:14:53.146,20 Oct 2020 13:15:08.935,15.789
20 Oct 2020 14:19:39.816,20 Oct 2020 14:19:55.794,15.979
20 Oct 2020 14:47:57.146,20 Oct 2020 14:48:12.821,15.675
20 Oct 2020 15:52:37.772,20 Oct 2020 15:52:53.638,15.867
20 Oct 2020 16:21:01.057,20 Oct 2020 16:21:16.615,15.558
20 Oct 2020 17:25:35.677,20 Oct 2020 17:25:51.428,15.750
20 Oct 2020 17:54:04.874,20 Oct 2020 17:54:20.319,15.445
20 Oct 2020 18:58:33.540,20 Oct 2020 18:58:49.172,15.632
20 Oct 2020 19:27:08.610,20 Oct 2020 19:27:23.941,15.331
20 Oct 2020 20:31:31.340,20 Oct 2020 20:31:46.859,15.519
20 Oct 2020 21:00:12.235,20 Oct 2020 21:00:27.456,15.220
20 Oct 2020 22:04:29.087,20 Oct 2020 22:04:44.496,15.409
20 Oct 2020 22:33:15.775,20 Oct 2020 22:33:30.889,15.115
20 Oct 2020 23:37:26.788,20 Oct 2020 23:37:42.086,15.298
21 Oct 2020 00:06:19.224,21 Oct 2020 00:06:34.228,15.004
21 Oct 2020 01:10:24.444,21 Oct 2020 01:10:39.630,15.186
21 Oct 2020 01:39:22.583,21 Oct 2020 01:39:37.484,14.901
21 Oct 2020 02:43:22.052,21 Oct 2020 02:43:37.128,15.076
21 Oct 2020 03:12:25.852,21 Oct 2020 03:12:40.644,14.792
21 Oct 2020 04:16:19.615,21 Oct 2020 04:16:34.583,14.968
21 Oct 2020 04:45:29.047,21 Oct 2020 04:45:43.739,14.693
21 Oct 2020 05:49:17.165,21 Oct 2020 05:49:32.032,14.867
21 Oct 2020 06:18:32.137,21 Oct 2020 06:18:46.728,14.591
21 Oct 2020 07:22:14.644,21 Oct 2020 07:22:29.405,14.761
21 Oct 2020 07:51:35.139,21 Oct 2020 07:51:49.634,14.495
21 Oct 2020 08:55:12.053,21 Oct 2020 08:55:26.711,14.658
21 Oct 2020 09:24:38.026,21 Oct 2020 09:24:52.417,14.391
21 Oct 2020 10:28:09.447,21 Oct 2020 10:28:24.005,14.558
21 Oct 2020 10:57:40.851,21 Oct 2020 10:57:55.144,14.293
21 Oct 2020 12:01:06.800,21 Oct 2020 12:01:21.259,14.459
21 Oct 2020 12:30:43.590,21 Oct 2020 12:30:57.786,14.196
21 Oct 2020 13:34:04.193,21 Oct 2020 13:34:18.550,14.357
21 Oct 2020 14:03:46.311,21 Oct 2020 14:04:00.408,14.097
21 Oct 2020 15:07:01.476,21 Oct 2020 15:07:15.737,14.262
21 Oct 2020 15:36:48.880,21 Oct 2020 15:37:02.889,14.010
21 Oct 2020 16:39:58.764,21 Oct 2020 16:40:12.927,14.163
21 Oct 2020 17:09:51.395,21 Oct 2020 17:10:05.309,13.915
21 Oct 2020 18:12:55.973,21 Oct 2020 18:13:10.042,14.069
21 Oct 2020 18:42:53.797,21 Oct 2020 18:43:07.625,13.828
21 Oct 2020 19:45:53.150,21 Oct 2020 19:46:07.126,13.975
21 Oct 2020 20:15:56.118,21 Oct 2020 20:16:09.850,13.731
21 Oct 2020 21:18:50.304,21 Oct 2020 21:19:04.187,13.882
21 Oct 2020 21:48:58.367,21 Oct 2020 21:49:12.008,13.641
21 Oct 2020 22:51:47.418,21 Oct 2020 22:52:01.205,13.788
21 Oct 2020 23:22:00.517,21 Oct 2020 23:22:14.073,13.556
22 Oct 2020 00:24:44.494,22 Oct 2020 00:24:58.195,13.701
22 Oct 2020 00:55:02.592,22 Oct 2020 00:55:16.058,13.465
22 Oct 2020 01:57:41.542,22 Oct 2020 01:57:55.154,13.612
22 Oct 2020 02:28:04.577,22 Oct 2020 02:28:17.961,13.384
22 Oct 2020 03:30:38.559,22 Oct 2020 03:30:52.084,13.525
22 Oct 2020 04:01:06.489,22 Oct 2020 04:01:19.789,13.300
22 Oct 2020 05:03:35.584,22 Oct 2020 05:03:49.022,13.438
22 Oct 2020 05:34:08.349,22 Oct 2020 05:34:21.566,13.217
22 Oct 2020 06:36:32.544,22 Oct 2020 06:36:45.895,13.351
22 Oct 2020 07:07:10.105,22 Oct 2020 07:07:23.240,13.135
22 Oct 2020 08:09:29.475,22 Oct 2020 08:09:42.745,13.270
22 Oct 2020 08:40:11.783,22 Oct 2020 08:40:24.837,13.054
22 Oct 2020 09:42:26.324,22 Oct 2020 09:42:39.510,13.186
22 Oct 2020 10:13:13.335,22 Oct 2020 10:13:26.310,12.975
22 Oct 2020 11:15:23.201,22 Oct 2020 11:15:36.306,13.105
22 Oct 2020 11:46:14.858,22 Oct 2020 11:46:27.754,12.896
22 Oct 2020 12:48:20.085,22 Oct 2020 12:48:33.108,13.023
22 Oct 2020 13:19:16.338,22 Oct 2020 13:19:29.157,12.819
22 Oct 2020 14:21:16.911,22 Oct 2020 14:21:29.856,12.945
22 Oct 2020 14:52:17.714,22 Oct 2020 14:52:30.457,12.743
22 Oct 2020 15:54:13.711,22 Oct 2020 15:54:26.578,12.867
22 Oct 2020 16:25:19.017,22 Oct 2020 16:25:31.685,12.668
22 Oct 2020 17:27:10.489,22 Oct 2020 17:27:23.280,12.792
22 Oct 2020 17:58:20.247,22 Oct 2020 17:58:32.840,12.592
22 Oct 2020 19:00:07.246,22 Oct 2020 19:00:19.959,12.713
22 Oct 2020 19:31:21.404,22 Oct 2020 19:31:33.927,12.523
22 Oct 2020 20:33:03.978,22 Oct 2020 20:33:16.616,12.638
22 Oct 2020 21:04:22.494,22 Oct 2020 21:04:34.944,12.450
22 Oct 2020 22:06:00.783,22 Oct 2020 22:06:13.348,12.564
22 Oct 2020 22:37:23.532,22 Oct 2020 22:37:35.913,12.381
22 Oct 2020 23:38:57.478,22 Oct 2020 23:39:09.969,12.491
23 Oct 2020 00:10:24.489,23 Oct 2020 00:10:36.798,12.308
23 Oct 2020 01:11:54.149,23 Oct 2020 01:12:06.571,12.422
23 Oct 2020 01:43:25.376,23 Oct 2020 01:43:37.612,12.236
23 Oct 2020 02:44:50.806,23 Oct 2020 02:45:03.154,12.349
23 Oct 2020 03:16:26.192,23 Oct 2020 03:16:38.366,12.175
23 Oct 2020 04:17:47.445,23 Oct 2020 04:17:59.721,12.276
23 Oct 2020 04:49:26.949,23 Oct 2020 04:49:39.053,12.104
23 Oct 2020 05:50:44.059,23 Oct 2020 05:50:56.270,12.212
23 Oct 2020 06:22:27.640,23 Oct 2020 06:22:39.678,12.038
23 Oct 2020 07:23:40.659,23 Oct 2020 07:23:52.800,12.141
23 Oct 2020 07:55:28.258,23 Oct 2020 07:55:40.231,11.973
23 Oct 2020 08:56:37.238,23 Oct 2020 08:56:49.313,12.074
23 Oct 2020 09:28:28.692,23 Oct 2020 09:28:40.605,11.913
23 Oct 2020 10:29:33.654,23 Oct 2020 10:29:45.663,12.009
23 Oct 2020 11:01:29.177,23 Oct 2020 11:01:41.018,11.841
23 Oct 2020 12:02:30.185,23 Oct 2020 12:02:42.128,11.943
23 Oct 2020 12:34:29.594,23 Oct 2020 12:34:41.378,11.784
23 Oct 2020 13:35:26.717,23 Oct 2020 13:35:38.597,11.880
23 Oct 2020 14:07:29.965,23 Oct 2020 14:07:41.685,11.720
23 Oct 2020 15:08:23.216,23 Oct 2020 15:08:35.032,11.816
23 Oct 2020 15:40:30.261,23 Oct 2020 15:40:41.920,11.659
23 Oct 2020 16:41:19.699,23 Oct 2020 16:41:31.453,11.754
23 Oct 2020 17:13:30.494,23 Oct 2020 17:13:42.096,11.602
23 Oct 2020 18:14:16.184,23 Oct 2020 18:14:27.877,11.693
23 Oct 2020 18:46:30.690,23 Oct 2020 18:46:42.235,11.545
23 Oct 2020 19:47:12.638,23 Oct 2020 19:47:24.270,11.632
23 Oct 2020 20:19:30.806,23 Oct 2020 20:19:42.291,11.485
23 Oct 2020 21:20:09.045,23 Oct 2020 21:20:20.617,11.572
23 Oct 2020 21:52:30.832,23 Oct 2020 21:52:42.260,11.428
23 Oct 2020 22:53:05.464,23 Oct 2020 22:53:16.977,11.513
23 Oct 2020 23:25:30.831,23 Oct 2020 23:25:42.203,11.372
24 Oct 2020 00:26:01.871,24 Oct 2020 00:26:13.326,11.455
24 Oct 2020 00:58:30.775,24 Oct 2020 00:58:42.091,11.316
24 Oct 2020 01:58:58.269,24 Oct 2020 01:59:09.663,11.394
24 Oct 2020 02:31:30.658,24 Oct 2020 02:31:41.922,11.264
24 Oct 2020 03:31:54.654,24 Oct 2020 03:32:05.996,11.342
24 Oct 2020 04:04:30.494,24 Oct 2020 04:04:41.702,11.207
24 Oct 2020 05:04:51.022,24 Oct 2020 05:05:02.308,11.286
24 Oct 2020 05:37:30.270,24 Oct 2020 05:37:41.424,11.154
24 Oct 2020 06:37:47.378,24 Oct 2020 06:37:58.610,11.231
24 Oct 2020 07:10:29.992,24 Oct 2020 07:10:41.094,11.102
24 Oct 2020 08:10:43.723,24 Oct 2020 08:10:54.900,11.177
24 Oct 2020 08:43:29.662,24 Oct 2020 08:43:40.712,11.050
24 Oct 2020 09:43:40.008,24 Oct 2020 09:43:51.132,11.124
24 Oct 2020 10:16:29.222,24 Oct 2020 10:16:40.221,10.999
24 Oct 2020 11:16:36.327,24 Oct 2020 11:16:47.399,11.072
24 Oct 2020 11:49:28.785,24 Oct 2020 11:49:39.734,10.949
24 Oct 2020 12:49:32.658,24 Oct 2020 12:49:43.679,11.020
24 Oct 2020 13:22:28.320,24 Oct 2020 13:22:39.220,10.900
24 Oct 2020 14:22:28.958,24 Oct 2020 14:22:39.927,10.969
24 Oct 2020 14:55:27.783,24 Oct 2020 14:55:38.634,10.851
24 Oct 2020 15:55:25.247,24 Oct 2020 15:55:36.166,10.919
24 Oct 2020 16:28:27.196,24 Oct 2020 16:28:38.000,10.803
24 Oct 2020 17:28:21.528,24 Oct 2020 17:28:32.398,10.870
24 Oct 2020 18:01:26.563,24 Oct 2020 18:01:37.319,10.756
24 Oct 2020 19:01:17.798,24 Oct 2020 19:01:28.619,10.821
24 Oct 2020 19:34:25.879,24 Oct 2020 19:34:36.589,10.709
24 Oct 2020 20:34:14.042,24 Oct 2020 20:34:24.817,10.775
24 Oct 2020 21:07:25.132,24 Oct 2020 21:07:35.796,10.664
24 Oct 2020 22:07:10.291,24 Oct 2020 22:07:21.019,10.727
24 Oct 2020 22:40:24.351,24 Oct 2020 22:40:34.970,10.619
24 Oct 2020 23:40:06.534,24 Oct 2020 23:40:17.213,10.678
25 Oct 2020 00:13:23.524,25 Oct 2020 00:13:34.095,10.571
25 Oct 2020 01:13:02.767,25 Oct 2020 01:13:13.399,10.632
25 Oct 2020 01:46:22.653,25 Oct 2020 01:46:33.179,10.525
25 Oct 2020 02:45:58.991,25 Oct 2020 02:46:09.578,10.587
25 Oct 2020 03:19:21.730,25 Oct 2020 03:19:32.219,10.490
25 Oct 2020 04:18:55.205,25 Oct 2020 04:19:05.747,10.542
25 Oct 2020 04:52:20.767,25 Oct 2020 04:52:31.214,10.447
25 Oct 2020 05:51:51.415,25 Oct 2020 05:52:01.914,10.498
25 Oct 2020 06:25:19.767,25 Oct 2020 06:25:30.168,10.401
25 Oct 2020 07:24:47.617,25 Oct 2020 07:24:58.072,10.455
25 Oct 2020 07:58:18.718,25 Oct 2020 07:58:29.073,10.355
25 Oct 2020 08:57:43.812,25 Oct 2020 08:57:54.224,10.412
25 Oct 2020 09:31:17.607,25 Oct 2020 09:31:27.921,10.314
25 Oct 2020 10:30:39.987,25 Oct 2020 10:30:50.357,10.370
25 Oct 2020 11:04:16.473,25 Oct 2020 11:04:26.747,10.275
25 Oct 2020 12:03:36.169,25 Oct 2020 12:03:46.497,10.329
25 Oct 2020 12:37:15.294,25 Oct 2020 12:37:25.536,10.242
25 Oct 2020 13:36:32.346,25 Oct 2020 13:36:42.633,10.288
25 Oct 2020 14:10:14.079,25 Oct 2020 14:10:24.279,10.200
25 Oct 2020 15:09:28.545,25 Oct 2020 15:09:38.793,10.248
25 Oct 2020 15:43:12.855,25 Oct 2020 15:43:23.013,10.158
25 Oct 2020 16:42:24.710,25 Oct 2020 16:42:34.918,10.208
25 Oct 2020 17:16:11.559,25 Oct 2020 17:16:21.680,10.120
25 Oct 2020 18:15:20.869,25 Oct 2020 18:15:31.038,10.169
25 Oct 2020 18:49:10.222,25 Oct 2020 18:49:20.311,10.089
25 Oct 2020 19:48:17.023,25 Oct 2020 19:48:27.153,10.130
25 Oct 2020 20:22:08.850,25 Oct 2020 20:22:18.898,10.049
25 Oct 2020 21:21:13.148,25 Oct 2020 21:21:23.241,10.092
25 Oct 2020 21:55:07.411,25 Oct 2020 21:55:17.423,10.012
25 Oct 2020 22:54:09.291,25 Oct 2020 22:54:19.346,10.055
25 Oct 2020 23:28:05.964,25 Oct 2020 23:28:15.937,9.973
26 Oct 2020 00:27:05.429,26 Oct 2020 00:27:15.447,10.018
26 Oct 2020 01:01:04.474,26 Oct 2020 01:01:14.415,9.942
26 Oct 2020 02:00:01.563,26 Oct 2020 02:00:11.543,9.979
26 Oct 2020 02:34:02.950,26 Oct 2020 02:34:12.858,9.907
26 Oct 2020 03:32:57.691,26 Oct 2020 03:33:07.637,9.946
26 Oct 2020 04:07:01.391,26 Oct 2020 04:07:11.264,9.873
26 Oct 2020 05:05:53.816,26 Oct 2020 05:06:03.727,9.910
26 Oct 2020 05:39:59.796,26 Oct 2020 05:40:09.635,9.839
26 Oct 2020 06:38:49.939,26 Oct 2020 06:38:59.815,9.876
26 Oct 2020 07:12:58.167,26 Oct 2020 07:13:07.973,9.806
26 Oct 2020 08:11:46.058,26 Oct 2020 08:11:55.900,9.841
26 Oct 2020 08:45:56.487,26 Oct 2020 08:46:06.261,9.774
26 Oct 2020 09:44:42.159,26 Oct 2020 09:44:51.967,9.808
26 Oct 2020 10:18:54.792,26 Oct 2020 10:19:04.534,9.741
26 Oct 2020 11:17:38.273,26 Oct 2020 11:17:48.047,9.775
26 Oct 2020 11:51:53.062,26 Oct 2020 11:52:02.772,9.710
26 Oct 2020 12:50:34.384,26 Oct 2020 12:50:44.126,9.742
26 Oct 2020 13:24:51.299,26 Oct 2020 13:25:00.978,9.679
26 Oct 2020 14:23:30.492,26 Oct 2020 14:23:40.202,9.710
26 Oct 2020 14:57:49.504,26 Oct 2020 14:57:59.151,9.648
26 Oct 2020 15:56:26.598,26 Oct 2020 15:56:36.276,9.678
26 Oct 2020 16:30:47.676,26 Oct 2020 16:30:57.294,9.618
26 Oct 2020 17:29:22.702,26 Oct 2020 17:29:32.349,9.647
26 Oct 2020 18:03:45.818,26 Oct 2020 18:03:55.406,9.588
26 Oct 2020 19:02:18.799,26 Oct 2020 19:02:28.418,9.619
26 Oct 2020 19:36:43.920,26 Oct 2020 19:36:53.478,9.559
26 Oct 2020 20:35:14.899,26 Oct 2020 20:35:24.484,9.585
26 Oct 2020 21:09:41.998,26 Oct 2020 21:09:51.528,9.530
26 Oct 2020 22:08:10.995,26 Oct 2020 22:08:20.551,9.556
26 Oct 2020 22:42:40.045,26 Oct 2020 22:42:49.549,9.504
26 Oct 2020 23:41:07.094,26 Oct 2020 23:41:16.618,9.524
27 Oct 2020 00:15:38.064,27 Oct 2020 00:15:47.539,9.476
27 Oct 2020 01:14:03.186,27 Oct 2020 01:14:12.684,9.498
27 Oct 2020 01:48:36.056,27 Oct 2020 01:48:45.502,9.446
27 Oct 2020 02:46:59.281,27 Oct 2020 02:47:08.750,9.470
27 Oct 2020 03:21:34.016,27 Oct 2020 03:21:43.436,9.420
27 Oct 2020 04:19:55.374,27 Oct 2020 04:20:04.816,9.442
27 Oct 2020 04:54:31.949,27 Oct 2020 04:54:41.343,9.394
27 Oct 2020 05:52:51.468,27 Oct 2020 05:53:00.882,9.414
27 Oct 2020 06:27:29.857,27 Oct 2020 06:27:39.221,9.364
27 Oct 2020 07:25:47.560,27 Oct 2020 07:25:56.947,9.387
27 Oct 2020 08:00:27.735,27 Oct 2020 08:00:37.076,9.340
27 Oct 2020 08:58:43.652,27 Oct 2020 08:58:53.013,9.360
27 Oct 2020 09:33:25.587,27 Oct 2020 09:33:34.902,9.315
27 Oct 2020 10:31:39.709,27 Oct 2020 10:31:49.043,9.334
27 Oct 2020 11:06:23.379,27 Oct 2020 11:06:32.667,9.288
27 Oct 2020 12:04:35.802,27 Oct 2020 12:04:45.110,9.308
27 Oct 2020 12:39:21.175,27 Oct 2020 12:39:30.441,9.266
27 Oct 2020 13:37:31.872,27 Oct 2020 13:37:41.155,9.283
27 Oct 2020 14:12:18.910,27 Oct 2020 14:12:28.149,9.239
27 Oct 2020 15:10:27.962,27 Oct 2020 15:10:37.221,9.258
27 Oct 2020 15:45:16.655,27 Oct 2020 15:45:25.871,9.216
27 Oct 2020 16:43:24.054,27 Oct 2020 16:43:33.287,9.234
27 Oct 2020 17:18:14.373,27 Oct 2020 17:18:23.570,9.197
27 Oct 2020 18:16:20.146,27 Oct 2020 18:16:29.355,9.209
27 Oct 2020 18:51:12.072,27 Oct 2020 18:51:21.241,9.170
27 Oct 2020 19:49:16.275,27 Oct 2020 19:49:25.461,9.185
27 Oct 2020 20:24:09.778,27 Oct 2020 20:24:18.928,9.150
27 Oct 2020 21:22:12.370,27 Oct 2020 21:22:21.532,9.162
27 Oct 2020 21:57:07.425,27 Oct 2020 21:57:16.551,9.127
27 Oct 2020 22:55:08.465,27 Oct 2020 22:55:17.604,9.139
27 Oct 2020 23:30:05.050,27 Oct 2020 23:30:14.156,9.106
28 Oct 2020 00:28:04.562,28 Oct 2020 00:28:13.679,9.116
28 Oct 2020 01:03:02.653,28 Oct 2020 01:03:11.733,9.080
28 Oct 2020 02:01:00.665,28 Oct 2020 02:01:09.759,9.094
28 Oct 2020 02:36:00.235,28 Oct 2020 02:36:09.297,9.062
28 Oct 2020 03:33:56.766,28 Oct 2020 03:34:05.838,9.072
28 Oct 2020 04:08:57.790,28 Oct 2020 04:09:06.830,9.041
28 Oct 2020 05:06:52.859,28 Oct 2020 05:07:01.910,9.051
28 Oct 2020 05:41:55.318,28 Oct 2020 05:42:04.339,9.021
28 Oct 2020 06:39:48.963,28 Oct 2020 06:39:57.993,9.030
28 Oct 2020 07:14:52.831,28 Oct 2020 07:15:01.829,8.998
28 Oct 2020 08:12:45.070,28 Oct 2020 08:12:54.079,9.009
28 Oct 2020 08:47:50.319,28 Oct 2020 08:47:59.301,8.981
28 Oct 2020 09:45:41.178,28 Oct 2020 09:45:50.167,8.989
28 Oct 2020 10:20:47.790,28 Oct 2020 10:20:56.752,8.962
28 Oct 2020 11:18:37.290,28 Oct 2020 11:18:46.259,8.969
28 Oct 2020 11:53:45.240,28 Oct 2020 11:53:54.183,8.943
28 Oct 2020 12:51:33.404,28 Oct 2020 12:51:42.353,8.949
28 Oct 2020 13:26:42.636,28 Oct 2020 13:26:51.560,8.924
28 Oct 2020 14:24:29.491,28 Oct 2020 14:24:38.421,8.930
28 Oct 2020 14:59:40.044,28 Oct 2020 14:59:48.950,8.906
28 Oct 2020 15:57:25.610,28 Oct 2020 15:57:34.520,8.911
28 Oct 2020 16:32:37.433,28 Oct 2020 16:32:46.321,8.888
28 Oct 2020 17:30:21.714,28 Oct 2020 17:30:30.606,8.892
28 Oct 2020 18:05:34.784,28 Oct 2020 18:05:43.654,8.870
28 Oct 2020 19:03:17.837,28 Oct 2020 19:03:26.711,8.874
28 Oct 2020 19:38:32.134,28 Oct 2020 19:38:40.987,8.853
28 Oct 2020 20:36:13.963,28 Oct 2020 20:36:22.819,8.856
28 Oct 2020 21:11:29.464,28 Oct 2020 21:11:38.300,8.836
28 Oct 2020 22:09:10.094,28 Oct 2020 22:09:18.932,8.838
28 Oct 2020 22:44:26.777,28 Oct 2020 22:44:35.596,8.820
28 Oct 2020 23:42:06.228,28 Oct 2020 23:42:15.049,8.821
29 Oct 2020 00:17:24.071,29 Oct 2020 00:17:32.875,8.803
29 Oct 2020 01:15:02.366,29 Oct 2020 01:15:11.170,8.804
29 Oct 2020 01:50:21.349,29 Oct 2020 01:50:30.136,8.787
29 Oct 2020 02:47:58.508,29 Oct 2020 02:48:07.296,8.787
29 Oct 2020 03:23:18.609,29 Oct 2020 03:23:27.381,8.772
29 Oct 2020 04:20:54.655,29 Oct 2020 04:21:03.426,8.771
29 Oct 2020 04:56:15.852,29 Oct 2020 04:56:24.608,8.757
29 Oct 2020 05:53:50.771,29 Oct 2020 05:53:59.526,8.755
29 Oct 2020 06:29:13.041,29 Oct 2020 06:29:21.783,8.741
29 Oct 2020 07:26:46.925,29 Oct 2020 07:26:55.665,8.739
29 Oct 2020 08:02:10.250,29 Oct 2020 08:02:18.977,8.727
29 Oct 2020 08:59:43.084,29 Oct 2020 08:59:51.808,8.724
29 Oct 2020 09:35:07.443,29 Oct 2020 09:35:16.155,8.712
29 Oct 2020 10:32:39.249,29 Oct 2020 10:32:47.958,8.709
29 Oct 2020 11:08:04.621,29 Oct 2020 11:08:13.319,8.698
29 Oct 2020 12:05:35.417,29 Oct 2020 12:05:44.111,8.694
29 Oct 2020 12:41:01.782,29 Oct 2020 12:41:10.467,8.685
29 Oct 2020 13:38:31.593,29 Oct 2020 13:38:40.270,8.678
29 Oct 2020 14:13:58.929,29 Oct 2020 14:14:07.600,8.671
29 Oct 2020 15:11:27.769,29 Oct 2020 15:11:36.437,8.668
29 Oct 2020 15:46:56.060,29 Oct 2020 15:47:04.718,8.658
29 Oct 2020 16:44:23.955,29 Oct 2020 16:44:32.604,8.649
29 Oct 2020 17:19:53.176,29 Oct 2020 17:20:01.821,8.645
29 Oct 2020 18:17:20.141,29 Oct 2020 18:17:28.785,8.643
29 Oct 2020 18:52:50.279,29 Oct 2020 18:52:58.911,8.632
29 Oct 2020 19:50:16.386,29 Oct 2020 19:50:25.011,8.625
29 Oct 2020 20:25:47.398,29 Oct 2020 20:25:56.018,8.620
29 Oct 2020 21:23:12.586,29 Oct 2020 21:23:21.198,8.612
29 Oct 2020 21:58:44.472,29 Oct 2020 21:58:53.080,8.608
29 Oct 2020 22:56:08.787,29 Oct 2020 22:56:17.386,8.599
29 Oct 2020 23:31:41.533,29 Oct 2020 23:31:50.129,8.596
30 Oct 2020 00:29:04.996,30 Oct 2020 00:29:13.583,8.587
30 Oct 2020 01:04:38.579,30 Oct 2020 01:04:47.164,8.585
30 Oct 2020 02:02:01.216,30 Oct 2020 02:02:09.791,8.575
30 Oct 2020 02:37:35.615,30 Oct 2020 02:37:44.189,8.574
30 Oct 2020 03:34:57.442,30 Oct 2020 03:35:06.005,8.563
30 Oct 2020 04:10:32.639,30 Oct 2020 04:10:41.201,8.563
30 Oct 2020 05:07:53.675,30 Oct 2020 05:08:02.226,8.552
30 Oct 2020 05:43:29.695,30 Oct 2020 05:43:38.247,8.552
30 Oct 2020 06:40:49.964,30 Oct 2020 06:40:58.505,8.541
30 Oct 2020 07:16:26.696,30 Oct 2020 07:16:35.238,8.542
30 Oct 2020 08:13:46.213,30 Oct 2020 08:13:54.742,8.530
30 Oct 2020 08:49:23.685,30 Oct 2020 08:49:32.217,8.532
30 Oct 2020 09:46:42.468,30 Oct 2020 09:46:50.987,8.519
30 Oct 2020 10:22:20.663,30 Oct 2020 10:22:29.185,8.522
30 Oct 2020 11:19:38.730,30 Oct 2020 11:19:47.239,8.509
30 Oct 2020 11:55:17.630,30 Oct 2020 11:55:26.142,8.512
30 Oct 2020 12:52:35.000,30 Oct 2020 12:52:43.498,8.498
30 Oct 2020 13:28:14.585,30 Oct 2020 13:28:23.091,8.506
30 Oct 2020 14:25:31.277,30 Oct 2020 14:25:39.765,8.489
30 Oct 2020 15:01:11.531,30 Oct 2020 15:01:20.027,8.496
30 Oct 2020 15:58:27.561,30 Oct 2020 15:58:36.040,8.479
30 Oct 2020 16:34:08.464,30 Oct 2020 16:34:16.950,8.486
30 Oct 2020 17:31:23.853,30 Oct 2020 17:31:32.322,8.470
30 Oct 2020 18:07:05.391,30 Oct 2020 18:07:13.868,8.477
30 Oct 2020 19:04:20.493,30 Oct 2020 19:04:28.953,8.461
30 Oct 2020 19:40:02.611,30 Oct 2020 19:40:11.079,8.468
30 Oct 2020 20:37:16.828,30 Oct 2020 20:37:25.280,8.452
30 Oct 2020 21:12:59.543,30 Oct 2020 21:13:08.008,8.466
30 Oct 2020 22:10:13.172,30 Oct 2020 22:10:21.615,8.443
30 Oct 2020 22:45:56.466,30 Oct 2020 22:46:04.919,8.453
30 Oct 2020 23:43:09.526,30 Oct 2020 23:43:17.961,8.435
31 Oct 2020 00:18:53.386,31 Oct 2020 00:19:01.827,8.440
31 Oct 2020 01:16:05.889,31 Oct 2020 01:16:14.315,8.427
31 Oct 2020 01:51:50.039,31 Oct 2020 01:51:58.473,8.433
31 Oct 2020 02:49:01.964,31 Oct 2020 02:49:10.383,8.419
31 Oct 2020 03:24:46.966,31 Oct 2020 03:24:55.402,8.436
31 Oct 2020 04:21:58.404,31 Oct 2020 04:22:06.816,8.412
31 Oct 2020 04:57:43.844,31 Oct 2020 04:57:52.269,8.424
31 Oct 2020 05:54:54.776,31 Oct 2020 05:55:03.181,8.404
31 Oct 2020 06:30:40.709,31 Oct 2020 06:30:49.122,8.413
31 Oct 2020 07:27:51.157,31 Oct 2020 07:27:59.555,8.397
31 Oct 2020 08:03:37.454,31 Oct 2020 08:03:45.871,8.417
31 Oct 2020 09:00:47.432,31 Oct 2020 09:00:55.822,8.390
31 Oct 2020 09:36:34.296,31 Oct 2020 09:36:42.707,8.411
31 Oct 2020 10:33:43.828,31 Oct 2020 10:33:52.207,8.379
31 Oct 2020 11:09:31.130,31 Oct 2020 11:09:39.530,8.400
31 Oct 2020 12:06:40.224,31 Oct 2020 12:06:48.602,8.378
31 Oct 2020 12:42:27.957,31 Oct 2020 12:42:36.357,8.400
31 Oct 2020 13:39:36.557,31 Oct 2020 13:39:44.929,8.372
31 Oct 2020 14:15:24.721,31 Oct 2020 14:15:33.105,8.385
31 Oct 2020 15:12:32.970,31 Oct 2020 15:12:41.336,8.366
31 Oct 2020 15:48:21.527,31 Oct 2020 15:48:29.912,8.385
31 Oct 2020 16:45:29.392,31 Oct 2020 16:45:37.753,8.361
31 Oct 2020 17:21:18.322,31 Oct 2020 17:21:26.702,8.380
31 Oct 2020 18:18:25.821,31 Oct 2020 18:18:34.176,8.355
31 Oct 2020 18:54:15.120,31 Oct 2020 18:54:23.495,8.375
31 Oct 2020 19:51:22.263,31 Oct 2020 19:51:30.613,8.350
31 Oct 2020 20:27:11.901,31 Oct 2020 20:27:20.278,8.376
31 Oct 2020 21:24:18.719,31 Oct 2020 21:24:27.064,8.345
31 Oct 2020 22:00:08.682,31 Oct 2020 22:00:17.054,8.372
31 Oct 2020 22:57:15.181,31 Oct 2020 22:57:23.519,8.338
31 Oct 2020 23:33:05.457,31 Oct 2020 23:33:13.821,8.363
1 Nov 2020 00:30:11.652,1 Nov 2020 00:30:19.988,8.336
1 Nov 2020 01:06:02.227,1 Nov 2020 01:06:10.587,8.360
1 Nov 2020 02:03:08.137,1 Nov 2020 02:03:16.470,8.332
1 Nov 2020 02:38:58.991,1 Nov 2020 02:39:07.348,8.356
1 Nov 2020 03:36:04.631,1 Nov 2020 03:36:12.959,8.328
1 Nov 2020 04:11:55.750,1 Nov 2020 04:12:04.103,8.353
1 Nov 2020 05:09:01.135,1 Nov 2020 05:09:09.458,8.322
1 Nov 2020 05:44:52.504,1 Nov 2020 05:45:00.859,8.355
1 Nov 2020 06:41:57.648,1 Nov 2020 06:42:05.974,8.326
1 Nov 2020 07:17:49.253,1 Nov 2020 07:17:57.600,8.348
1 Nov 2020 08:14:54.174,1 Nov 2020 08:15:02.492,8.318
1 Nov 2020 08:50:46.002,1 Nov 2020 08:50:54.343,8.340
1 Nov 2020 09:47:50.629,1 Nov 2020 09:47:58.946,8.317
1 Nov 2020 10:23:42.658,1 Nov 2020 10:23:50.996,8.338
1 Nov 2020 11:20:47.173,1 Nov 2020 11:20:55.489,8.316
1 Nov 2020 11:56:39.391,1 Nov 2020 11:56:47.732,8.341
1 Nov 2020 12:53:43.729,1 Nov 2020 12:53:52.042,8.313
1 Nov 2020 13:29:36.114,1 Nov 2020 13:29:44.453,8.339
1 Nov 2020 14:26:40.275,1 Nov 2020 14:26:48.579,8.304
1 Nov 2020 15:02:32.812,1 Nov 2020 15:02:41.150,8.337
1 Nov 2020 15:59:36.852,1 Nov 2020 15:59:45.157,8.305
1 Nov 2020 16:35:29.527,1 Nov 2020 16:35:37.863,8.336
1 Nov 2020 17:32:33.449,1 Nov 2020 17:32:41.753,8.303
1 Nov 2020 18:08:26.231,1 Nov 2020 18:08:34.565,8.335
1 Nov 2020 19:05:30.050,1 Nov 2020 19:05:38.352,8.301
1 Nov 2020 19:41:22.943,1 Nov 2020 19:41:31.273,8.330
1 Nov 2020 20:38:26.663,1 Nov 2020 20:38:34.959,8.296
1 Nov 2020 21:14:19.653,1 Nov 2020 21:14:27.986,8.333
1 Nov 2020 22:11:23.287,1 Nov 2020 22:11:31.582,8.295
1 Nov 2020 22:47:16.357,1 Nov 2020 22:47:24.692,8.336
1 Nov 2020 23:44:19.920,1 Nov 2020 23:44:28.221,8.302
2 Nov 2020 00:20:13.065,2 Nov 2020 00:20:21.397,8.332
2 Nov 2020 01:17:16.572,2 Nov 2020 01:17:24.869,8.297
2 Nov 2020 01:53:09.767,2 Nov 2020 01:53:18.099,8.332
2 Nov 2020 02:50:13.234,2 Nov 2020 02:50:21.530,8.296
2 Nov 2020 03:26:06.468,2 Nov 2020 03:26:14.802,8.335
2 Nov 2020 04:23:09.903,2 Nov 2020 04:23:18.203,8.300
2 Nov 2020 04:59:03.169,2 Nov 2020 04:59:11.502,8.333
2 Nov 2020 05:56:06.590,2 Nov 2020 05:56:14.886,8.296
2 Nov 2020 06:31:59.826,2 Nov 2020 06:32:08.160,8.333
2 Nov 2020 07:29:03.254,2 Nov 2020 07:29:11.550,8.296
2 Nov 2020 08:04:56.519,2 Nov 2020 08:05:04.851,8.332
2 Nov 2020 09:01:59.959,2 Nov 2020 09:02:08.260,8.300
2 Nov 2020 09:37:53.208,2 Nov 2020 09:38:01.546,8.338
2 Nov 2020 10:34:56.671,2 Nov 2020 10:35:04.963,8.292
2 Nov 2020 11:10:49.899,2 Nov 2020 11:10:58.236,8.337
2 Nov 2020 12:07:53.403,2 Nov 2020 12:08:01.696,8.293
2 Nov 2020 12:43:46.586,2 Nov 2020 12:43:54.920,8.334
2 Nov 2020 13:40:50.145,2 Nov 2020 13:40:58.447,8.303
2 Nov 2020 14:16:43.271,2 Nov 2020 14:16:51.607,8.336
2 Nov 2020 15:13:46.905,2 Nov 2020 15:13:55.204,8.299
2 Nov 2020 15:49:39.954,2 Nov 2020 15:49:48.299,8.345
2 Nov 2020 16:46:43.698,2 Nov 2020 16:46:52.003,8.305
2 Nov 2020 17:22:36.636,2 Nov 2020 17:22:44.976,8.339
2 Nov 2020 18:19:40.488,2 Nov 2020 18:19:48.790,8.302
2 Nov 2020 18:55:33.320,2 Nov 2020 18:55:41.662,8.342
2 Nov 2020 19:52:37.288,2 Nov 2020 19:52:45.591,8.303
2 Nov 2020 20:28:30.005,2 Nov 2020 20:28:38.349,8.344
2 Nov 2020 21:25:34.096,2 Nov 2020 21:25:42.407,8.310
2 Nov 2020 22:01:26.686,2 Nov 2020 22:01:35.039,8.353
2 Nov 2020 22:58:30.924,2 Nov 2020 22:58:39.235,8.311
2 Nov 2020 23:34:23.402,2 Nov 2020 23:34:31.755,8.353
3 Nov 2020 00:31:27.773,3 Nov 2020 00:31:36.083,8.310
3 Nov 2020 01:07:20.082,3 Nov 2020 01:07:28.441,8.360
3 Nov 2020 02:04:24.628,3 Nov 2020 02:04:32.940,8.312
3 Nov 2020 02:40:16.774,3 Nov 2020 02:40:25.130,8.356
3 Nov 2020 03:37:21.504,3 Nov 2020 03:37:29.815,8.311
3 Nov 2020 04:13:13.461,3 Nov 2020 04:13:21.824,8.363
3 Nov 2020 05:10:18.391,3 Nov 2020 05:10:26.705,8.314
3 Nov 2020 05:46:10.152,3 Nov 2020 05:46:18.522,8.371
3 Nov 2020 06:43:15.263,3 Nov 2020 06:43:23.580,8.317
3 Nov 2020 07:19:06.791,3 Nov 2020 07:19:15.166,8.375
3 Nov 2020 08:16:12.176,3 Nov 2020 08:16:20.500,8.324
3 Nov 2020 08:52:03.482,3 Nov 2020 08:52:11.861,8.379
3 Nov 2020 09:49:09.104,3 Nov 2020 09:49:17.432,8.327
3 Nov 2020 10:25:00.174,3 Nov 2020 10:25:08.558,8.384
3 Nov 2020 11:22:06.047,3 Nov 2020 11:22:14.378,8.331
3 Nov 2020 11:57:56.874,3 Nov 2020 11:58:05.257,8.383
3 Nov 2020 12:55:03.039,3 Nov 2020 12:55:11.374,8.335
3 Nov 2020 13:30:53.630,3 Nov 2020 13:31:02.013,8.383
3 Nov 2020 14:28:00.017,3 Nov 2020 14:28:08.356,8.339
3 Nov 2020 15:03:50.325,3 Nov 2020 15:03:58.718,8.393
3 Nov 2020 16:00:57.014,3 Nov 2020 16:01:05.353,8.339
3 Nov 2020 16:36:47.031,3 Nov 2020 16:36:55.428,8.398
3 Nov 2020 17:33:54.017,3 Nov 2020 17:34:02.369,8.352
3 Nov 2020 18:09:43.739,3 Nov 2020 18:09:52.142,8.403
3 Nov 2020 19:06:51.043,3 Nov 2020 19:06:59.396,8.353
3 Nov 2020 19:42:40.451,3 Nov 2020 19:42:48.859,8.408
3 Nov 2020 20:39:48.081,3 Nov 2020 20:39:56.442,8.362
3 Nov 2020 21:15:37.166,3 Nov 2020 21:15:45.580,8.414
3 Nov 2020 22:12:45.136,3 Nov 2020 22:12:53.501,8.365
3 Nov 2020 22:48:33.879,3 Nov 2020 22:48:42.298,8.419
3 Nov 2020 23:45:42.204,3 Nov 2020 23:45:50.569,8.365
4 Nov 2020 00:21:30.610,4 Nov 2020 00:21:39.035,8.425
4 Nov 2020 01:18:39.304,4 Nov 2020 01:18:47.673,8.369
4 Nov 2020 01:54:27.337,4 Nov 2020 01:54:35.768,8.431
4 Nov 2020 02:51:36.405,4 Nov 2020 02:51:44.788,8.383
4 Nov 2020 03:27:24.068,4 Nov 2020 03:27:32.505,8.438
4 Nov 2020 04:24:33.531,4 Nov 2020 04:24:41.910,8.379
4 Nov 2020 05:00:20.793,4 Nov 2020 05:00:29.237,8.443
4 Nov 2020 05:57:30.651,4 Nov 2020 05:57:39.046,8.395
4 Nov 2020 06:33:17.532,4 Nov 2020 06:33:25.983,8.451
4 Nov 2020 07:30:27.805,4 Nov 2020 07:30:36.201,8.396
4 Nov 2020 08:06:14.276,4 Nov 2020 08:06:22.733,8.457
4 Nov 2020 09:03:24.976,4 Nov 2020 09:03:33.379,8.402
4 Nov 2020 09:39:11.025,4 Nov 2020 09:39:19.489,8.464
4 Nov 2020 10:36:22.189,4 Nov 2020 10:36:30.602,8.413
4 Nov 2020 11:12:07.787,4 Nov 2020 11:12:16.258,8.471
4 Nov 2020 12:09:19.395,4 Nov 2020 12:09:27.810,8.415
4 Nov 2020 12:45:04.548,4 Nov 2020 12:45:13.026,8.479
4 Nov 2020 13:42:16.618,4 Nov 2020 13:42:25.040,8.422
4 Nov 2020 14:18:01.314,4 Nov 2020 14:18:09.800,8.486
4 Nov 2020 15:15:13.861,4 Nov 2020 15:15:22.290,8.429
4 Nov 2020 15:50:58.086,4 Nov 2020 15:51:06.580,8.494
4 Nov 2020 16:48:11.116,4 Nov 2020 16:48:19.552,8.436
4 Nov 2020 17:23:54.860,4 Nov 2020 17:24:03.365,8.505
4 Nov 2020 18:21:08.392,4 Nov 2020 18:21:16.835,8.443
4 Nov 2020 18:56:51.646,4 Nov 2020 18:57:00.156,8.510
4 Nov 2020 19:54:05.685,4 Nov 2020 19:54:14.136,8.451
4 Nov 2020 20:29:48.433,4 Nov 2020 20:29:56.951,8.518
4 Nov 2020 21:27:02.996,4 Nov 2020 21:27:11.455,8.459
4 Nov 2020 22:02:45.230,4 Nov 2020 22:02:53.754,8.524
4 Nov 2020 23:00:00.324,4 Nov 2020 23:00:08.790,8.466
4 Nov 2020 23:35:42.031,4 Nov 2020 23:35:50.566,8.535
5 Nov 2020 00:32:57.671,5 Nov 2020 00:33:06.146,8.474
5 Nov 2020 01:08:38.864,5 Nov 2020 01:08:47.408,8.543
5 Nov 2020 02:05:55.063,5 Nov 2020 02:06:03.545,8.483
5 Nov 2020 02:41:35.688,5 Nov 2020 02:41:44.240,8.552
5 Nov 2020 03:38:52.447,5 Nov 2020 03:39:00.938,8.491
5 Nov 2020 04:14:32.513,5 Nov 2020 04:14:41.075,8.561
5 Nov 2020 05:11:49.850,5 Nov 2020 05:11:58.350,8.499
5 Nov 2020 05:47:29.342,5 Nov 2020 05:47:37.912,8.571
5 Nov 2020 06:44:47.311,5 Nov 2020 06:44:55.819,8.508
5 Nov 2020 07:20:26.230,5 Nov 2020 07:20:34.810,8.580
5 Nov 2020 08:17:44.754,5 Nov 2020 08:17:53.271,8.517
5 Nov 2020 08:53:23.082,5 Nov 2020 08:53:31.672,8.590
5 Nov 2020 09:50:42.215,5 Nov 2020 09:50:50.741,8.526
5 Nov 2020 10:26:19.942,5 Nov 2020 10:26:28.542,8.599
5 Nov 2020 11:23:39.696,5 Nov 2020 11:23:48.231,8.535
5 Nov 2020 11:59:16.811,5 Nov 2020 11:59:25.420,8.609
5 Nov 2020 12:56:37.196,5 Nov 2020 12:56:45.740,8.545
5 Nov 2020 13:32:13.688,5 Nov 2020 13:32:22.308,8.619
5 Nov 2020 14:29:34.714,5 Nov 2020 14:29:43.269,8.554
5 Nov 2020 15:05:10.574,5 Nov 2020 15:05:19.204,8.629
5 Nov 2020 16:02:32.313,5 Nov 2020 16:02:40.876,8.564
5 Nov 2020 16:38:07.522,5 Nov 2020 16:38:16.161,8.640
5 Nov 2020 17:35:29.872,5 Nov 2020 17:35:38.445,8.573
5 Nov 2020 18:11:04.428,5 Nov 2020 18:11:13.078,8.650
5 Nov 2020 19:08:27.450,5 Nov 2020 19:08:36.034,8.583
5 Nov 2020 19:44:01.344,5 Nov 2020 19:44:10.005,8.661
5 Nov 2020 20:41:25.049,5 Nov 2020 20:41:33.642,8.594
5 Nov 2020 21:16:58.270,5 Nov 2020 21:17:06.941,8.672
5 Nov 2020 22:14:22.666,5 Nov 2020 22:14:31.270,8.604
5 Nov 2020 22:49:55.282,5 Nov 2020 22:50:03.964,8.682
5 Nov 2020 23:47:20.398,5 Nov 2020 23:47:29.011,8.614
6 Nov 2020 00:22:52.238,6 Nov 2020 00:23:00.931,8.693
6 Nov 2020 01:20:18.065,6 Nov 2020 01:20:26.690,8.625
6 Nov 2020 01:55:49.204,6 Nov 2020 01:55:57.909,8.705
6 Nov 2020 02:53:15.709,6 Nov 2020 02:53:24.344,8.635
6 Nov 2020 03:28:46.136,6 Nov 2020 03:28:54.852,8.716
6 Nov 2020 04:26:13.410,6 Nov 2020 04:26:22.056,8.646
6 Nov 2020 05:01:43.118,6 Nov 2020 05:01:51.845,8.728
6 Nov 2020 05:59:11.135,6 Nov 2020 05:59:19.791,8.657
6 Nov 2020 06:34:40.217,6 Nov 2020 06:34:48.956,8.739
6 Nov 2020 07:32:08.992,6 Nov 2020 07:32:17.658,8.666
6 Nov 2020 08:07:37.225,6 Nov 2020 08:07:45.976,8.751
6 Nov 2020 09:05:06.759,6 Nov 2020 09:05:15.436,8.677
6 Nov 2020 09:40:34.246,6 Nov 2020 09:40:43.009,8.763
6 Nov 2020 10:38:04.544,6 Nov 2020 10:38:13.240,8.696
6 Nov 2020 11:13:31.278,6 Nov 2020 11:13:40.053,8.775
6 Nov 2020 12:11:02.357,6 Nov 2020 12:11:11.055,8.698
6 Nov 2020 12:46:28.324,6 Nov 2020 12:46:37.111,8.787
6 Nov 2020 13:44:00.221,6 Nov 2020 13:44:08.936,8.715
6 Nov 2020 14:19:25.428,6 Nov 2020 14:19:34.228,8.800
6 Nov 2020 15:16:58.073,6 Nov 2020 15:17:06.800,8.726
6 Nov 2020 15:52:22.500,6 Nov 2020 15:52:31.312,8.812
6 Nov 2020 16:49:55.946,6 Nov 2020 16:50:04.685,8.738
6 Nov 2020 17:25:19.084,6 Nov 2020 17:25:27.908,8.824
6 Nov 2020 18:22:53.197,6 Nov 2020 18:23:01.945,8.748
6 Nov 2020 18:58:16.029,6 Nov 2020 18:58:24.866,8.836
6 Nov 2020 19:55:50.933,6 Nov 2020 19:55:59.694,8.761
6 Nov 2020 20:31:12.966,6 Nov 2020 20:31:21.815,8.849
6 Nov 2020 21:28:48.668,6 Nov 2020 21:28:57.441,8.773
6 Nov 2020 22:04:10.934,6 Nov 2020 22:04:19.797,8.863
6 Nov 2020 23:01:47.678,6 Nov 2020 23:01:56.466,8.788
6 Nov 2020 23:37:08.073,6 Nov 2020 23:37:16.950,8.876
7 Nov 2020 00:34:45.660,7 Nov 2020 00:34:54.460,8.800
7 Nov 2020 01:10:05.223,7 Nov 2020 01:10:14.113,8.890
7 Nov 2020 02:07:43.662,7 Nov 2020 02:07:52.475,8.813
7 Nov 2020 02:43:02.391,7 Nov 2020 02:43:11.294,8.903
7 Nov 2020 03:40:41.686,7 Nov 2020 03:40:50.512,8.826
7 Nov 2020 04:15:59.573,7 Nov 2020 04:16:08.489,8.916
7 Nov 2020 05:13:39.733,7 Nov 2020 05:13:48.572,8.839
7 Nov 2020 05:48:56.770,7 Nov 2020 05:49:05.700,8.930
7 Nov 2020 06:46:37.801,7 Nov 2020 06:46:46.653,8.852
7 Nov 2020 07:21:53.978,7 Nov 2020 07:22:02.922,8.944
7 Nov 2020 08:19:35.890,7 Nov 2020 08:19:44.756,8.866
7 Nov 2020 08:54:51.206,7 Nov 2020 08:55:00.161,8.955
7 Nov 2020 09:52:34.001,7 Nov 2020 09:52:42.880,8.879
7 Nov 2020 10:27:48.447,7 Nov 2020 10:27:57.416,8.969
7 Nov 2020 11:25:32.133,7 Nov 2020 11:25:41.025,8.892
7 Nov 2020 12:00:45.700,7 Nov 2020 12:00:54.685,8.985
7 Nov 2020 12:58:30.286,7 Nov 2020 12:58:39.192,8.906
7 Nov 2020 13:33:42.971,7 Nov 2020 13:33:51.970,8.999
7 Nov 2020 14:31:28.514,7 Nov 2020 14:31:37.434,8.920
7 Nov 2020 15:06:40.318,7 Nov 2020 15:06:49.332,9.014
7 Nov 2020 16:04:26.716,7 Nov 2020 16:04:35.650,8.934
7 Nov 2020 16:39:37.624,7 Nov 2020 16:39:46.652,9.028
7 Nov 2020 17:37:24.938,7 Nov 2020 17:37:33.886,8.948
7 Nov 2020 18:12:34.946,7 Nov 2020 18:12:43.989,9.042
7 Nov 2020 19:10:23.182,7 Nov 2020 19:10:32.144,8.962
7 Nov 2020 19:45:32.285,7 Nov 2020 19:45:41.341,9.057
7 Nov 2020 20:43:21.448,7 Nov 2020 20:43:30.424,8.976
7 Nov 2020 21:18:29.639,7 Nov 2020 21:18:38.710,9.071
7 Nov 2020 22:16:19.735,7 Nov 2020 22:16:28.725,8.990
7 Nov 2020 22:51:27.020,7 Nov 2020 22:51:36.106,9.086
7 Nov 2020 23:49:18.056,7 Nov 2020 23:49:27.060,9.004
8 Nov 2020 00:24:24.409,8 Nov 2020 00:24:33.510,9.101
8 Nov 2020 01:22:16.388,8 Nov 2020 01:22:25.407,9.019
8 Nov 2020 01:57:21.815,8 Nov 2020 01:57:30.931,9.116
8 Nov 2020 02:55:14.742,8 Nov 2020 02:55:23.775,9.033
8 Nov 2020 03:30:19.238,8 Nov 2020 03:30:28.369,9.131
8 Nov 2020 04:28:13.117,8 Nov 2020 04:28:22.165,9.048
8 Nov 2020 05:03:16.679,8 Nov 2020 05:03:25.825,9.146
8 Nov 2020 06:01:11.514,8 Nov 2020 06:01:20.577,9.062
8 Nov 2020 06:36:14.137,8 Nov 2020 06:36:23.298,9.161
8 Nov 2020 07:34:09.933,8 Nov 2020 07:34:19.010,9.077
8 Nov 2020 08:09:11.613,8 Nov 2020 08:09:20.791,9.178
8 Nov 2020 09:07:08.373,8 Nov 2020 09:07:17.465,9.092
8 Nov 2020 09:42:09.109,8 Nov 2020 09:42:18.299,9.191
8 Nov 2020 10:40:06.835,8 Nov 2020 10:40:15.942,9.107
8 Nov 2020 11:15:06.620,8 Nov 2020 11:15:15.826,9.206
8 Nov 2020 12:13:05.319,8 Nov 2020 12:13:14.444,9.125
8 Nov 2020 12:48:04.150,8 Nov 2020 12:48:13.371,9.221
8 Nov 2020 13:46:03.827,8 Nov 2020 13:46:12.963,9.137
8 Nov 2020 14:21:01.698,8 Nov 2020 14:21:10.935,9.237
8 Nov 2020 15:19:02.353,8 Nov 2020 15:19:11.505,9.152
8 Nov 2020 15:53:59.265,8 Nov 2020 15:54:08.517,9.252
8 Nov 2020 16:52:00.898,8 Nov 2020 16:52:10.068,9.170
8 Nov 2020 17:26:56.850,8 Nov 2020 17:27:06.118,9.267
8 Nov 2020 18:24:59.467,8 Nov 2020 18:25:08.649,9.182
8 Nov 2020 18:59:54.455,8 Nov 2020 19:00:03.738,9.283
8 Nov 2020 19:57:58.057,8 Nov 2020 19:58:07.255,9.198
8 Nov 2020 20:32:52.078,8 Nov 2020 20:33:01.377,9.298
8 Nov 2020 21:30:56.668,8 Nov 2020 21:31:05.881,9.213
8 Nov 2020 22:05:49.722,8 Nov 2020 22:05:59.033,9.310
8 Nov 2020 23:03:55.301,8 Nov 2020 23:04:04.529,9.228
8 Nov 2020 23:38:47.383,8 Nov 2020 23:38:56.714,9.330
9 Nov 2020 00:36:53.954,9 Nov 2020 00:37:03.198,9.244
9 Nov 2020 01:11:45.065,9 Nov 2020 01:11:54.408,9.343
9 Nov 2020 02:09:52.629,9 Nov 2020 02:10:01.888,9.259
9 Nov 2020 02:44:42.766,9 Nov 2020 02:44:52.127,9.361
9 Nov 2020 03:42:51.324,9 Nov 2020 03:43:00.599,9.275
9 Nov 2020 04:17:40.487,9 Nov 2020 04:17:49.863,9.376
9 Nov 2020 05:15:50.039,9 Nov 2020 05:15:59.330,9.290
9 Nov 2020 05:50:38.225,9 Nov 2020 05:50:47.618,9.392
9 Nov 2020 06:48:48.776,9 Nov 2020 06:48:58.082,9.306
9 Nov 2020 07:23:35.986,9 Nov 2020 07:23:45.397,9.410
9 Nov 2020 08:21:47.533,9 Nov 2020 08:21:56.854,9.322
9 Nov 2020 08:56:33.768,9 Nov 2020 08:56:43.191,9.424
9 Nov 2020 09:54:46.310,9 Nov 2020 09:54:55.647,9.337
9 Nov 2020 10:29:31.569,9 Nov 2020 10:29:41.009,9.439
9 Nov 2020 11:27:45.107,9 Nov 2020 11:27:54.460,9.353
9 Nov 2020 12:02:29.392,9 Nov 2020 12:02:38.849,9.457
9 Nov 2020 13:00:43.924,9 Nov 2020 13:00:53.293,9.368
9 Nov 2020 13:35:27.235,9 Nov 2020 13:35:36.706,9.471
9 Nov 2020 14:33:42.761,9 Nov 2020 14:33:52.145,9.384
9 Nov 2020 15:08:25.099,9 Nov 2020 15:08:34.588,9.488
9 Nov 2020 16:06:41.618,9 Nov 2020 16:06:51.018,9.400
9 Nov 2020 16:41:22.986,9 Nov 2020 16:41:32.484,9.498
9 Nov 2020 17:39:40.495,9 Nov 2020 17:39:49.910,9.415
9 Nov 2020 18:14:20.891,9 Nov 2020 18:14:30.405,9.514
9 Nov 2020 19:12:39.391,9 Nov 2020 19:12:48.822,9.431
9 Nov 2020 19:47:18.815,9 Nov 2020 19:47:28.350,9.535
9 Nov 2020 20:45:38.306,9 Nov 2020 20:45:47.753,9.447
9 Nov 2020 21:20:16.763,9 Nov 2020 21:20:26.311,9.548
9 Nov 2020 22:18:37.240,9 Nov 2020 22:18:46.703,9.462
9 Nov 2020 22:53:14.732,9 Nov 2020 22:53:24.296,9.564
9 Nov 2020 23:51:36.194,9 Nov 2020 23:51:45.672,9.478
10 Nov 2020 00:26:12.723,10 Nov 2020 00:26:22.302,9.579
10 Nov 2020 01:24:35.165,10 Nov 2020 01:24:44.659,9.494
10 Nov 2020 01:59:10.735,10 Nov 2020 01:59:20.330,9.595
10 Nov 2020 02:57:34.156,10 Nov 2020 02:57:43.665,9.509
10 Nov 2020 03:32:08.769,10 Nov 2020 03:32:18.379,9.610
10 Nov 2020 04:30:33.165,10 Nov 2020 04:30:42.689,9.525
10 Nov 2020 05:05:06.825,10 Nov 2020 05:05:16.450,9.625
10 Nov 2020 06:03:32.191,10 Nov 2020 06:03:41.732,9.540
10 Nov 2020 06:38:04.902,10 Nov 2020 06:38:14.543,9.641
10 Nov 2020 07:36:31.236,10 Nov 2020 07:36:40.792,9.556
10 Nov 2020 08:11:03.002,10 Nov 2020 08:11:12.657,9.656
10 Nov 2020 09:09:30.298,10 Nov 2020 09:09:39.869,9.571
10 Nov 2020 09:44:01.123,10 Nov 2020 09:44:10.796,9.673
10 Nov 2020 10:42:29.378,10 Nov 2020 10:42:38.964,9.587
10 Nov 2020 11:16:59.268,10 Nov 2020 11:17:08.954,9.686
10 Nov 2020 12:15:28.474,10 Nov 2020 12:15:38.077,9.602
10 Nov 2020 12:49:57.434,10 Nov 2020 12:50:07.135,9.701
10 Nov 2020 13:48:27.588,10 Nov 2020 13:48:37.206,9.617
10 Nov 2020 14:22:54.818,10 Nov 2020 14:23:04.532,9.715
10 Nov 2020 15:21:25.866,10 Nov 2020 15:21:35.497,9.631
10 Nov 2020 15:55:53.007,10 Nov 2020 15:56:02.736,9.730
10 Nov 2020 16:54:24.992,10 Nov 2020 16:54:34.638,9.646
10 Nov 2020 17:28:51.218,10 Nov 2020 17:29:00.962,9.744
10 Nov 2020 18:27:24.136,10 Nov 2020 18:27:33.797,9.661
10 Nov 2020 19:01:49.451,10 Nov 2020 19:01:59.211,9.760
10 Nov 2020 20:00:23.291,10 Nov 2020 20:00:32.970,9.680
10 Nov 2020 20:34:47.704,10 Nov 2020 20:34:57.477,9.773
10 Nov 2020 21:33:22.463,10 Nov 2020 21:33:32.154,9.691
10 Nov 2020 22:07:45.983,10 Nov 2020 22:07:55.769,9.786
10 Nov 2020 23:06:21.650,10 Nov 2020 23:06:31.357,9.706
10 Nov 2020 23:40:44.292,10 Nov 2020 23:40:54.094,9.802
11 Nov 2020 00:39:20.868,11 Nov 2020 00:39:30.589,9.721
11 Nov 2020 01:13:42.614,11 Nov 2020 01:13:52.428,9.814
11 Nov 2020 02:12:20.085,11 Nov 2020 02:12:29.821,9.736
11 Nov 2020 02:46:40.958,11 Nov 2020 02:46:50.786,9.828
11 Nov 2020 03:45:19.317,11 Nov 2020 03:45:29.067,9.750
11 Nov 2020 04:19:39.324,11 Nov 2020 04:19:49.169,9.844
11 Nov 2020 05:18:18.562,11 Nov 2020 05:18:28.327,9.765
11 Nov 2020 05:52:37.713,11 Nov 2020 05:52:47.568,9.855
11 Nov 2020 06:51:17.821,11 Nov 2020 06:51:27.600,9.779
11 Nov 2020 07:25:36.120,11 Nov 2020 07:25:45.992,9.872
11 Nov 2020 08:24:17.092,11 Nov 2020 08:24:26.886,9.793
11 Nov 2020 08:58:34.556,11 Nov 2020 08:58:44.438,9.882
11 Nov 2020 09:57:16.377,11 Nov 2020 09:57:26.184,9.807
11 Nov 2020 10:31:33.004,11 Nov 2020 10:31:42.899,9.895
11 Nov 2020 11:30:15.668,11 Nov 2020 11:30:25.489,9.821
11 Nov 2020 12:04:31.478,11 Nov 2020 12:04:41.393,9.915
11 Nov 2020 13:03:14.978,11 Nov 2020 13:03:24.813,9.835
11 Nov 2020 13:37:29.981,11 Nov 2020 13:37:39.902,9.921
11 Nov 2020 14:36:14.299,11 Nov 2020 14:36:24.148,9.849
11 Nov 2020 15:10:28.499,11 Nov 2020 15:10:38.439,9.940
11 Nov 2020 16:09:13.633,11 Nov 2020 16:09:23.497,9.865
11 Nov 2020 16:43:27.042,11 Nov 2020 16:43:36.995,9.953
11 Nov 2020 17:42:12.979,11 Nov 2020 17:42:22.855,9.876
11 Nov 2020 18:16:25.606,11 Nov 2020 18:16:35.572,9.965
11 Nov 2020 19:15:12.334,11 Nov 2020 19:15:22.223,9.889
11 Nov 2020 19:49:24.193,11 Nov 2020 19:49:34.170,9.978
11 Nov 2020 20:48:11.698,11 Nov 2020 20:48:21.601,9.902
11 Nov 2020 21:22:22.804,11 Nov 2020 21:22:32.790,9.987
11 Nov 2020 22:21:11.073,11 Nov 2020 22:21:20.988,9.915
11 Nov 2020 22:55:21.434,11 Nov 2020 22:55:31.429,9.995
11 Nov 2020 23:54:10.457,11 Nov 2020 23:54:20.385,9.928
12 Nov 2020 00:28:20.081,12 Nov 2020 00:28:30.094,10.013
12 Nov 2020 01:27:09.851,12 Nov 2020 01:27:19.791,9.940
12 Nov 2020 02:01:18.756,12 Nov 2020 02:01:28.778,10.022
12 Nov 2020 03:00:09.253,12 Nov 2020 03:00:19.205,9.953
12 Nov 2020 03:34:17.450,12 Nov 2020 03:34:27.480,10.030
12 Nov 2020 04:33:08.663,12 Nov 2020 04:33:18.628,9.965
12 Nov 2020 05:07:16.162,12 Nov 2020 05:07:26.206,10.044
12 Nov 2020 06:06:08.021,12 Nov 2020 06:06:17.998,9.977
12 Nov 2020 06:40:14.841,12 Nov 2020 06:40:24.896,10.055
12 Nov 2020 07:39:07.443,12 Nov 2020 07:39:17.432,9.989
12 Nov 2020 08:13:13.594,12 Nov 2020 08:13:23.660,10.066
12 Nov 2020 09:12:06.872,12 Nov 2020 09:12:16.872,10.000
12 Nov 2020 09:46:12.368,12 Nov 2020 09:46:22.444,10.076
12 Nov 2020 10:45:06.307,12 Nov 2020 10:45:16.319,10.012
12 Nov 2020 11:19:11.162,12 Nov 2020 11:19:21.248,10.086
12 Nov 2020 12:18:05.749,12 Nov 2020 12:18:15.772,10.023
12 Nov 2020 12:52:09.976,12 Nov 2020 12:52:20.075,10.098
12 Nov 2020 13:51:04.972,12 Nov 2020 13:51:15.010,10.038
12 Nov 2020 14:25:08.682,12 Nov 2020 14:25:18.792,10.110
12 Nov 2020 15:24:04.419,12 Nov 2020 15:24:14.468,10.048
12 Nov 2020 15:58:07.531,12 Nov 2020 15:58:17.651,10.120
12 Nov 2020 16:57:03.871,12 Nov 2020 16:57:13.930,10.059
12 Nov 2020 17:31:06.400,12 Nov 2020 17:31:16.529,10.129
12 Nov 2020 18:30:03.327,12 Nov 2020 18:30:13.396,10.069
12 Nov 2020 19:04:05.288,12 Nov 2020 19:04:15.426,10.138
12 Nov 2020 20:03:02.786,12 Nov 2020 20:03:12.865,10.079
12 Nov 2020 20:37:04.195,12 Nov 2020 20:37:14.341,10.147
12 Nov 2020 21:36:02.248,12 Nov 2020 21:36:12.338,10.090
12 Nov 2020 22:10:03.121,12 Nov 2020 22:10:13.276,10.155
12 Nov 2020 23:09:01.713,12 Nov 2020 23:09:11.815,10.102
12 Nov 2020 23:43:02.066,12 Nov 2020 23:43:12.229,10.163
13 Nov 2020 00:42:01.180,13 Nov 2020 00:42:11.288,10.108
13 Nov 2020 01:16:01.026,13 Nov 2020 01:16:11.199,10.173
13 Nov 2020 02:15:00.649,13 Nov 2020 02:15:10.766,10.117
13 Nov 2020 02:49:00.007,13 Nov 2020 02:49:10.185,10.178
13 Nov 2020 03:48:00.118,13 Nov 2020 03:48:10.245,10.126
13 Nov 2020 04:21:59.009,13 Nov 2020 04:22:09.194,10.186
13 Nov 2020 05:20:59.589,13 Nov 2020 05:21:09.724,10.135
13 Nov 2020 05:54:58.022,13 Nov 2020 05:55:08.218,10.195
13 Nov 2020 06:53:59.060,13 Nov 2020 06:54:09.203,10.143
13 Nov 2020 07:27:57.059,13 Nov 2020 07:28:07.258,10.199
13 Nov 2020 08:26:58.530,13 Nov 2020 08:27:08.682,10.151
13 Nov 2020 09:00:56.107,13 Nov 2020 09:01:06.313,10.206
13 Nov 2020 09:59:58.000,13 Nov 2020 10:00:08.159,10.159
13 Nov 2020 10:33:55.178,13 Nov 2020 10:34:05.390,10.212
13 Nov 2020 11:32:57.468,13 Nov 2020 11:33:07.635,10.167
13 Nov 2020 12:06:54.262,13 Nov 2020 12:07:04.480,10.217
13 Nov 2020 13:05:56.935,13 Nov 2020 13:06:07.109,10.174
13 Nov 2020 13:39:53.363,13 Nov 2020 13:40:03.583,10.220
13 Nov 2020 14:38:56.400,13 Nov 2020 14:39:06.583,10.183
13 Nov 2020 15:12:52.479,13 Nov 2020 15:13:02.704,10.225
13 Nov 2020 16:11:55.864,13 Nov 2020 16:12:06.051,10.187
13 Nov 2020 16:45:51.608,13 Nov 2020 16:46:01.844,10.237
13 Nov 2020 17:44:55.323,13 Nov 2020 17:45:05.516,10.194
13 Nov 2020 18:18:50.754,13 Nov 2020 18:19:00.992,10.238
13 Nov 2020 19:18:16.251,13 Nov 2020 19:18:26.448,10.197
13 Nov 2020 19:52:10.844,13 Nov 2020 19:52:21.087,10.243
13 Nov 2020 20:51:17.161,13 Nov 2020 20:51:27.364,10.203
13 Nov 2020 21:25:11.480,13 Nov 2020 21:25:21.723,10.243
13 Nov 2020 22:24:18.073,13 Nov 2020 22:24:28.282,10.209
13 Nov 2020 22:58:12.131,13 Nov 2020 22:58:22.381,10.250
13 Nov 2020 23:57:18.987,13 Nov 2020 23:57:29.201,10.214
14 Nov 2020 00:31:12.809,14 Nov 2020 00:31:23.062,10.253
14 Nov 2020 01:30:19.903,14 Nov 2020 01:30:30.121,10.219
14 Nov 2020 02:04:13.500,14 Nov 2020 02:04:23.757,10.256
14 Nov 2020 03:03:20.819,14 Nov 2020 03:03:31.042,10.223
14 Nov 2020 03:37:14.217,14 Nov 2020 03:37:24.474,10.257
14 Nov 2020 04:36:21.735,14 Nov 2020 04:36:31.962,10.227
14 Nov 2020 05:10:14.952,14 Nov 2020 05:10:25.210,10.258
14 Nov 2020 06:09:22.650,14 Nov 2020 06:09:32.882,10.231
14 Nov 2020 06:43:15.701,14 Nov 2020 06:43:25.965,10.264
14 Nov 2020 07:42:23.566,14 Nov 2020 07:42:33.801,10.235
14 Nov 2020 08:16:16.473,14 Nov 2020 08:16:26.738,10.266
14 Nov 2020 09:15:24.479,14 Nov 2020 09:15:34.718,10.238
14 Nov 2020 09:49:17.263,14 Nov 2020 09:49:27.530,10.267
14 Nov 2020 10:48:25.392,14 Nov 2020 10:48:35.633,10.241
14 Nov 2020 11:22:18.070,14 Nov 2020 11:22:28.339,10.268
14 Nov 2020 12:21:26.302,14 Nov 2020 12:21:36.543,10.242
14 Nov 2020 12:55:18.898,14 Nov 2020 12:55:29.167,10.269
14 Nov 2020 13:54:27.207,14 Nov 2020 13:54:37.453,10.246
14 Nov 2020 14:28:19.740,14 Nov 2020 14:28:30.009,10.269
14 Nov 2020 15:27:27.328,14 Nov 2020 15:27:37.578,10.250
14 Nov 2020 16:01:19.842,14 Nov 2020 16:01:30.112,10.269
14 Nov 2020 17:00:28.120,14 Nov 2020 17:00:38.372,10.251
14 Nov 2020 17:34:20.611,14 Nov 2020 17:34:30.881,10.269
14 Nov 2020 18:33:28.906,14 Nov 2020 18:33:39.159,10.252
14 Nov 2020 19:07:21.388,14 Nov 2020 19:07:31.657,10.268
14 Nov 2020 20:06:29.678,14 Nov 2020 20:06:39.930,10.252
14 Nov 2020 20:40:22.179,14 Nov 2020 20:40:32.447,10.268
14 Nov 2020 21:39:30.437,14 Nov 2020 21:39:40.696,10.258
14 Nov 2020 22:13:22.699,14 Nov 2020 22:13:32.964,10.264
14 Nov 2020 23:12:30.844,14 Nov 2020 23:12:41.099,10.255
14 Nov 2020 23:46:23.465,14 Nov 2020 23:46:33.727,10.263
15 Nov 2020 00:45:31.538,15 Nov 2020 00:45:41.793,10.255
15 Nov 2020 01:19:24.410,15 Nov 2020 01:19:34.674,10.264
15 Nov 2020 02:18:32.457,15 Nov 2020 02:18:42.713,10.256
15 Nov 2020 02:52:25.245,15 Nov 2020 02:52:35.504,10.259
15 Nov 2020 03:51:33.190,15 Nov 2020 03:51:43.446,10.255
15 Nov 2020 04:25:26.091,15 Nov 2020 04:25:36.348,10.256
15 Nov 2020 05:24:33.915,15 Nov 2020 05:24:44.169,10.254
15 Nov 2020 05:58:26.946,15 Nov 2020 05:58:37.202,10.257
15 Nov 2020 06:57:34.631,15 Nov 2020 06:57:44.884,10.253
15 Nov 2020 07:31:27.813,15 Nov 2020 07:31:38.067,10.253
15 Nov 2020 08:30:35.337,15 Nov 2020 08:30:45.589,10.252
15 Nov 2020 09:04:28.694,15 Nov 2020 09:04:38.944,10.250
15 Nov 2020 10:03:36.033,15 Nov 2020 10:03:46.285,10.252
15 Nov 2020 10:37:29.582,15 Nov 2020 10:37:39.828,10.246
15 Nov 2020 11:36:36.722,15 Nov 2020 11:36:46.969,10.247
15 Nov 2020 12:10:30.474,15 Nov 2020 12:10:40.720,10.245
15 Nov 2020 13:09:37.397,15 Nov 2020 13:09:47.642,10.245
15 Nov 2020 13:43:31.010,15 Nov 2020 13:43:41.246,10.236
15 Nov 2020 14:42:37.627,15 Nov 2020 14:42:47.867,10.241
15 Nov 2020 15:16:31.857,15 Nov 2020 15:16:42.088,10.231
15 Nov 2020 16:15:38.204,15 Nov 2020 16:15:48.441,10.238
15 Nov 2020 16:49:32.703,15 Nov 2020 16:49:42.926,10.222
15 Nov 2020 17:48:38.764,15 Nov 2020 17:48:48.998,10.234
15 Nov 2020 18:22:33.548,15 Nov 2020 18:22:43.771,10.224
15 Nov 2020 19:21:39.307,15 Nov 2020 19:21:49.537,10.230
15 Nov 2020 19:55:34.397,15 Nov 2020 19:55:44.615,10.218
15 Nov 2020 20:54:39.833,15 Nov 2020 20:54:50.059,10.226
15 Nov 2020 21:28:35.241,15 Nov 2020 21:28:45.450,10.209
15 Nov 2020 22:27:40.331,15 Nov 2020 22:27:50.553,10.222
15 Nov 2020 23:01:36.092,15 Nov 2020 23:01:46.298,10.205
16 Nov 2020 00:00:40.821,16 Nov 2020 00:00:51.038,10.217
16 Nov 2020 00:34:36.946,16 Nov 2020 00:34:47.142,10.196
16 Nov 2020 01:33:41.293,16 Nov 2020 01:33:51.505,10.212
16 Nov 2020 02:07:37.798,16 Nov 2020 02:07:47.988,10.190
16 Nov 2020 03:06:41.745,16 Nov 2020 03:06:51.952,10.207
16 Nov 2020 03:40:38.646,16 Nov 2020 03:40:48.828,10.182
16 Nov 2020 04:39:42.179,16 Nov 2020 04:39:52.380,10.201
16 Nov 2020 05:13:39.495,16 Nov 2020 05:13:49.669,10.174
16 Nov 2020 06:12:42.593,16 Nov 2020 06:12:52.788,10.195
16 Nov 2020 06:46:40.342,16 Nov 2020 06:46:50.509,10.167
16 Nov 2020 07:45:42.987,16 Nov 2020 07:45:53.176,10.189
16 Nov 2020 08:19:41.187,16 Nov 2020 08:19:51.346,10.159
16 Nov 2020 09:18:43.362,16 Nov 2020 09:18:53.544,10.182
16 Nov 2020 09:52:42.029,16 Nov 2020 09:52:52.182,10.153
16 Nov 2020 10:51:43.714,16 Nov 2020 10:51:53.889,10.176
16 Nov 2020 11:25:42.811,16 Nov 2020 11:25:52.953,10.142
16 Nov 2020 12:24:43.988,16 Nov 2020 12:24:54.157,10.168
16 Nov 2020 12:58:43.643,16 Nov 2020 12:58:53.776,10.133
16 Nov 2020 13:57:44.298,16 Nov 2020 13:57:54.459,10.161
16 Nov 2020 14:31:44.471,16 Nov 2020 14:31:54.595,10.124
16 Nov 2020 15:30:44.587,16 Nov 2020 15:30:54.740,10.153
16 Nov 2020 16:04:45.294,16 Nov 2020 16:04:55.408,10.114
16 Nov 2020 17:03:44.854,16 Nov 2020 17:03:55.003,10.148
16 Nov 2020 17:37:46.112,16 Nov 2020 17:37:56.216,10.104
16 Nov 2020 18:36:45.107,16 Nov 2020 18:36:55.244,10.137
16 Nov 2020 19:10:46.928,16 Nov 2020 19:10:57.021,10.093
16 Nov 2020 20:09:45.329,16 Nov 2020 20:09:55.458,10.129
16 Nov 2020 20:43:47.734,16 Nov 2020 20:43:57.819,10.085
16 Nov 2020 21:42:45.531,16 Nov 2020 21:42:55.652,10.120
16 Nov 2020 22:16:48.533,16 Nov 2020 22:16:58.605,10.071
16 Nov 2020 23:15:45.711,16 Nov 2020 23:15:55.823,10.111
16 Nov 2020 23:49:49.322,16 Nov 2020 23:49:59.386,10.064
17 Nov 2020 00:48:45.869,17 Nov 2020 00:48:55.971,10.102
17 Nov 2020 01:22:50.110,17 Nov 2020 01:23:00.163,10.053
17 Nov 2020 02:21:46.004,17 Nov 2020 02:21:56.096,10.092
17 Nov 2020 02:55:50.886,17 Nov 2020 02:56:00.928,10.042
17 Nov 2020 03:54:46.115,17 Nov 2020 03:54:56.198,10.083
17 Nov 2020 04:28:51.632,17 Nov 2020 04:29:01.663,10.031
17 Nov 2020 05:27:46.174,17 Nov 2020 05:27:56.247,10.073
17 Nov 2020 06:01:52.389,17 Nov 2020 06:02:02.409,10.019
17 Nov 2020 07:00:46.238,17 Nov 2020 07:00:56.301,10.063
17 Nov 2020 07:34:53.115,17 Nov 2020 07:35:03.120,10.004
17 Nov 2020 08:33:46.255,17 Nov 2020 08:33:56.308,10.052
17 Nov 2020 09:07:53.846,17 Nov 2020 09:08:03.838,9.992
17 Nov 2020 10:06:46.265,17 Nov 2020 10:06:56.306,10.042
17 Nov 2020 10:40:54.568,17 Nov 2020 10:41:04.555,9.987
17 Nov 2020 11:39:46.256,17 Nov 2020 11:39:56.287,10.031
17 Nov 2020 12:13:55.286,17 Nov 2020 12:14:05.257,9.971
17 Nov 2020 13:12:46.223,17 Nov 2020 13:12:56.243,10.020
17 Nov 2020 13:46:55.989,17 Nov 2020 13:47:05.948,9.959
17 Nov 2020 14:45:46.167,17 Nov 2020 14:45:56.177,10.011
17 Nov 2020 15:19:56.677,17 Nov 2020 15:20:06.623,9.946
17 Nov 2020 16:18:46.088,17 Nov 2020 16:18:56.085,9.997
17 Nov 2020 16:52:57.356,17 Nov 2020 16:53:07.293,9.936
17 Nov 2020 17:51:45.983,17 Nov 2020 17:51:55.968,9.985
17 Nov 2020 18:25:58.026,17 Nov 2020 18:26:07.943,9.917
17 Nov 2020 19:24:45.853,17 Nov 2020 19:24:55.826,9.973
17 Nov 2020 19:58:58.676,17 Nov 2020 19:59:08.587,9.911
17 Nov 2020 20:57:45.698,17 Nov 2020 20:57:55.659,9.961
17 Nov 2020 21:31:59.319,17 Nov 2020 21:32:09.211,9.892
17 Nov 2020 22:30:45.519,17 Nov 2020 22:30:55.468,9.949
17 Nov 2020 23:04:59.616,17 Nov 2020 23:05:09.496,9.880
18 Nov 2020 00:03:44.945,18 Nov 2020 00:03:54.883,9.938
18 Nov 2020 00:38:00.229,18 Nov 2020 00:38:10.100,9.870
18 Nov 2020 01:36:44.720,18 Nov 2020 01:36:54.646,9.925
18 Nov 2020 02:11:00.900,18 Nov 2020 02:11:10.754,9.854
18 Nov 2020 03:09:44.572,18 Nov 2020 03:09:54.483,9.912
18 Nov 2020 03:44:01.480,18 Nov 2020 03:44:11.320,9.840
18 Nov 2020 04:42:44.293,18 Nov 2020 04:42:54.191,9.899
18 Nov 2020 05:17:02.086,18 Nov 2020 05:17:11.911,9.825
18 Nov 2020 06:15:44.015,18 Nov 2020 06:15:53.900,9.885
18 Nov 2020 06:50:02.621,18 Nov 2020 06:50:12.432,9.811
18 Nov 2020 07:48:43.685,18 Nov 2020 07:48:53.557,9.872
18 Nov 2020 08:23:03.155,18 Nov 2020 08:23:12.951,9.797
18 Nov 2020 09:21:43.318,18 Nov 2020 09:21:53.176,9.858
18 Nov 2020 09:56:03.665,18 Nov 2020 09:56:13.450,9.785
18 Nov 2020 10:54:42.930,18 Nov 2020 10:54:52.775,9.845
18 Nov 2020 11:29:04.155,18 Nov 2020 11:29:13.923,9.768
18 Nov 2020 12:27:42.512,18 Nov 2020 12:27:52.343,9.831
18 Nov 2020 13:02:04.625,18 Nov 2020 13:02:14.378,9.753
18 Nov 2020 14:00:42.068,18 Nov 2020 14:00:51.885,9.817
18 Nov 2020 14:35:05.077,18 Nov 2020 14:35:14.815,9.738
18 Nov 2020 15:33:41.598,18 Nov 2020 15:33:51.401,9.803
18 Nov 2020 16:08:05.511,18 Nov 2020 16:08:15.234,9.723
18 Nov 2020 17:06:41.103,18 Nov 2020 17:06:50.892,9.789
18 Nov 2020 17:41:05.926,18 Nov 2020 17:41:15.633,9.707
18 Nov 2020 18:39:40.582,18 Nov 2020 18:39:50.359,9.778
18 Nov 2020 19:14:06.408,18 Nov 2020 19:14:16.100,9.693
18 Nov 2020 20:12:40.124,18 Nov 2020 20:12:49.889,9.765
18 Nov 2020 20:47:06.818,18 Nov 2020 20:47:16.496,9.678
18 Nov 2020 21:45:39.589,18 Nov 2020 21:45:49.335,9.746
18 Nov 2020 22:20:07.182,18 Nov 2020 22:20:16.845,9.663
18 Nov 2020 23:18:38.999,18 Nov 2020 23:18:48.731,9.732
18 Nov 2020 23:53:07.527,18 Nov 2020 23:53:17.177,9.650
19 Nov 2020 00:51:38.384,19 Nov 2020 00:51:48.101,9.717
19 Nov 2020 01:26:07.855,19 Nov 2020 01:26:17.485,9.630
19 Nov 2020 02:24:37.743,19 Nov 2020 02:24:47.446,9.703
19 Nov 2020 02:59:08.489,19 Nov 2020 02:59:18.103,9.614
19 Nov 2020 03:57:37.427,19 Nov 2020 03:57:47.114,9.688
19 Nov 2020 04:32:08.764,19 Nov 2020 04:32:18.369,9.604
19 Nov 2020 05:30:36.727,19 Nov 2020 05:30:46.400,9.673
19 Nov 2020 06:05:09.046,19 Nov 2020 06:05:18.630,9.583
19 Nov 2020 07:03:36.025,19 Nov 2020 07:03:45.684,9.658
19 Nov 2020 07:38:10.273,19 Nov 2020 07:38:19.843,9.569
19 Nov 2020 08:36:36.403,19 Nov 2020 08:36:46.048,9.645
19 Nov 2020 09:11:10.629,19 Nov 2020 09:11:20.189,9.560
19 Nov 2020 10:09:35.773,19 Nov 2020 10:09:45.402,9.629
19 Nov 2020 10:44:10.970,19 Nov 2020 10:44:20.511,9.541
19 Nov 2020 11:42:35.117,19 Nov 2020 11:42:44.731,9.614
19 Nov 2020 12:17:11.285,19 Nov 2020 12:17:20.811,9.525
19 Nov 2020 13:15:34.435,19 Nov 2020 13:15:44.035,9.599
19 Nov 2020 13:50:11.576,19 Nov 2020 13:50:21.088,9.513
19 Nov 2020 14:48:33.729,19 Nov 2020 14:48:43.313,9.584
19 Nov 2020 15:23:11.847,19 Nov 2020 15:23:21.341,9.494
19 Nov 2020 16:21:32.998,19 Nov 2020 16:21:42.566,9.569
19 Nov 2020 16:56:12.095,19 Nov 2020 16:56:21.576,9.481
19 Nov 2020 17:54:32.241,19 Nov 2020 17:54:41.795,9.553
19 Nov 2020 18:29:12.324,19 Nov 2020 18:29:21.786,9.462
19 Nov 2020 19:27:31.460,19 Nov 2020 19:27:40.998,9.538
19 Nov 2020 20:02:12.524,19 Nov 2020 20:02:21.971,9.447
19 Nov 2020 21:00:30.654,19 Nov 2020 21:00:40.177,9.523
19 Nov 2020 21:35:12.525,19 Nov 2020 21:35:21.954,9.428
19 Nov 2020 22:33:29.592,19 Nov 2020 22:33:39.099,9.507
19 Nov 2020 23:08:12.737,19 Nov 2020 23:08:22.152,9.415
20 Nov 2020 00:06:28.789,20 Nov 2020 00:06:38.281,9.492
20 Nov 2020 00:41:12.857,20 Nov 2020 00:41:22.251,9.394
20 Nov 2020 01:39:27.954,20 Nov 2020 01:39:37.429,9.475
20 Nov 2020 02:14:12.952,20 Nov 2020 02:14:22.334,9.382
20 Nov 2020 03:12:27.042,20 Nov 2020 03:12:36.501,9.460
20 Nov 2020 03:47:13.028,20 Nov 2020 03:47:22.395,9.367
20 Nov 2020 04:45:26.243,20 Nov 2020 04:45:35.688,9.445
20 Nov 2020 05:20:13.247,20 Nov 2020 05:20:22.599,9.352
20 Nov 2020 06:18:25.310,20 Nov 2020 06:18:34.740,9.430
20 Nov 2020 06:53:13.303,20 Nov 2020 06:53:22.640,9.337
20 Nov 2020 07:51:24.355,20 Nov 2020 07:51:33.770,9.415
20 Nov 2020 08:26:13.337,20 Nov 2020 08:26:22.658,9.321
20 Nov 2020 09:24:23.378,20 Nov 2020 09:24:32.777,9.399
20 Nov 2020 09:59:13.226,20 Nov 2020 09:59:22.530,9.304
20 Nov 2020 10:57:22.292,20 Nov 2020 10:57:31.675,9.383
20 Nov 2020 11:32:13.205,20 Nov 2020 11:32:22.493,9.288
20 Nov 2020 12:30:21.263,20 Nov 2020 12:30:30.631,9.368
20 Nov 2020 13:05:13.162,20 Nov 2020 13:05:22.437,9.275
20 Nov 2020 14:03:20.215,20 Nov 2020 14:03:29.567,9.352
20 Nov 2020 14:38:13.100,20 Nov 2020 14:38:22.357,9.257
20 Nov 2020 15:36:19.145,20 Nov 2020 15:36:28.482,9.337
20 Nov 2020 16:11:13.014,20 Nov 2020 16:11:22.255,9.242
20 Nov 2020 17:09:18.140,20 Nov 2020 17:09:27.462,9.322
20 Nov 2020 17:44:12.988,20 Nov 2020 17:44:22.215,9.226
20 Nov 2020 18:42:17.038,20 Nov 2020 18:42:26.345,9.307
20 Nov 2020 19:17:12.865,20 Nov 2020 19:17:22.076,9.211
20 Nov 2020 20:15:15.917,20 Nov 2020 20:15:25.211,9.294
20 Nov 2020 20:50:12.720,20 Nov 2020 20:50:21.916,9.196
20 Nov 2020 21:48:14.776,20 Nov 2020 21:48:24.054,9.278
20 Nov 2020 22:23:12.514,20 Nov 2020 22:23:21.695,9.181
20 Nov 2020 23:21:13.571,20 Nov 2020 23:21:22.835,9.264
20 Nov 2020 23:56:12.324,20 Nov 2020 23:56:21.490,9.165
21 Nov 2020 00:54:12.394,21 Nov 2020 00:54:21.640,9.246
21 Nov 2020 01:29:12.124,21 Nov 2020 01:29:21.274,9.150
21 Nov 2020 02:27:11.206,21 Nov 2020 02:27:20.437,9.231
21 Nov 2020 03:02:11.890,21 Nov 2020 03:02:21.026,9.136
21 Nov 2020 04:00:09.989,21 Nov 2020 04:00:19.204,9.216
21 Nov 2020 04:35:11.633,21 Nov 2020 04:35:20.753,9.120
21 Nov 2020 05:33:08.753,21 Nov 2020 05:33:17.954,9.201
21 Nov 2020 06:08:11.358,21 Nov 2020 06:08:20.459,9.102
21 Nov 2020 07:06:07.498,21 Nov 2020 07:06:16.684,9.186
21 Nov 2020 07:41:10.596,21 Nov 2020 07:41:19.687,9.091
21 Nov 2020 08:39:05.720,21 Nov 2020 08:39:14.891,9.171
21 Nov 2020 09:14:10.190,21 Nov 2020 09:14:19.265,9.075
21 Nov 2020 10:12:04.336,21 Nov 2020 10:12:13.492,9.156
21 Nov 2020 10:47:09.808,21 Nov 2020 10:47:18.869,9.061
21 Nov 2020 11:45:02.987,21 Nov 2020 11:45:12.129,9.142
21 Nov 2020 12:20:09.399,21 Nov 2020 12:20:18.447,9.048
21 Nov 2020 13:18:01.620,21 Nov 2020 13:18:10.747,9.127
21 Nov 2020 13:53:08.968,21 Nov 2020 13:53:17.999,9.031
21 Nov 2020 14:50:59.784,21 Nov 2020 14:51:08.897,9.112
21 Nov 2020 15:26:08.086,21 Nov 2020 15:26:17.104,9.018
21 Nov 2020 16:23:58.389,21 Nov 2020 16:24:07.487,9.098
21 Nov 2020 16:59:07.617,21 Nov 2020 16:59:16.620,9.004
21 Nov 2020 17:56:56.920,21 Nov 2020 17:57:06.003,9.083
21 Nov 2020 18:32:07.069,21 Nov 2020 18:32:16.059,8.989
21 Nov 2020 19:29:55.430,21 Nov 2020 19:30:04.500,9.069
21 Nov 2020 20:05:06.496,21 Nov 2020 20:05:15.472,8.976
21 Nov 2020 21:02:53.921,21 Nov 2020 21:03:02.976,9.055
21 Nov 2020 21:38:05.897,21 Nov 2020 21:38:14.856,8.959
21 Nov 2020 22:35:52.391,21 Nov 2020 22:36:01.432,9.041
21 Nov 2020 23:11:05.312,21 Nov 2020 23:11:14.260,8.947
22 Nov 2020 00:08:50.891,22 Nov 2020 00:08:59.918,9.027
22 Nov 2020 00:44:04.665,22 Nov 2020 00:44:13.596,8.931
22 Nov 2020 01:41:49.326,22 Nov 2020 01:41:58.338,9.013
22 Nov 2020 02:17:03.989,22 Nov 2020 02:17:12.909,8.920
22 Nov 2020 03:14:47.741,22 Nov 2020 03:14:56.740,8.999
22 Nov 2020 03:50:03.323,22 Nov 2020 03:50:12.229,8.906
22 Nov 2020 04:47:46.175,22 Nov 2020 04:47:55.160,8.985
22 Nov 2020 05:23:02.600,22 Nov 2020 05:23:11.492,8.893
22 Nov 2020 06:20:44.559,22 Nov 2020 06:20:53.530,8.971
22 Nov 2020 06:56:01.854,22 Nov 2020 06:56:10.733,8.879
22 Nov 2020 07:53:42.919,22 Nov 2020 07:53:51.877,8.958
22 Nov 2020 08:29:01.068,22 Nov 2020 08:29:09.934,8.866
22 Nov 2020 09:26:41.247,22 Nov 2020 09:26:50.192,8.944
22 Nov 2020 10:02:00.267,22 Nov 2020 10:02:09.120,8.853
22 Nov 2020 10:59:39.570,22 Nov 2020 10:59:48.501,8.931
22 Nov 2020 11:34:59.440,22 Nov 2020 11:35:08.280,8.840
22 Nov 2020 12:32:37.874,22 Nov 2020 12:32:46.792,8.918
22 Nov 2020 13:07:58.588,22 Nov 2020 13:08:07.415,8.827
22 Nov 2020 14:05:36.161,22 Nov 2020 14:05:45.066,8.905
22 Nov 2020 14:40:57.732,22 Nov 2020 14:41:06.546,8.814
22 Nov 2020 15:38:34.465,22 Nov 2020 15:38:43.356,8.892
22 Nov 2020 16:13:56.834,22 Nov 2020 16:14:05.636,8.801
22 Nov 2020 17:11:32.715,22 Nov 2020 17:11:41.594,8.879
22 Nov 2020 17:46:55.905,22 Nov 2020 17:47:04.694,8.789
22 Nov 2020 18:44:30.949,22 Nov 2020 18:44:39.815,8.866
22 Nov 2020 19:19:54.950,22 Nov 2020 19:20:03.727,8.777
22 Nov 2020 20:17:29.165,22 Nov 2020 20:17:38.018,8.854
22 Nov 2020 20:52:53.970,22 Nov 2020 20:53:02.734,8.764
22 Nov 2020 21:50:27.340,22 Nov 2020 21:50:36.181,8.841
22 Nov 2020 22:25:52.935,22 Nov 2020 22:26:01.688,8.752
22 Nov 2020 23:23:25.521,22 Nov 2020 23:23:34.350,8.829
22 Nov 2020 23:58:51.903,22 Nov 2020 23:59:00.643,8.740
23 Nov 2020 00:56:23.706,23 Nov 2020 00:56:32.523,8.817
23 Nov 2020 01:31:50.871,23 Nov 2020 01:31:59.600,8.729
23 Nov 2020 02:29:21.854,23 Nov 2020 02:29:30.662,8.808
23 Nov 2020 03:04:49.789,23 Nov 2020 03:04:58.506,8.717
23 Nov 2020 04:02:19.987,23 Nov 2020 04:02:28.782,8.795
23 Nov 2020 04:37:48.682,23 Nov 2020 04:37:57.387,8.706
23 Nov 2020 05:35:18.102,23 Nov 2020 05:35:26.886,8.784
23 Nov 2020 06:10:47.506,23 Nov 2020 06:10:56.198,8.692
23 Nov 2020 07:08:16.162,23 Nov 2020 07:08:24.932,8.770
23 Nov 2020 07:43:46.348,23 Nov 2020 07:43:55.031,8.683
23 Nov 2020 08:41:14.249,23 Nov 2020 08:41:23.002,8.753
23 Nov 2020 09:16:45.142,23 Nov 2020 09:16:53.814,8.672
23 Nov 2020 10:14:12.289,23 Nov 2020 10:14:21.035,8.747
23 Nov 2020 10:49:43.933,23 Nov 2020 10:49:52.594,8.661
23 Nov 2020 11:47:10.340,23 Nov 2020 11:47:19.076,8.735
23 Nov 2020 12:22:42.558,23 Nov 2020 12:22:51.209,8.650
23 Nov 2020 13:20:08.205,23 Nov 2020 13:20:16.930,8.724
23 Nov 2020 13:55:41.272,23 Nov 2020 13:55:49.912,8.640
23 Nov 2020 14:53:06.198,23 Nov 2020 14:53:14.911,8.714
23 Nov 2020 15:28:39.959,23 Nov 2020 15:28:48.589,8.629
23 Nov 2020 16:26:04.174,23 Nov 2020 16:26:12.877,8.703
23 Nov 2020 17:01:38.620,23 Nov 2020 17:01:47.239,8.619
23 Nov 2020 17:59:02.134,23 Nov 2020 17:59:10.826,8.692
23 Nov 2020 18:34:37.254,23 Nov 2020 18:34:45.861,8.607
23 Nov 2020 19:32:00.077,23 Nov 2020 19:32:08.759,8.682
23 Nov 2020 20:07:35.901,23 Nov 2020 20:07:44.500,8.599
23 Nov 2020 21:04:58.032,23 Nov 2020 21:05:06.704,8.672
23 Nov 2020 21:40:34.563,23 Nov 2020 21:40:43.152,8.589
23 Nov 2020 22:37:56.054,23 Nov 2020 22:38:04.716,8.661
23 Nov 2020 23:13:33.139,23 Nov 2020 23:13:41.718,8.580
24 Nov 2020 00:10:53.973,24 Nov 2020 00:11:02.624,8.651
24 Nov 2020 00:46:31.690,24 Nov 2020 00:46:40.263,8.573
24 Nov 2020 01:43:51.877,24 Nov 2020 01:44:00.518,8.642
24 Nov 2020 02:19:30.252,24 Nov 2020 02:19:38.814,8.562
24 Nov 2020 03:16:49.808,24 Nov 2020 03:16:58.440,8.632
24 Nov 2020 03:52:28.755,24 Nov 2020 03:52:37.309,8.554
24 Nov 2020 04:49:47.687,24 Nov 2020 04:49:56.310,8.623
24 Nov 2020 05:25:27.238,24 Nov 2020 05:25:35.780,8.542
24 Nov 2020 06:22:45.552,24 Nov 2020 06:22:54.165,8.613
24 Nov 2020 06:58:25.651,24 Nov 2020 06:58:34.185,8.534
24 Nov 2020 07:55:43.355,24 Nov 2020 07:55:51.959,8.604
24 Nov 2020 08:31:24.062,24 Nov 2020 08:31:32.592,8.530
24 Nov 2020 09:28:41.189,24 Nov 2020 09:28:49.784,8.595
24 Nov 2020 10:04:22.469,24 Nov 2020 10:04:30.980,8.512
24 Nov 2020 11:01:39.010,24 Nov 2020 11:01:47.597,8.586
24 Nov 2020 11:37:20.842,24 Nov 2020 11:37:29.350,8.508
24 Nov 2020 12:34:36.819,24 Nov 2020 12:34:45.397,8.578
24 Nov 2020 13:10:19.195,24 Nov 2020 13:10:27.695,8.500
24 Nov 2020 14:07:34.615,24 Nov 2020 14:07:43.184,8.569
24 Nov 2020 14:43:17.524,24 Nov 2020 14:43:26.017,8.492
24 Nov 2020 15:40:32.398,24 Nov 2020 15:40:40.959,8.561
24 Nov 2020 16:16:15.829,24 Nov 2020 16:16:24.314,8.484
24 Nov 2020 17:13:30.180,24 Nov 2020 17:13:38.733,8.553
24 Nov 2020 17:49:14.124,24 Nov 2020 17:49:22.601,8.477
24 Nov 2020 18:46:27.940,24 Nov 2020 18:46:36.490,8.550
24 Nov 2020 19:22:12.364,24 Nov 2020 19:22:20.834,8.470
24 Nov 2020 20:19:25.645,24 Nov 2020 20:19:34.187,8.542
24 Nov 2020 20:55:10.596,24 Nov 2020 20:55:19.059,8.463
24 Nov 2020 21:52:23.378,24 Nov 2020 21:52:31.908,8.530
24 Nov 2020 22:28:08.804,24 Nov 2020 22:28:17.259,8.456
24 Nov 2020 23:25:21.104,24 Nov 2020 23:25:29.621,8.517
25 Nov 2020 00:01:06.988,25 Nov 2020 00:01:15.437,8.449
25 Nov 2020 00:58:18.814,25 Nov 2020 00:58:27.324,8.510
25 Nov 2020 01:34:05.149,25 Nov 2020 01:34:13.591,8.442
25 Nov 2020 02:31:16.508,25 Nov 2020 02:31:25.021,8.513
25 Nov 2020 03:07:03.286,25 Nov 2020 03:07:11.721,8.436
25 Nov 2020 04:04:14.200,25 Nov 2020 04:04:22.697,8.497
25 Nov 2020 04:40:01.399,25 Nov 2020 04:40:09.828,8.429
25 Nov 2020 05:37:11.872,25 Nov 2020 05:37:20.367,8.495
25 Nov 2020 06:12:59.497,25 Nov 2020 06:13:07.920,8.423
25 Nov 2020 07:10:09.556,25 Nov 2020 07:10:18.044,8.488
25 Nov 2020 07:45:57.564,25 Nov 2020 07:46:05.981,8.417
25 Nov 2020 08:43:07.207,25 Nov 2020 08:43:15.692,8.486
25 Nov 2020 09:18:55.608,25 Nov 2020 09:19:04.019,8.411
25 Nov 2020 10:16:04.855,25 Nov 2020 10:16:13.331,8.476
25 Nov 2020 10:51:53.629,25 Nov 2020 10:52:02.034,8.406
25 Nov 2020 11:49:02.487,25 Nov 2020 11:49:10.956,8.470
25 Nov 2020 12:24:51.627,25 Nov 2020 12:25:00.027,8.400
25 Nov 2020 13:22:00.111,25 Nov 2020 13:22:08.575,8.464
25 Nov 2020 13:57:49.602,25 Nov 2020 13:57:57.997,8.395
25 Nov 2020 14:54:57.727,25 Nov 2020 14:55:06.185,8.459
25 Nov 2020 15:30:47.555,25 Nov 2020 15:30:55.945,8.390
25 Nov 2020 16:27:55.331,25 Nov 2020 16:28:03.787,8.456
25 Nov 2020 17:03:45.483,25 Nov 2020 17:03:53.868,8.385
25 Nov 2020 18:00:52.931,25 Nov 2020 18:01:01.378,8.447
25 Nov 2020 18:36:43.390,25 Nov 2020 18:36:51.771,8.381
25 Nov 2020 19:33:50.516,25 Nov 2020 19:33:58.959,8.443
25 Nov 2020 20:09:41.275,25 Nov 2020 20:09:49.651,8.376
25 Nov 2020 21:06:48.090,25 Nov 2020 21:06:56.532,8.441
25 Nov 2020 21:42:39.161,25 Nov 2020 21:42:47.533,8.372
25 Nov 2020 22:39:45.712,25 Nov 2020 22:39:54.143,8.431
25 Nov 2020 23:15:37.004,25 Nov 2020 23:15:45.371,8.368
26 Nov 2020 00:12:43.269,26 Nov 2020 00:12:51.701,8.432
26 Nov 2020 00:48:34.887,26 Nov 2020 00:48:43.251,8.364
26 Nov 2020 01:45:40.908,26 Nov 2020 01:45:49.330,8.422
26 Nov 2020 02:21:32.690,26 Nov 2020 02:21:41.050,8.360
26 Nov 2020 03:18:38.454,26 Nov 2020 03:18:46.879,8.425
26 Nov 2020 03:54:30.471,26 Nov 2020 03:54:38.828,8.357
26 Nov 2020 04:51:35.996,26 Nov 2020 04:51:44.413,8.417
26 Nov 2020 05:27:28.235,26 Nov 2020 05:27:36.589,8.354
26 Nov 2020 06:24:33.531,26 Nov 2020 06:24:41.940,8.409
26 Nov 2020 07:00:25.971,26 Nov 2020 07:00:34.322,8.351
26 Nov 2020 07:57:31.053,26 Nov 2020 07:57:39.467,8.414
26 Nov 2020 08:33:23.691,26 Nov 2020 08:33:32.036,8.345
26 Nov 2020 09:30:28.570,26 Nov 2020 09:30:36.977,8.407
26 Nov 2020 10:06:21.382,26 Nov 2020 10:06:29.725,8.343
26 Nov 2020 11:03:26.080,26 Nov 2020 11:03:34.489,8.409
26 Nov 2020 11:39:19.051,26 Nov 2020 11:39:27.395,8.343
26 Nov 2020 12:36:23.588,26 Nov 2020 12:36:31.985,8.397
26 Nov 2020 13:12:16.705,26 Nov 2020 13:12:25.045,8.341
26 Nov 2020 14:09:21.084,26 Nov 2020 14:09:29.478,8.394
26 Nov 2020 14:45:14.336,26 Nov 2020 14:45:22.675,8.339
26 Nov 2020 15:42:18.600,26 Nov 2020 15:42:26.997,8.397
26 Nov 2020 16:18:11.967,26 Nov 2020 16:18:20.309,8.342
26 Nov 2020 17:15:16.078,26 Nov 2020 17:15:24.472,8.395
26 Nov 2020 17:51:09.554,26 Nov 2020 17:51:17.890,8.336
26 Nov 2020 18:48:13.551,26 Nov 2020 18:48:21.949,8.398
26 Nov 2020 19:24:07.127,26 Nov 2020 19:24:15.458,8.330
26 Nov 2020 20:21:11.029,26 Nov 2020 20:21:19.420,8.391
26 Nov 2020 20:57:04.672,26 Nov 2020 20:57:13.009,8.337
26 Nov 2020 21:54:08.496,26 Nov 2020 21:54:16.881,8.385
26 Nov 2020 22:30:02.197,26 Nov 2020 22:30:10.533,8.337
26 Nov 2020 23:27:05.953,26 Nov 2020 23:27:14.341,8.388
27 Nov 2020 00:02:59.704,27 Nov 2020 00:03:08.041,8.336
27 Nov 2020 01:00:03.409,27 Nov 2020 01:00:11.801,8.392
27 Nov 2020 01:35:57.211,27 Nov 2020 01:36:05.542,8.331
27 Nov 2020 02:33:00.880,27 Nov 2020 02:33:09.266,8.387
27 Nov 2020 03:08:54.679,27 Nov 2020 03:09:03.010,8.331
27 Nov 2020 04:05:58.331,27 Nov 2020 04:06:06.712,8.381
27 Nov 2020 04:41:52.133,27 Nov 2020 04:42:00.459,8.326
27 Nov 2020 05:38:55.774,27 Nov 2020 05:39:04.154,8.381
27 Nov 2020 06:14:49.505,27 Nov 2020 06:14:57.841,8.336
27 Nov 2020 07:11:53.160,27 Nov 2020 07:12:01.550,8.390
27 Nov 2020 07:47:46.899,27 Nov 2020 07:47:55.236,8.336
27 Nov 2020 08:44:50.585,27 Nov 2020 08:44:58.965,8.380
27 Nov 2020 09:20:44.285,27 Nov 2020 09:20:52.617,8.332
27 Nov 2020 10:17:48.010,27 Nov 2020 10:17:56.395,8.386
27 Nov 2020 10:53:41.650,27 Nov 2020 10:53:49.983,8.333
27 Nov 2020 11:50:45.430,27 Nov 2020 11:50:53.817,8.386
27 Nov 2020 12:26:39.001,27 Nov 2020 12:26:47.330,8.329
27 Nov 2020 13:23:42.842,27 Nov 2020 13:23:51.234,8.392
27 Nov 2020 13:59:36.327,27 Nov 2020 13:59:44.658,8.330
27 Nov 2020 14:56:40.249,27 Nov 2020 14:56:48.637,8.388
27 Nov 2020 15:32:33.622,27 Nov 2020 15:32:41.959,8.337
27 Nov 2020 16:29:37.632,27 Nov 2020 16:29:46.021,8.389
27 Nov 2020 17:05:30.886,27 Nov 2020 17:05:39.219,8.334
27 Nov 2020 18:02:35.032,27 Nov 2020 18:02:43.426,8.395
27 Nov 2020 18:38:28.147,27 Nov 2020 18:38:36.488,8.341
27 Nov 2020 19:35:32.432,27 Nov 2020 19:35:40.824,8.393
27 Nov 2020 20:11:25.394,27 Nov 2020 20:11:33.737,8.343
27 Nov 2020 21:08:29.830,27 Nov 2020 21:08:38.226,8.396
27 Nov 2020 21:44:22.539,27 Nov 2020 21:44:30.884,8.345
27 Nov 2020 22:41:27.136,27 Nov 2020 22:41:35.535,8.399
27 Nov 2020 23:17:19.749,27 Nov 2020 23:17:28.092,8.343
28 Nov 2020 00:14:24.527,28 Nov 2020 00:14:32.925,8.399
28 Nov 2020 00:50:16.930,28 Nov 2020 00:50:25.281,8.351
28 Nov 2020 01:47:21.912,28 Nov 2020 01:47:30.311,8.399
28 Nov 2020 02:23:14.042,28 Nov 2020 02:23:22.396,8.354
28 Nov 2020 03:20:19.231,28 Nov 2020 03:20:27.635,8.404
28 Nov 2020 03:56:11.187,28 Nov 2020 03:56:19.544,8.358
28 Nov 2020 04:53:16.611,28 Nov 2020 04:53:25.015,8.404
28 Nov 2020 05:29:08.313,28 Nov 2020 05:29:16.674,8.361
28 Nov 2020 06:26:13.987,28 Nov 2020 06:26:22.397,8.411
28 Nov 2020 07:02:05.279,28 Nov 2020 07:02:13.645,8.365
28 Nov 2020 07:59:11.211,28 Nov 2020 07:59:19.622,8.411
28 Nov 2020 08:35:02.361,28 Nov 2020 08:35:10.730,8.370
28 Nov 2020 09:32:08.575,28 Nov 2020 09:32:16.990,8.415
28 Nov 2020 10:07:59.423,28 Nov 2020 10:08:07.797,8.374
28 Nov 2020 11:05:05.938,28 Nov 2020 11:05:14.357,8.419
28 Nov 2020 11:40:56.467,28 Nov 2020 11:41:04.846,8.379
28 Nov 2020 12:38:03.296,28 Nov 2020 12:38:11.722,8.427
28 Nov 2020 13:13:53.492,28 Nov 2020 13:14:01.876,8.384
28 Nov 2020 14:11:00.597,28 Nov 2020 14:11:09.031,8.433
28 Nov 2020 14:46:50.433,28 Nov 2020 14:46:58.822,8.389
28 Nov 2020 15:43:57.951,28 Nov 2020 15:44:06.386,8.436
28 Nov 2020 16:19:47.418,28 Nov 2020 16:19:55.812,8.394
28 Nov 2020 17:16:55.305,28 Nov 2020 17:17:03.746,8.441
28 Nov 2020 17:52:44.385,28 Nov 2020 17:52:52.785,8.400
28 Nov 2020 18:49:52.659,28 Nov 2020 18:50:01.105,8.446
28 Nov 2020 19:25:41.275,28 Nov 2020 19:25:49.681,8.406
28 Nov 2020 20:22:49.944,28 Nov 2020 20:22:58.400,8.456
28 Nov 2020 20:58:38.203,28 Nov 2020 20:58:46.615,8.412
28 Nov 2020 21:55:47.267,28 Nov 2020 21:55:55.725,8.458
28 Nov 2020 22:31:35.086,28 Nov 2020 22:31:43.504,8.418
28 Nov 2020 23:28:44.610,28 Nov 2020 23:28:53.074,8.464
29 Nov 2020 00:04:31.976,29 Nov 2020 00:04:40.401,8.425
29 Nov 2020 01:01:41.957,29 Nov 2020 01:01:50.431,8.475
29 Nov 2020 01:37:28.843,29 Nov 2020 01:37:37.279,8.436
29 Nov 2020 02:34:39.259,29 Nov 2020 02:34:47.736,8.477
29 Nov 2020 03:10:25.670,29 Nov 2020 03:10:34.110,8.440
29 Nov 2020 04:07:36.603,29 Nov 2020 04:07:45.087,8.484
29 Nov 2020 04:43:22.495,29 Nov 2020 04:43:30.942,8.447
29 Nov 2020 05:40:33.947,29 Nov 2020 05:40:42.439,8.492
29 Nov 2020 06:16:19.237,29 Nov 2020 06:16:27.692,8.455
29 Nov 2020 07:13:31.209,29 Nov 2020 07:13:39.714,8.504
29 Nov 2020 07:49:16.026,29 Nov 2020 07:49:24.489,8.463
29 Nov 2020 08:46:28.555,29 Nov 2020 08:46:37.062,8.507
29 Nov 2020 09:22:12.802,29 Nov 2020 09:22:21.268,8.467
29 Nov 2020 10:19:25.892,29 Nov 2020 10:19:34.407,8.515
29 Nov 2020 10:55:09.549,29 Nov 2020 10:55:18.030,8.480
29 Nov 2020 11:52:23.240,29 Nov 2020 11:52:31.763,8.523
29 Nov 2020 12:28:06.284,29 Nov 2020 12:28:14.773,8.489
29 Nov 2020 13:25:20.565,29 Nov 2020 13:25:29.097,8.532
29 Nov 2020 14:01:02.990,29 Nov 2020 14:01:11.488,8.498
29 Nov 2020 14:58:17.893,29 Nov 2020 14:58:26.429,8.535
29 Nov 2020 15:33:59.649,29 Nov 2020 15:34:08.157,8.508
29 Nov 2020 16:31:15.232,29 Nov 2020 16:31:23.782,8.550
29 Nov 2020 17:06:56.327,29 Nov 2020 17:07:04.844,8.517
29 Nov 2020 18:04:12.578,29 Nov 2020 18:04:21.142,8.564
29 Nov 2020 18:39:52.987,29 Nov 2020 18:40:01.514,8.527
29 Nov 2020 19:37:09.905,29 Nov 2020 19:37:18.474,8.569
29 Nov 2020 20:12:49.611,29 Nov 2020 20:12:58.148,8.538
29 Nov 2020 21:10:07.254,29 Nov 2020 21:10:15.833,8.579
29 Nov 2020 21:45:46.234,29 Nov 2020 21:45:54.783,8.548
29 Nov 2020 22:43:04.607,29 Nov 2020 22:43:13.196,8.589
29 Nov 2020 23:18:42.841,29 Nov 2020 23:18:51.400,8.559
30 Nov 2020 00:16:01.962,30 Nov 2020 00:16:10.562,8.600
30 Nov 2020 00:51:39.430,30 Nov 2020 00:51:48.000,8.571
30 Nov 2020 01:48:59.320,30 Nov 2020 01:49:07.936,8.616
30 Nov 2020 02:24:36.000,30 Nov 2020 02:24:44.582,8.582
30 Nov 2020 03:21:56.680,30 Nov 2020 03:22:05.302,8.622
30 Nov 2020 03:57:32.554,30 Nov 2020 03:57:41.148,8.594
30 Nov 2020 04:54:54.045,30 Nov 2020 04:55:02.679,8.634
30 Nov 2020 05:30:29.146,30 Nov 2020 05:30:37.752,8.606
30 Nov 2020 06:27:51.462,30 Nov 2020 06:28:00.113,8.651
30 Nov 2020 07:03:25.667,30 Nov 2020 07:03:34.286,8.619
30 Nov 2020 08:00:48.842,30 Nov 2020 08:00:57.497,8.655
30 Nov 2020 08:36:22.171,30 Nov 2020 08:36:30.802,8.632
30 Nov 2020 09:33:46.216,30 Nov 2020 09:33:54.888,8.672
30 Nov 2020 10:09:18.658,30 Nov 2020 10:09:27.302,8.645
30 Nov 2020 11:06:43.599,30 Nov 2020 11:06:52.282,8.683
30 Nov 2020 11:42:15.127,30 Nov 2020 11:42:23.786,8.658
30 Nov 2020 12:39:40.991,30 Nov 2020 12:39:49.688,8.697
30 Nov 2020 13:15:11.581,30 Nov 2020 13:15:20.253,8.672
30 Nov 2020 14:12:38.381,30 Nov 2020 14:12:47.090,8.710
30 Nov 2020 14:48:08.015,30 Nov 2020 14:48:16.701,8.686
30 Nov 2020 15:45:35.786,30 Nov 2020 15:45:44.504,8.718
30 Nov 2020 16:21:04.435,30 Nov 2020 16:21:13.136,8.701
30 Nov 2020 17:18:33.190,30 Nov 2020 17:18:41.922,8.733
30 Nov 2020 17:54:00.839,30 Nov 2020 17:54:09.555,8.715
30 Nov 2020 18:51:30.595,30 Nov 2020 18:51:39.347,8.752
30 Nov 2020 19:26:57.224,30 Nov 2020 19:27:05.955,8.730
30 Nov 2020 20:24:28.011,30 Nov 2020 20:24:36.778,8.767
30 Nov 2020 20:59:53.593,30 Nov 2020 21:00:02.339,8.746
30 Nov 2020 21:57:25.564,30 Nov 2020 21:57:34.346,8.782
30 Nov 2020 22:32:50.072,30 Nov 2020 22:32:58.833,8.762
30 Nov 2020 23:30:23.000,30 Nov 2020 23:30:31.797,8.797
1 Dec 2020 00:05:46.413,1 Dec 2020 00:05:55.191,8.778
1 Dec 2020 01:03:20.443,1 Dec 2020 01:03:29.256,8.813
1 Dec 2020 01:38:42.757,1 Dec 2020 01:38:51.551,8.794
1 Dec 2020 02:36:17.912,1 Dec 2020 02:36:26.741,8.829
1 Dec 2020 03:11:39.066,1 Dec 2020 03:11:47.877,8.811
1 Dec 2020 04:09:15.370,1 Dec 2020 04:09:24.216,8.846
1 Dec 2020 04:44:35.359,1 Dec 2020 04:44:44.187,8.828
1 Dec 2020 05:42:12.837,1 Dec 2020 05:42:21.700,8.863
1 Dec 2020 06:17:31.646,1 Dec 2020 06:17:40.492,8.846
1 Dec 2020 07:15:10.319,1 Dec 2020 07:15:19.199,8.880
1 Dec 2020 07:50:27.907,1 Dec 2020 07:50:36.771,8.864
1 Dec 2020 08:48:07.803,1 Dec 2020 08:48:16.701,8.898
1 Dec 2020 09:23:24.153,1 Dec 2020 09:23:33.035,8.882
1 Dec 2020 10:21:05.297,1 Dec 2020 10:21:14.213,8.916
1 Dec 2020 10:56:20.379,1 Dec 2020 10:56:29.283,8.904
1 Dec 2020 11:54:02.800,1 Dec 2020 11:54:11.734,8.934
1 Dec 2020 12:29:16.595,1 Dec 2020 12:29:25.515,8.920
1 Dec 2020 13:27:00.360,1 Dec 2020 13:27:09.313,8.953
1 Dec 2020 14:02:12.842,1 Dec 2020 14:02:21.782,8.940
1 Dec 2020 14:59:57.884,1 Dec 2020 15:00:06.857,8.973
1 Dec 2020 15:35:09.025,1 Dec 2020 15:35:17.985,8.959
1 Dec 2020 16:32:55.385,1 Dec 2020 16:33:04.377,8.992
1 Dec 2020 17:08:05.159,1 Dec 2020 17:08:14.139,8.980
1 Dec 2020 18:05:52.928,1 Dec 2020 18:06:01.940,9.012
1 Dec 2020 18:41:01.308,1 Dec 2020 18:41:10.309,9.001
1 Dec 2020 19:38:50.482,1 Dec 2020 19:38:59.514,9.032
1 Dec 2020 20:13:57.442,1 Dec 2020 20:14:06.463,9.022
1 Dec 2020 21:11:48.047,1 Dec 2020 21:11:57.100,9.053
1 Dec 2020 21:46:53.597,1 Dec 2020 21:47:02.640,9.043
1 Dec 2020 22:44:45.666,1 Dec 2020 22:44:54.741,9.074
1 Dec 2020 23:19:49.701,1 Dec 2020 23:19:58.766,9.065
2 Dec 2020 00:17:43.256,2 Dec 2020 00:17:52.352,9.096
2 Dec 2020 00:52:45.789,2 Dec 2020 00:52:54.876,9.088
2 Dec 2020 01:50:40.858,2 Dec 2020 01:50:49.976,9.118
2 Dec 2020 02:25:41.861,2 Dec 2020 02:25:50.971,9.110
2 Dec 2020 03:23:38.473,2 Dec 2020 03:23:47.613,9.140
2 Dec 2020 03:58:37.917,2 Dec 2020 03:58:47.051,9.134
2 Dec 2020 04:56:36.100,2 Dec 2020 04:56:45.263,9.163
2 Dec 2020 05:31:33.930,2 Dec 2020 05:31:43.087,9.157
2 Dec 2020 06:29:33.705,2 Dec 2020 06:29:42.892,9.187
2 Dec 2020 07:04:29.953,2 Dec 2020 07:04:39.135,9.181
2 Dec 2020 08:02:31.358,2 Dec 2020 08:02:40.568,9.210
2 Dec 2020 08:37:25.961,2 Dec 2020 08:37:35.167,9.206
2 Dec 2020 09:35:29.024,2 Dec 2020 09:35:38.258,9.235
2 Dec 2020 10:10:21.953,2 Dec 2020 10:10:31.184,9.231
2 Dec 2020 11:08:26.704,2 Dec 2020 11:08:35.963,9.259
2 Dec 2020 11:43:17.929,2 Dec 2020 11:43:27.185,9.257
2 Dec 2020 12:41:24.399,2 Dec 2020 12:41:33.683,9.285
2 Dec 2020 13:16:13.891,2 Dec 2020 13:16:23.174,9.283
2 Dec 2020 14:14:22.108,2 Dec 2020 14:14:31.419,9.310
2 Dec 2020 14:49:09.836,2 Dec 2020 14:49:19.145,9.309
2 Dec 2020 15:47:19.810,2 Dec 2020 15:47:29.147,9.336
2 Dec 2020 16:22:05.743,2 Dec 2020 16:22:15.079,9.336
2 Dec 2020 17:20:17.549,2 Dec 2020 17:20:26.912,9.363
2 Dec 2020 17:55:01.654,2 Dec 2020 17:55:11.017,9.363
2 Dec 2020 18:53:15.304,2 Dec 2020 18:53:24.694,9.390
2 Dec 2020 19:27:57.549,2 Dec 2020 19:28:06.940,9.391
2 Dec 2020 20:26:13.077,2 Dec 2020 20:26:22.492,9.415
2 Dec 2020 21:00:53.428,2 Dec 2020 21:01:02.848,9.420
2 Dec 2020 21:59:10.984,2 Dec 2020 21:59:20.432,9.449
2 Dec 2020 22:33:49.417,2 Dec 2020 22:33:58.866,9.449
2 Dec 2020 23:32:08.798,2 Dec 2020 23:32:18.270,9.472
3 Dec 2020 00:06:45.272,3 Dec 2020 00:06:54.750,9.478
3 Dec 2020 01:05:06.625,3 Dec 2020 01:05:16.129,9.504
3 Dec 2020 01:39:41.110,3 Dec 2020 01:39:50.616,9.506
3 Dec 2020 02:38:04.473,3 Dec 2020 02:38:14.006,9.533
3 Dec 2020 03:12:36.932,3 Dec 2020 03:12:46.473,9.540
3 Dec 2020 04:11:02.339,3 Dec 2020 04:11:11.902,9.563
3 Dec 2020 04:45:32.740,3 Dec 2020 04:45:42.308,9.568
3 Dec 2020 05:44:00.224,3 Dec 2020 05:44:09.818,9.594
3 Dec 2020 06:18:28.528,3 Dec 2020 06:18:38.132,9.604
3 Dec 2020 07:16:58.128,3 Dec 2020 07:17:07.754,9.626
3 Dec 2020 07:51:24.306,3 Dec 2020 07:51:33.937,9.631
3 Dec 2020 08:49:56.053,3 Dec 2020 08:50:05.711,9.657
3 Dec 2020 09:24:20.063,3 Dec 2020 09:24:29.733,9.670
3 Dec 2020 10:22:53.999,3 Dec 2020 10:23:03.689,9.690
3 Dec 2020 10:57:15.809,3 Dec 2020 10:57:25.509,9.700
3 Dec 2020 11:55:51.965,3 Dec 2020 11:56:01.688,9.723
3 Dec 2020 12:30:11.534,3 Dec 2020 12:30:21.271,9.737
3 Dec 2020 13:28:49.955,3 Dec 2020 13:28:59.711,9.757
3 Dec 2020 14:03:07.248,3 Dec 2020 14:03:17.017,9.769
3 Dec 2020 15:01:47.964,3 Dec 2020 15:01:57.755,9.791
3 Dec 2020 15:36:02.945,3 Dec 2020 15:36:12.752,9.807
3 Dec 2020 16:34:45.995,3 Dec 2020 16:34:55.821,9.826
3 Dec 2020 17:08:58.624,3 Dec 2020 17:09:08.467,9.843
3 Dec 2020 18:07:44.050,3 Dec 2020 18:07:53.911,9.861
3 Dec 2020 18:41:54.288,3 Dec 2020 18:42:04.167,9.879
3 Dec 2020 19:40:42.128,3 Dec 2020 19:40:52.025,9.897
3 Dec 2020 20:14:49.939,3 Dec 2020 20:14:59.852,9.913
3 Dec 2020 21:13:40.230,3 Dec 2020 21:13:50.164,9.934
3 Dec 2020 21:47:45.568,3 Dec 2020 21:47:55.519,9.951
3 Dec 2020 22:46:38.357,3 Dec 2020 22:46:48.330,9.974
3 Dec 2020 23:20:41.187,3 Dec 2020 23:20:51.176,9.990
4 Dec 2020 00:19:36.511,4 Dec 2020 00:19:46.520,10.009
4 Dec 2020 00:53:36.786,4 Dec 2020 00:53:46.812,10.026
4 Dec 2020 01:52:34.688,4 Dec 2020 01:52:44.736,10.048
4 Dec 2020 02:26:32.369,4 Dec 2020 02:26:42.438,10.068
4 Dec 2020 03:25:32.891,4 Dec 2020 03:25:42.978,10.087
4 Dec 2020 03:59:27.933,4 Dec 2020 03:59:38.042,10.109
4 Dec 2020 04:58:31.121,4 Dec 2020 04:58:41.248,10.128
4 Dec 2020 05:32:23.483,4 Dec 2020 05:32:33.637,10.153
4 Dec 2020 06:31:29.378,4 Dec 2020 06:31:39.546,10.168
4 Dec 2020 07:05:19.017,4 Dec 2020 07:05:29.212,10.195
4 Dec 2020 08:04:27.663,4 Dec 2020 08:04:37.873,10.210
4 Dec 2020 08:38:14.537,4 Dec 2020 08:38:24.772,10.235
4 Dec 2020 09:37:25.977,4 Dec 2020 09:37:36.229,10.252
4 Dec 2020 10:11:10.039,4 Dec 2020 10:11:20.314,10.276
4 Dec 2020 11:10:24.320,4 Dec 2020 11:10:34.615,10.295
4 Dec 2020 11:44:05.523,4 Dec 2020 11:44:15.843,10.319
4 Dec 2020 12:43:22.692,4 Dec 2020 12:43:33.031,10.339
4 Dec 2020 13:17:00.987,4 Dec 2020 13:17:11.355,10.368
4 Dec 2020 14:16:21.095,4 Dec 2020 14:16:31.479,10.384
4 Dec 2020 14:49:56.438,4 Dec 2020 14:50:06.851,10.414
4 Dec 2020 15:49:19.529,4 Dec 2020 15:49:29.958,10.429
4 Dec 2020 16:22:51.871,4 Dec 2020 16:23:02.332,10.461
4 Dec 2020 17:22:17.995,4 Dec 2020 17:22:28.471,10.475
4 Dec 2020 17:55:47.288,4 Dec 2020 17:55:57.796,10.508
4 Dec 2020 18:55:16.494,4 Dec 2020 18:55:27.016,10.522
4 Dec 2020 19:28:42.687,4 Dec 2020 19:28:53.244,10.556
4 Dec 2020 20:28:15.025,4 Dec 2020 20:28:25.593,10.568
4 Dec 2020 21:01:38.069,4 Dec 2020 21:01:48.677,10.608
4 Dec 2020 22:01:14.383,4 Dec 2020 22:01:25.002,10.619
4 Dec 2020 22:34:34.242,4 Dec 2020 22:34:44.897,10.655
4 Dec 2020 23:34:13.015,4 Dec 2020 23:34:23.683,10.668
5 Dec 2020 00:07:29.621,5 Dec 2020 00:07:40.327,10.706
5 Dec 2020 01:07:11.683,5 Dec 2020 01:07:22.402,10.719
5 Dec 2020 01:40:24.983,5 Dec 2020 01:40:35.742,10.758
5 Dec 2020 02:40:10.388,5 Dec 2020 02:40:21.158,10.771
5 Dec 2020 03:13:20.395,5 Dec 2020 03:13:31.206,10.811
5 Dec 2020 04:13:09.193,5 Dec 2020 04:13:20.013,10.821
5 Dec 2020 04:46:15.740,5 Dec 2020 04:46:26.607,10.866
5 Dec 2020 05:46:07.986,5 Dec 2020 05:46:18.864,10.878
5 Dec 2020 06:19:11.057,5 Dec 2020 06:19:21.978,10.921
5 Dec 2020 07:19:06.810,5 Dec 2020 07:19:17.741,10.931
5 Dec 2020 07:52:06.354,5 Dec 2020 07:52:17.330,10.976
5 Dec 2020 08:52:05.676,5 Dec 2020 08:52:16.663,10.987
5 Dec 2020 09:25:01.693,5 Dec 2020 09:25:12.726,11.034
5 Dec 2020 10:25:04.649,5 Dec 2020 10:25:15.692,11.043
5 Dec 2020 10:57:56.959,5 Dec 2020 10:58:08.051,11.091
5 Dec 2020 11:58:03.602,5 Dec 2020 11:58:14.703,11.100
5 Dec 2020 12:30:52.208,5 Dec 2020 12:31:03.359,11.150
5 Dec 2020 13:31:02.676,5 Dec 2020 13:31:13.835,11.159
5 Dec 2020 14:03:47.551,5 Dec 2020 14:03:58.761,11.210
5 Dec 2020 15:04:01.721,5 Dec 2020 15:04:12.941,11.221
5 Dec 2020 15:36:42.769,5 Dec 2020 15:36:54.040,11.272
5 Dec 2020 16:37:00.767,5 Dec 2020 16:37:12.047,11.279
5 Dec 2020 17:09:37.926,5 Dec 2020 17:09:49.261,11.334
5 Dec 2020 18:09:59.898,5 Dec 2020 18:10:11.240,11.341
5 Dec 2020 18:42:33.103,5 Dec 2020 18:42:44.501,11.398
5 Dec 2020 19:42:59.076,5 Dec 2020 19:43:10.481,11.404
5 Dec 2020 20:15:28.264,5 Dec 2020 20:15:39.727,11.463
5 Dec 2020 21:15:58.302,5 Dec 2020 21:16:09.771,11.468
5 Dec 2020 21:48:23.403,5 Dec 2020 21:48:34.932,11.529
5 Dec 2020 22:48:57.605,5 Dec 2020 22:49:09.138,11.534
5 Dec 2020 23:21:18.532,5 Dec 2020 23:21:30.128,11.596
6 Dec 2020 00:21:56.930,6 Dec 2020 00:22:08.531,11.600
6 Dec 2020 00:54:13.634,6 Dec 2020 00:54:25.298,11.664
6 Dec 2020 01:54:56.307,6 Dec 2020 01:55:07.976,11.668
6 Dec 2020 02:27:08.717,6 Dec 2020 02:27:20.449,11.732
6 Dec 2020 03:27:55.736,6 Dec 2020 03:28:07.474,11.738
6 Dec 2020 04:00:03.694,6 Dec 2020 04:00:15.499,11.805
6 Dec 2020 05:00:55.118,6 Dec 2020 05:01:06.927,11.808
6 Dec 2020 05:32:58.736,6 Dec 2020 05:33:10.612,11.876
6 Dec 2020 06:33:54.651,6 Dec 2020 06:34:06.531,11.880
6 Dec 2020 07:05:53.753,6 Dec 2020 07:06:05.705,11.952
6 Dec 2020 08:06:54.242,6 Dec 2020 08:07:06.193,11.951
6 Dec 2020 08:38:48.751,6 Dec 2020 08:39:00.779,12.028
6 Dec 2020 09:39:53.965,6 Dec 2020 09:40:05.990,12.025
6 Dec 2020 10:11:43.814,6 Dec 2020 10:11:55.918,12.104
6 Dec 2020 11:12:53.669,6 Dec 2020 11:13:05.775,12.107
6 Dec 2020 11:44:38.773,6 Dec 2020 11:44:50.956,12.182
6 Dec 2020 12:45:53.437,6 Dec 2020 12:46:05.619,12.182
6 Dec 2020 13:17:33.707,6 Dec 2020 13:17:45.973,12.266
6 Dec 2020 14:18:53.229,6 Dec 2020 14:19:05.493,12.265
6 Dec 2020 14:50:28.598,6 Dec 2020 14:50:40.940,12.342
6 Dec 2020 15:51:53.121,6 Dec 2020 15:52:05.464,12.344
6 Dec 2020 16:23:23.491,6 Dec 2020 16:23:35.916,12.425
6 Dec 2020 17:24:53.073,6 Dec 2020 17:25:05.497,12.424
6 Dec 2020 17:56:18.358,6 Dec 2020 17:56:30.871,12.514
6 Dec 2020 18:57:53.091,6 Dec 2020 18:58:05.602,12.511
6 Dec 2020 19:29:13.205,6 Dec 2020 19:29:25.806,12.601
6 Dec 2020 20:30:53.175,6 Dec 2020 20:31:05.772,12.597
6 Dec 2020 21:02:08.029,6 Dec 2020 21:02:20.722,12.694
6 Dec 2020 22:03:53.327,6 Dec 2020 22:04:06.012,12.685
6 Dec 2020 22:35:02.874,6 Dec 2020 22:35:15.654,12.779
6 Dec 2020 23:36:53.591,6 Dec 2020 23:37:06.365,12.774
7 Dec 2020 00:07:57.657,7 Dec 2020 00:08:10.528,12.871
7 Dec 2020 01:09:53.887,7 Dec 2020 01:10:06.753,12.866
7 Dec 2020 01:40:52.415,7 Dec 2020 01:41:05.382,12.967
7 Dec 2020 02:42:54.254,7 Dec 2020 02:43:07.212,12.958
7 Dec 2020 03:13:47.143,7 Dec 2020 03:14:00.206,13.063
7 Dec 2020 04:15:54.696,7 Dec 2020 04:16:07.754,13.059
7 Dec 2020 04:46:41.832,7 Dec 2020 04:46:54.992,13.159
7 Dec 2020 05:48:55.199,7 Dec 2020 05:49:08.352,13.153
7 Dec 2020 06:19:36.507,7 Dec 2020 06:19:49.769,13.262
7 Dec 2020 07:21:55.795,7 Dec 2020 07:22:09.049,13.254
7 Dec 2020 07:52:31.158,7 Dec 2020 07:52:44.525,13.368
7 Dec 2020 08:54:56.476,7 Dec 2020 08:55:09.828,13.352
7 Dec 2020 09:25:25.785,7 Dec 2020 09:25:39.253,13.468
7 Dec 2020 10:27:57.235,7 Dec 2020 10:28:10.695,13.461
7 Dec 2020 10:58:20.379,7 Dec 2020 10:58:33.957,13.578
7 Dec 2020 12:00:58.075,7 Dec 2020 12:01:11.646,13.571
7 Dec 2020 12:31:14.947,7 Dec 2020 12:31:28.635,13.688
7 Dec 2020 13:33:58.999,7 Dec 2020 13:34:12.671,13.672
7 Dec 2020 14:04:09.488,7 Dec 2020 14:04:23.288,13.800
7 Dec 2020 15:07:00.015,7 Dec 2020 15:07:13.803,13.788
7 Dec 2020 15:37:03.999,7 Dec 2020 15:37:17.914,13.915
7 Dec 2020 16:40:01.187,7 Dec 2020 16:40:15.090,13.903
7 Dec 2020 17:09:58.551,7 Dec 2020 17:10:12.584,14.033
7 Dec 2020 18:13:02.390,7 Dec 2020 18:13:16.411,14.021
7 Dec 2020 18:42:53.007,7 Dec 2020 18:43:07.160,14.153
7 Dec 2020 19:46:03.693,7 Dec 2020 19:46:17.832,14.139
7 Dec 2020 20:15:47.432,7 Dec 2020 20:16:01.708,14.276
7 Dec 2020 21:19:05.089,7 Dec 2020 21:19:19.347,14.258
7 Dec 2020 21:48:41.824,7 Dec 2020 21:48:56.227,14.403
7 Dec 2020 22:52:06.652,7 Dec 2020 22:52:21.039,14.387
7 Dec 2020 23:21:36.247,7 Dec 2020 23:21:50.780,14.532
8 Dec 2020 00:25:08.257,8 Dec 2020 00:25:22.774,14.517
8 Dec 2020 00:54:30.578,8 Dec 2020 00:54:45.242,14.665
8 Dec 2020 01:58:09.962,8 Dec 2020 01:58:24.610,14.648
8 Dec 2020 02:27:24.898,8 Dec 2020 02:27:39.699,14.801
8 Dec 2020 03:31:11.802,8 Dec 2020 03:31:26.584,14.783
8 Dec 2020 04:00:19.161,8 Dec 2020 04:00:34.101,14.940
8 Dec 2020 05:04:13.729,8 Dec 2020 05:04:28.654,14.926
8 Dec 2020 05:33:13.437,8 Dec 2020 05:33:28.520,15.083
8 Dec 2020 06:37:15.832,8 Dec 2020 06:37:30.892,15.061
8 Dec 2020 07:06:07.629,8 Dec 2020 07:06:22.861,15.231
8 Dec 2020 08:10:17.988,8 Dec 2020 08:10:33.197,15.209
8 Dec 2020 08:39:01.785,8 Dec 2020 08:39:17.165,15.379
8 Dec 2020 09:43:20.267,8 Dec 2020 09:43:35.628,15.362
8 Dec 2020 10:11:55.900,8 Dec 2020 10:12:11.434,15.533
8 Dec 2020 11:16:22.667,8 Dec 2020 11:16:38.180,15.512
8 Dec 2020 11:44:49.975,8 Dec 2020 11:45:05.667,15.692
8 Dec 2020 12:49:25.198,8 Dec 2020 12:49:40.873,15.675
8 Dec 2020 13:17:44.013,8 Dec 2020 13:17:59.864,15.852
8 Dec 2020 14:22:27.856,8 Dec 2020 14:22:43.686,15.829
8 Dec 2020 14:50:38.004,8 Dec 2020 14:50:54.022,16.019
8 Dec 2020 15:55:30.644,8 Dec 2020 15:55:46.643,15.999
8 Dec 2020 16:23:31.948,8 Dec 2020 16:23:48.140,16.192
8 Dec 2020 17:28:33.607,8 Dec 2020 17:28:49.777,16.170
8 Dec 2020 17:56:25.902,8 Dec 2020 17:56:42.270,16.368
8 Dec 2020 19:01:36.676,8 Dec 2020 19:01:53.022,16.345
8 Dec 2020 19:29:19.759,8 Dec 2020 19:29:36.309,16.550
8 Dec 2020 20:34:39.884,8 Dec 2020 20:34:56.412,16.528
8 Dec 2020 21:02:13.565,8 Dec 2020 21:02:30.301,16.736
8 Dec 2020 22:07:43.243,8 Dec 2020 22:07:59.954,16.711
8 Dec 2020 22:35:07.324,8 Dec 2020 22:35:24.256,16.932
8 Dec 2020 23:40:46.750,8 Dec 2020 23:41:03.657,16.908
9 Dec 2020 00:08:01.031,9 Dec 2020 00:08:18.157,17.126
9 Dec 2020 01:13:50.415,9 Dec 2020 01:14:07.522,17.107
9 Dec 2020 01:40:54.685,9 Dec 2020 01:41:12.015,17.329
9 Dec 2020 02:46:54.242,9 Dec 2020 02:47:11.552,17.310
9 Dec 2020 03:13:48.284,9 Dec 2020 03:14:05.823,17.539
9 Dec 2020 04:19:58.233,9 Dec 2020 04:20:15.755,17.522
9 Dec 2020 04:46:41.825,9 Dec 2020 04:46:59.581,17.756
9 Dec 2020 05:53:02.400,9 Dec 2020 05:53:20.129,17.729
9 Dec 2020 06:19:35.307,9 Dec 2020 06:19:53.286,17.979
9 Dec 2020 07:26:06.732,9 Dec 2020 07:26:24.690,17.958
9 Dec 2020 07:52:28.726,9 Dec 2020 07:52:46.936,18.210
9 Dec 2020 08:59:11.250,9 Dec 2020 08:59:29.439,18.189
9 Dec 2020 09:25:22.082,9 Dec 2020 09:25:40.530,18.448
9 Dec 2020 10:32:15.954,9 Dec 2020 10:32:34.382,18.428
9 Dec 2020 10:58:15.371,9 Dec 2020 10:58:34.064,18.694
9 Dec 2020 12:05:20.849,9 Dec 2020 12:05:39.524,18.675
9 Dec 2020 12:31:08.590,9 Dec 2020 12:31:27.538,18.948
9 Dec 2020 13:38:25.980,9 Dec 2020 13:38:44.911,18.931
9 Dec 2020 14:04:01.782,9 Dec 2020 14:04:20.993,19.212
9 Dec 2020 15:11:31.280,9 Dec 2020 15:11:50.476,19.196
9 Dec 2020 15:36:54.856,9 Dec 2020 15:37:14.340,19.484
9 Dec 2020 16:44:36.790,9 Dec 2020 16:44:56.261,19.471
9 Dec 2020 17:09:47.851,9 Dec 2020 17:10:07.623,19.772
9 Dec 2020 18:17:42.534,9 Dec 2020 18:18:02.294,19.760
9 Dec 2020 18:42:40.781,9 Dec 2020 18:43:00.841,20.060
9 Dec 2020 19:50:48.491,9 Dec 2020 19:51:08.538,20.048
9 Dec 2020 20:15:33.609,9 Dec 2020 20:15:53.972,20.364
9 Dec 2020 21:23:54.671,9 Dec 2020 21:24:15.034,20.363
9 Dec 2020 21:48:26.346,9 Dec 2020 21:48:47.026,20.679
9 Dec 2020 22:57:01.117,9 Dec 2020 22:57:21.796,20.678
9 Dec 2020 23:21:19.015,9 Dec 2020 23:21:40.022,21.008
10 Dec 2020 00:30:07.789,10 Dec 2020 00:30:28.800,21.011
10 Dec 2020 00:54:11.559,10 Dec 2020 00:54:32.908,21.349
10 Dec 2020 02:03:14.693,10 Dec 2020 02:03:36.051,21.358
10 Dec 2020 02:27:03.938,10 Dec 2020 02:27:25.644,21.706
10 Dec 2020 03:36:21.887,10 Dec 2020 03:36:43.607,21.719
10 Dec 2020 03:59:56.267,10 Dec 2020 04:00:18.344,22.077
10 Dec 2020 05:09:29.356,10 Dec 2020 05:09:51.456,22.100
10 Dec 2020 05:32:48.481,10 Dec 2020 05:33:10.944,22.464
10 Dec 2020 06:42:37.113,10 Dec 2020 06:42:59.603,22.490
10 Dec 2020 07:05:40.573,10 Dec 2020 07:06:03.441,22.868
10 Dec 2020 08:15:45.133,10 Dec 2020 08:16:08.031,22.897
10 Dec 2020 08:38:32.546,10 Dec 2020 08:38:55.835,23.289
10 Dec 2020 09:48:53.485,10 Dec 2020 09:49:16.818,23.333
10 Dec 2020 10:11:24.374,10 Dec 2020 10:11:48.105,23.732
10 Dec 2020 11:22:02.163,10 Dec 2020 11:22:25.945,23.783
10 Dec 2020 11:44:16.058,10 Dec 2020 11:44:40.253,24.196
10 Dec 2020 12:55:11.165,10 Dec 2020 12:55:35.427,24.262
10 Dec 2020 13:17:07.589,10 Dec 2020 13:17:32.271,24.683
10 Dec 2020 14:28:20.438,10 Dec 2020 14:28:45.199,24.761
10 Dec 2020 14:49:58.930,10 Dec 2020 14:50:24.121,25.191
10 Dec 2020 16:01:30.143,10 Dec 2020 16:01:55.432,25.289
10 Dec 2020 16:22:50.122,10 Dec 2020 16:23:15.854,25.731
10 Dec 2020 17:34:40.222,10 Dec 2020 17:35:06.069,25.846
10 Dec 2020 17:55:41.130,10 Dec 2020 17:56:07.428,26.298
10 Dec 2020 19:07:50.692,10 Dec 2020 19:08:17.130,26.438
10 Dec 2020 19:28:31.934,10 Dec 2020 19:28:58.843,26.909
10 Dec 2020 20:41:01.573,10 Dec 2020 20:41:28.634,27.061
10 Dec 2020 21:01:22.609,10 Dec 2020 21:01:50.151,27.541
10 Dec 2020 22:14:12.897,10 Dec 2020 22:14:40.618,27.721
10 Dec 2020 22:34:12.980,10 Dec 2020 22:34:41.199,28.219
10 Dec 2020 23:47:24.646,10 Dec 2020 23:47:53.080,28.434
11 Dec 2020 00:07:03.105,11 Dec 2020 00:07:32.048,28.942
11 Dec 2020 01:20:36.870,11 Dec 2020 01:21:06.060,29.190
11 Dec 2020 01:39:52.963,11 Dec 2020 01:40:22.678,29.715
11 Dec 2020 02:53:49.588,11 Dec 2020 02:54:19.584,29.995
11 Dec 2020 03:12:42.537,11 Dec 2020 03:13:13.066,30.529
11 Dec 2020 04:27:02.829,11 Dec 2020 04:27:33.694,30.865
11 Dec 2020 04:45:31.791,11 Dec 2020 04:46:03.209,31.419
11 Dec 2020 06:00:16.618,11 Dec 2020 06:00:48.422,31.804
11 Dec 2020 06:18:20.702,11 Dec 2020 06:18:53.074,32.372
11 Dec 2020 07:33:30.991,11 Dec 2020 07:34:03.812,32.821
11 Dec 2020 07:51:09.233,11 Dec 2020 07:51:42.632,33.399
11 Dec 2020 09:06:45.954,11 Dec 2020 09:07:19.874,33.921
11 Dec 2020 09:23:57.339,11 Dec 2020 09:24:31.863,34.523
11 Dec 2020 10:40:01.604,11 Dec 2020 10:40:36.735,35.130
11 Dec 2020 10:56:44.990,11 Dec 2020 10:57:20.737,35.747
11 Dec 2020 12:13:17.958,11 Dec 2020 12:13:54.416,36.459
11 Dec 2020 12:29:32.124,11 Dec 2020 12:30:09.214,37.090
11 Dec 2020 13:46:34.906,11 Dec 2020 13:47:12.820,37.914
11 Dec 2020 14:02:18.673,11 Dec 2020 14:02:57.238,38.565
11 Dec 2020 15:19:52.831,11 Dec 2020 15:20:32.378,39.547
11 Dec 2020 15:35:04.567,11 Dec 2020 15:35:44.783,40.216
11 Dec 2020 16:53:11.665,11 Dec 2020 16:53:53.047,41.382
11 Dec 2020 17:07:49.673,11 Dec 2020 17:08:31.746,42.073
11 Dec 2020 18:26:31.441,11 Dec 2020 18:27:14.911,43.470
11 Dec 2020 18:40:33.945,11 Dec 2020 18:41:18.113,44.168
11 Dec 2020 19:59:52.286,11 Dec 2020 20:00:38.140,45.854
11 Dec 2020 20:13:17.197,11 Dec 2020 20:14:03.773,46.576
11 Dec 2020 21:33:14.321,11 Dec 2020 21:34:02.952,48.631
11 Dec 2020 21:45:59.473,11 Dec 2020 21:46:48.828,49.354
11 Dec 2020 23:06:37.650,11 Dec 2020 23:07:29.558,51.908
11 Dec 2020 23:18:40.058,11 Dec 2020 23:19:32.727,52.670
12 Dec 2020 00:40:02.526,12 Dec 2020 00:40:58.424,55.898
12 Dec 2020 00:51:18.808,12 Dec 2020 00:52:15.486,56.678
12 Dec 2020 02:13:29.167,12 Dec 2020 02:14:30.049,60.881
12 Dec 2020 02:23:55.199,12 Dec 2020 02:24:56.881,61.683
12 Dec 2020 03:46:57.909,12 Dec 2020 03:48:05.275,67.366
12 Dec 2020 03:56:28.398,12 Dec 2020 03:57:36.584,68.186
12 Dec 2020 05:20:29.207,12 Dec 2020 05:21:45.495,76.288
12 Dec 2020 05:28:57.204,12 Dec 2020 05:30:14.331,77.127
12 Dec 2020 06:54:03.819,12 Dec 2020 06:55:33.798,89.978
12 Dec 2020 07:01:18.187,12 Dec 2020 07:02:49.023,90.836
12 Dec 2020 08:27:42.926,12 Dec 2020 08:29:38.929,116.003
12 Dec 2020 08:33:22.781,12 Dec 2020 08:35:19.664,116.883
12 Dec 2020 10:01:28.907,12 Dec 2020 10:07:43.963,375.057
12 Dec 2020 11:35:27.547,12 Dec 2020 11:39:56.003,268.456
12 Dec 2020 13:10:20.604,12 Dec 2020 13:11:14.106,53.502
14 Dec 2020 13:40:38.191,14 Dec 2020 13:49:56.789,558.599
14 Dec 2020 15:06:46.118,14 Dec 2020 15:18:32.756,706.638
14 Dec 2020 17:37:28.549,14 Dec 2020 17:52:46.074,917.525
17 Dec 2020 20:30:56.144,17 Dec 2020 20:34:41.290,225.146
17 Dec 2020 22:03:01.510,17 Dec 2020 22:08:46.644,345.134
17 Dec 2020 23:35:22.928,17 Dec 2020 23:37:35.687,132.759
17 Dec 2020 23:40:23.571,17 Dec 2020 23:42:35.457,131.886
18 Dec 2020 01:07:51.901,18 Dec 2020 01:09:28.996,97.094
18 Dec 2020 01:14:40.012,18 Dec 2020 01:16:16.251,96.239
18 Dec 2020 02:40:25.471,18 Dec 2020 02:41:46.328,80.857
18 Dec 2020 02:48:31.982,18 Dec 2020 02:49:51.998,80.015
18 Dec 2020 04:13:02.205,18 Dec 2020 04:14:12.938,70.734
18 Dec 2020 04:22:14.231,18 Dec 2020 04:23:24.153,69.922
18 Dec 2020 05:45:41.390,18 Dec 2020 05:46:45.036,63.646
18 Dec 2020 05:55:50.396,18 Dec 2020 05:56:53.249,62.853
18 Dec 2020 07:18:22.256,18 Dec 2020 07:19:20.485,58.229
18 Dec 2020 07:29:22.970,18 Dec 2020 07:30:20.424,57.454
18 Dec 2020 08:51:04.578,18 Dec 2020 08:51:58.516,53.937
18 Dec 2020 09:02:52.566,18 Dec 2020 09:03:45.746,53.180
18 Dec 2020 10:23:48.097,18 Dec 2020 10:24:38.521,50.424
18 Dec 2020 10:36:19.791,18 Dec 2020 10:37:09.484,49.692
18 Dec 2020 11:56:32.391,18 Dec 2020 11:57:19.849,47.458
18 Dec 2020 12:09:44.997,18 Dec 2020 12:10:31.741,46.744
18 Dec 2020 13:29:17.867,18 Dec 2020 13:30:02.810,44.943
18 Dec 2020 13:43:08.661,18 Dec 2020 13:43:52.910,44.248
18 Dec 2020 15:02:03.987,18 Dec 2020 15:02:46.746,42.759
18 Dec 2020 15:16:30.846,18 Dec 2020 15:17:12.928,42.082
18 Dec 2020 16:34:50.749,18 Dec 2020 16:35:31.586,40.837
18 Dec 2020 16:49:51.766,18 Dec 2020 16:50:31.944,40.178
18 Dec 2020 18:07:38.083,18 Dec 2020 18:08:17.209,39.125
18 Dec 2020 18:23:11.571,18 Dec 2020 18:23:50.051,38.481
18 Dec 2020 19:40:25.924,18 Dec 2020 19:41:03.516,37.592
18 Dec 2020 19:56:30.357,18 Dec 2020 19:57:07.324,36.968
18 Dec 2020 21:13:14.183,18 Dec 2020 21:13:50.389,36.206
18 Dec 2020 21:29:48.214,18 Dec 2020 21:30:23.813,35.599
18 Dec 2020 22:46:02.882,18 Dec 2020 22:46:37.826,34.944
18 Dec 2020 23:03:05.258,18 Dec 2020 23:03:39.618,34.360
19 Dec 2020 00:18:51.946,19 Dec 2020 00:19:25.739,33.793
19 Dec 2020 00:36:21.499,19 Dec 2020 00:36:54.720,33.221
19 Dec 2020 01:51:41.348,19 Dec 2020 01:52:14.083,32.735
19 Dec 2020 02:09:37.011,19 Dec 2020 02:10:09.190,32.178
19 Dec 2020 03:24:31.055,19 Dec 2020 03:25:02.814,31.758
19 Dec 2020 03:42:51.849,19 Dec 2020 03:43:23.066,31.217
19 Dec 2020 04:57:21.044,19 Dec 2020 04:57:51.897,30.853
19 Dec 2020 05:16:06.055,19 Dec 2020 05:16:36.382,30.326
19 Dec 2020 06:30:11.328,19 Dec 2020 06:30:41.340,30.012
19 Dec 2020 06:49:19.650,19 Dec 2020 06:49:49.150,29.501
19 Dec 2020 08:03:01.814,19 Dec 2020 08:03:31.040,29.226
19 Dec 2020 08:22:32.707,19 Dec 2020 08:23:01.435,28.728
19 Dec 2020 09:35:52.522,19 Dec 2020 09:36:21.012,28.490
19 Dec 2020 09:55:45.233,19 Dec 2020 09:56:13.242,28.009
19 Dec 2020 11:08:43.385,19 Dec 2020 11:09:11.188,27.802
19 Dec 2020 11:28:57.131,19 Dec 2020 11:29:24.463,27.332
19 Dec 2020 12:41:34.488,19 Dec 2020 12:42:01.640,27.152
19 Dec 2020 13:02:08.686,19 Dec 2020 13:02:35.381,26.695
19 Dec 2020 14:14:25.878,19 Dec 2020 14:14:52.418,26.540
19 Dec 2020 14:35:19.867,19 Dec 2020 14:35:45.963,26.095
19 Dec 2020 15:47:17.328,19 Dec 2020 15:47:43.288,25.960
19 Dec 2020 16:08:30.539,19 Dec 2020 16:08:56.067,25.528
19 Dec 2020 17:20:08.933,19 Dec 2020 17:20:34.344,25.411
19 Dec 2020 17:41:40.805,19 Dec 2020 17:42:05.796,24.991
19 Dec 2020 18:53:00.686,19 Dec 2020 18:53:25.576,24.890
19 Dec 2020 19:14:50.679,19 Dec 2020 19:15:15.160,24.482
19 Dec 2020 20:25:52.550,19 Dec 2020 20:26:16.947,24.397
19 Dec 2020 20:48:00.075,19 Dec 2020 20:48:24.078,24.003
19 Dec 2020 21:58:44.597,19 Dec 2020 21:59:08.523,23.926
19 Dec 2020 22:21:09.249,19 Dec 2020 22:21:32.791,23.542
19 Dec 2020 23:31:36.743,19 Dec 2020 23:32:00.220,23.477
19 Dec 2020 23:54:18.039,19 Dec 2020 23:54:41.141,23.102
20 Dec 2020 01:04:29.003,20 Dec 2020 01:04:52.051,23.048
20 Dec 2020 01:27:26.502,20 Dec 2020 01:27:49.187,22.684
20 Dec 2020 02:37:21.374,20 Dec 2020 02:37:44.012,22.638
20 Dec 2020 03:00:34.643,20 Dec 2020 03:00:56.931,22.288
20 Dec 2020 04:10:13.838,20 Dec 2020 04:10:36.085,22.247
20 Dec 2020 04:33:42.428,20 Dec 2020 04:34:04.330,21.903
20 Dec 2020 05:43:06.414,20 Dec 2020 05:43:28.286,21.871
20 Dec 2020 06:06:49.973,20 Dec 2020 06:07:11.510,21.537
20 Dec 2020 07:15:59.085,20 Dec 2020 07:16:20.596,21.511
20 Dec 2020 07:39:57.234,20 Dec 2020 07:40:18.420,21.185
20 Dec 2020 08:48:51.865,20 Dec 2020 08:49:13.028,21.164
20 Dec 2020 09:13:04.285,20 Dec 2020 09:13:25.132,20.847
20 Dec 2020 10:21:44.710,20 Dec 2020 10:22:05.542,20.831
20 Dec 2020 10:46:11.005,20 Dec 2020 10:46:31.529,20.523
20 Dec 2020 11:54:37.638,20 Dec 2020 11:54:58.153,20.515
20 Dec 2020 12:19:17.469,20 Dec 2020 12:19:37.682,20.212
20 Dec 2020 13:27:30.643,20 Dec 2020 13:27:50.847,20.204
20 Dec 2020 13:52:23.686,20 Dec 2020 13:52:43.599,19.913
20 Dec 2020 15:00:23.756,20 Dec 2020 15:00:43.658,19.903
20 Dec 2020 15:25:29.684,20 Dec 2020 15:25:49.310,19.626
20 Dec 2020 16:33:16.907,20 Dec 2020 16:33:36.529,19.622
20 Dec 2020 16:58:35.433,20 Dec 2020 16:58:54.783,19.350
20 Dec 2020 18:06:10.127,20 Dec 2020 18:06:29.478,19.351
20 Dec 2020 18:31:40.920,20 Dec 2020 18:31:59.996,19.075
20 Dec 2020 19:39:03.418,20 Dec 2020 19:39:22.499,19.081
20 Dec 2020 20:04:46.227,20 Dec 2020 20:05:05.048,18.821
20 Dec 2020 21:11:56.767,20 Dec 2020 21:12:15.587,18.820
20 Dec 2020 21:37:51.344,20 Dec 2020 21:38:09.913,18.569
20 Dec 2020 22:44:50.170,20 Dec 2020 22:45:08.745,18.574
20 Dec 2020 23:10:56.241,20 Dec 2020 23:11:14.571,18.330
21 Dec 2020 00:17:43.636,21 Dec 2020 00:18:01.969,18.333
21 Dec 2020 00:44:00.940,21 Dec 2020 00:44:19.034,18.093
21 Dec 2020 01:50:37.159,21 Dec 2020 01:50:55.257,18.098
21 Dec 2020 02:17:05.446,21 Dec 2020 02:17:23.311,17.865
21 Dec 2020 03:23:30.731,21 Dec 2020 03:23:48.607,17.876
21 Dec 2020 03:50:09.765,21 Dec 2020 03:50:27.415,17.649
21 Dec 2020 04:56:24.358,21 Dec 2020 04:56:42.016,17.658
21 Dec 2020 05:23:13.904,21 Dec 2020 05:23:31.340,17.435
21 Dec 2020 06:29:18.048,21 Dec 2020 06:29:35.492,17.444
21 Dec 2020 06:56:17.869,21 Dec 2020 06:56:35.102,17.233
21 Dec 2020 08:02:11.752,21 Dec 2020 08:02:28.993,17.240
21 Dec 2020 08:29:21.648,21 Dec 2020 08:29:38.674,17.026
21 Dec 2020 09:35:05.525,21 Dec 2020 09:35:22.562,17.037
21 Dec 2020 10:02:25.277,21 Dec 2020 10:02:42.113,16.836
21 Dec 2020 11:07:59.342,21 Dec 2020 11:08:16.184,16.843
21 Dec 2020 11:35:28.748,21 Dec 2020 11:35:45.396,16.648
21 Dec 2020 12:40:53.199,21 Dec 2020 12:41:09.856,16.657
21 Dec 2020 13:08:32.064,21 Dec 2020 13:08:48.529,16.465
21 Dec 2020 14:13:47.051,21 Dec 2020 14:14:03.528,16.477
21 Dec 2020 14:41:35.188,21 Dec 2020 14:41:51.475,16.287
21 Dec 2020 15:46:40.990,21 Dec 2020 15:46:57.286,16.296
21 Dec 2020 16:14:38.202,21 Dec 2020 16:14:54.316,16.114
21 Dec 2020 17:19:34.916,21 Dec 2020 17:19:51.039,16.123
21 Dec 2020 17:47:41.004,21 Dec 2020 17:47:56.950,15.946
21 Dec 2020 18:52:28.930,21 Dec 2020 18:52:44.889,15.959
21 Dec 2020 19:20:43.733,21 Dec 2020 19:20:59.516,15.783
21 Dec 2020 20:25:22.981,21 Dec 2020 20:25:38.772,15.791
21 Dec 2020 20:53:46.326,21 Dec 2020 20:54:01.949,15.624
21 Dec 2020 21:58:17.047,21 Dec 2020 21:58:32.679,15.632
21 Dec 2020 22:26:48.759,21 Dec 2020 22:27:04.230,15.471
21 Dec 2020 23:31:11.166,21 Dec 2020 23:31:26.643,15.476
21 Dec 2020 23:59:51.088,22 Dec 2020 00:00:06.406,15.318
22 Dec 2020 01:04:05.323,22 Dec 2020 01:04:20.644,15.321
22 Dec 2020 01:32:53.292,22 Dec 2020 01:33:08.462,15.170
22 Dec 2020 02:36:59.505,22 Dec 2020 02:37:14.682,15.177
22 Dec 2020 03:05:55.373,22 Dec 2020 03:06:10.401,15.028
22 Dec 2020 04:09:53.722,22 Dec 2020 04:10:08.755,15.033
22 Dec 2020 04:38:57.339,22 Dec 2020 04:39:12.226,14.887
22 Dec 2020 05:42:47.970,22 Dec 2020 05:43:02.863,14.893
22 Dec 2020 06:11:59.181,22 Dec 2020 06:12:13.931,14.750
22 Dec 2020 07:15:42.249,22 Dec 2020 07:15:57.005,14.756
22 Dec 2020 07:45:00.916,22 Dec 2020 07:45:15.533,14.617
22 Dec 2020 08:48:36.556,22 Dec 2020 08:48:51.179,14.623
22 Dec 2020 09:18:02.533,22 Dec 2020 09:18:17.024,14.491
22 Dec 2020 10:21:30.895,22 Dec 2020 10:21:45.386,14.491
22 Dec 2020 10:51:04.049,22 Dec 2020 10:51:18.412,14.363
22 Dec 2020 11:54:25.216,22 Dec 2020 11:54:39.582,14.366
22 Dec 2020 12:24:05.371,22 Dec 2020 12:24:19.610,14.238
22 Dec 2020 13:27:19.606,22 Dec 2020 13:27:33.847,14.241
22 Dec 2020 13:57:06.674,22 Dec 2020 13:57:20.791,14.118
22 Dec 2020 15:00:14.012,22 Dec 2020 15:00:28.132,14.120
22 Dec 2020 15:30:07.873,22 Dec 2020 15:30:21.872,13.999
22 Dec 2020 16:33:08.452,22 Dec 2020 16:33:22.455,14.003
22 Dec 2020 17:03:08.975,22 Dec 2020 17:03:22.859,13.884
22 Dec 2020 18:06:02.870,22 Dec 2020 18:06:16.755,13.885
22 Dec 2020 18:36:09.942,22 Dec 2020 18:36:23.713,13.771
22 Dec 2020 19:38:57.356,22 Dec 2020 19:39:11.125,13.769
22 Dec 2020 20:09:10.852,22 Dec 2020 20:09:24.512,13.661
22 Dec 2020 21:11:51.863,22 Dec 2020 21:12:05.526,13.662
22 Dec 2020 21:42:11.670,22 Dec 2020 21:42:25.223,13.553
22 Dec 2020 22:44:46.384,22 Dec 2020 22:44:59.936,13.552
22 Dec 2020 23:15:12.394,22 Dec 2020 23:15:25.844,13.450
23 Dec 2020 00:17:40.938,23 Dec 2020 00:17:54.382,13.444
23 Dec 2020 00:48:13.037,23 Dec 2020 00:48:26.382,13.345
23 Dec 2020 01:50:35.515,23 Dec 2020 01:50:48.858,13.343
23 Dec 2020 02:21:13.592,23 Dec 2020 02:21:26.836,13.244
23 Dec 2020 03:23:30.114,23 Dec 2020 03:23:43.352,13.238
23 Dec 2020 03:54:14.065,23 Dec 2020 03:54:27.210,13.145
23 Dec 2020 04:56:24.733,23 Dec 2020 04:56:37.875,13.142
23 Dec 2020 05:27:14.455,23 Dec 2020 05:27:27.502,13.047
23 Dec 2020 06:29:19.365,23 Dec 2020 06:29:32.412,13.047
23 Dec 2020 07:00:14.742,23 Dec 2020 07:00:27.698,12.955
23 Dec 2020 08:02:14.026,23 Dec 2020 08:02:26.976,12.950
23 Dec 2020 08:33:14.976,23 Dec 2020 08:33:27.835,12.859
23 Dec 2020 09:35:08.709,23 Dec 2020 09:35:21.565,12.855
23 Dec 2020 10:06:15.129,23 Dec 2020 10:06:27.904,12.775
23 Dec 2020 11:08:03.410,23 Dec 2020 11:08:16.177,12.766
23 Dec 2020 11:39:15.215,23 Dec 2020 11:39:27.898,12.683
23 Dec 2020 12:40:58.175,23 Dec 2020 12:41:10.852,12.677
23 Dec 2020 13:12:15.266,23 Dec 2020 13:12:27.859,12.593
23 Dec 2020 14:13:52.940,23 Dec 2020 14:14:05.531,12.590
23 Dec 2020 14:45:15.232,23 Dec 2020 14:45:27.740,12.508
23 Dec 2020 15:46:47.704,23 Dec 2020 15:47:00.205,12.501
23 Dec 2020 16:18:15.103,23 Dec 2020 16:18:27.531,12.428
23 Dec 2020 17:19:42.456,23 Dec 2020 17:19:54.876,12.420
23 Dec 2020 17:51:14.873,23 Dec 2020 17:51:27.222,12.350
23 Dec 2020 18:52:37.252,23 Dec 2020 18:52:49.589,12.337
23 Dec 2020 19:24:14.612,23 Dec 2020 19:24:26.878,12.266
23 Dec 2020 20:25:32.066,23 Dec 2020 20:25:44.323,12.257
23 Dec 2020 20:57:14.281,23 Dec 2020 20:57:26.470,12.188
23 Dec 2020 21:58:26.905,23 Dec 2020 21:58:39.082,12.178
23 Dec 2020 22:30:13.886,23 Dec 2020 22:30:25.996,12.111
23 Dec 2020 23:31:21.753,23 Dec 2020 23:31:33.854,12.100
24 Dec 2020 00:03:13.429,24 Dec 2020 00:03:25.465,12.035
24 Dec 2020 01:04:16.619,24 Dec 2020 01:04:28.643,12.024
24 Dec 2020 01:36:12.917,24 Dec 2020 01:36:24.877,11.960
24 Dec 2020 02:37:11.500,24 Dec 2020 02:37:23.450,11.950
24 Dec 2020 03:09:12.335,24 Dec 2020 03:09:24.222,11.886
24 Dec 2020 04:10:06.400,24 Dec 2020 04:10:18.276,11.877
24 Dec 2020 04:42:11.697,24 Dec 2020 04:42:23.515,11.817
24 Dec 2020 05:43:01.315,24 Dec 2020 05:43:13.120,11.805
24 Dec 2020 06:15:11.003,24 Dec 2020 06:15:22.750,11.748
24 Dec 2020 07:15:56.247,24 Dec 2020 07:16:07.982,11.735
24 Dec 2020 07:48:10.255,24 Dec 2020 07:48:21.932,11.677
24 Dec 2020 08:48:51.195,24 Dec 2020 08:49:02.860,11.666
24 Dec 2020 09:21:09.452,24 Dec 2020 09:21:21.061,11.608
24 Dec 2020 10:21:46.159,24 Dec 2020 10:21:57.757,11.598
24 Dec 2020 10:54:08.591,24 Dec 2020 10:54:20.137,11.546
24 Dec 2020 11:54:41.138,24 Dec 2020 11:54:52.667,11.529
24 Dec 2020 12:27:07.680,24 Dec 2020 12:27:19.161,11.482
24 Dec 2020 13:27:36.130,24 Dec 2020 13:27:47.596,11.466
24 Dec 2020 14:00:06.717,24 Dec 2020 14:00:18.137,11.420
24 Dec 2020 15:00:31.300,24 Dec 2020 15:00:42.702,11.402
24 Dec 2020 15:33:05.854,24 Dec 2020 15:33:17.210,11.356
24 Dec 2020 16:33:26.332,24 Dec 2020 16:33:37.674,11.342
24 Dec 2020 17:06:04.799,24 Dec 2020 17:06:16.093,11.295
24 Dec 2020 18:06:21.380,24 Dec 2020 18:06:32.657,11.278
24 Dec 2020 18:39:03.695,24 Dec 2020 18:39:14.930,11.235
24 Dec 2020 19:39:16.443,24 Dec 2020 19:39:27.660,11.217
24 Dec 2020 20:12:02.545,24 Dec 2020 20:12:13.721,11.176
24 Dec 2020 21:12:11.520,24 Dec 2020 21:12:22.677,11.158
24 Dec 2020 21:45:01.345,24 Dec 2020 21:45:12.463,11.117
24 Dec 2020 22:45:06.611,24 Dec 2020 22:45:17.710,11.100
24 Dec 2020 23:18:00.102,24 Dec 2020 23:18:11.164,11.062
25 Dec 2020 00:18:01.717,25 Dec 2020 00:18:12.759,11.042
25 Dec 2020 00:50:58.814,25 Dec 2020 00:51:09.822,11.008
25 Dec 2020 01:50:56.837,25 Dec 2020 01:51:07.823,10.986
25 Dec 2020 02:23:57.482,25 Dec 2020 02:24:08.435,10.953
25 Dec 2020 03:23:51.971,25 Dec 2020 03:24:02.902,10.931
25 Dec 2020 03:56:56.108,25 Dec 2020 03:57:07.004,10.897
25 Dec 2020 04:56:47.119,25 Dec 2020 04:56:57.996,10.877
25 Dec 2020 05:29:54.691,25 Dec 2020 05:30:05.538,10.847
25 Dec 2020 06:29:42.336,25 Dec 2020 06:29:53.160,10.824
25 Dec 2020 07:02:53.269,25 Dec 2020 07:03:04.061,10.792
25 Dec 2020 08:02:37.515,25 Dec 2020 08:02:48.286,10.771
25 Dec 2020 08:35:51.774,25 Dec 2020 08:36:02.512,10.738
25 Dec 2020 09:35:32.707,25 Dec 2020 09:35:43.427,10.720
25 Dec 2020 10:08:50.236,25 Dec 2020 10:09:00.931,10.694
25 Dec 2020 11:08:27.913,25 Dec 2020 11:08:38.582,10.670
25 Dec 2020 11:41:48.663,25 Dec 2020 11:41:59.308,10.645
25 Dec 2020 12:41:23.132,25 Dec 2020 12:41:33.752,10.620
25 Dec 2020 13:14:47.052,25 Dec 2020 13:14:57.649,10.597
25 Dec 2020 14:14:18.384,25 Dec 2020 14:14:28.956,10.571
25 Dec 2020 14:47:45.440,25 Dec 2020 14:47:55.987,10.546
25 Dec 2020 15:47:13.646,25 Dec 2020 15:47:24.171,10.526
25 Dec 2020 16:20:43.757,25 Dec 2020 16:20:54.253,10.496
25 Dec 2020 17:20:08.901,25 Dec 2020 17:20:19.380,10.478
25 Dec 2020 17:53:42.031,25 Dec 2020 17:53:52.485,10.454
25 Dec 2020 18:53:04.175,25 Dec 2020 18:53:14.607,10.432
25 Dec 2020 19:26:40.276,25 Dec 2020 19:26:50.681,10.405
25 Dec 2020 20:25:59.467,25 Dec 2020 20:26:09.851,10.385
25 Dec 2020 20:59:38.480,25 Dec 2020 20:59:48.848,10.368
25 Dec 2020 21:58:54.766,25 Dec 2020 21:59:05.106,10.340
25 Dec 2020 22:32:36.660,25 Dec 2020 22:32:46.982,10.321
25 Dec 2020 23:31:50.078,25 Dec 2020 23:32:00.374,10.297
26 Dec 2020 00:05:34.800,26 Dec 2020 00:05:45.083,10.282
26 Dec 2020 01:04:45.403,26 Dec 2020 01:04:55.656,10.253
26 Dec 2020 01:38:32.915,26 Dec 2020 01:38:43.149,10.233
26 Dec 2020 02:37:40.740,26 Dec 2020 02:37:50.951,10.211
26 Dec 2020 03:11:30.991,26 Dec 2020 03:11:41.190,10.199
26 Dec 2020 04:10:36.091,26 Dec 2020 04:10:46.260,10.170
26 Dec 2020 04:44:29.043,26 Dec 2020 04:44:39.198,10.155
26 Dec 2020 05:43:31.433,26 Dec 2020 05:43:41.562,10.129
26 Dec 2020 06:17:27.028,26 Dec 2020 06:17:37.144,10.116
26 Dec 2020 07:16:26.808,26 Dec 2020 07:16:36.897,10.089
26 Dec 2020 07:50:25.016,26 Dec 2020 07:50:35.093,10.077
26 Dec 2020 08:49:22.196,26 Dec 2020 08:49:32.245,10.049
26 Dec 2020 09:23:22.974,26 Dec 2020 09:23:33.016,10.042
26 Dec 2020 10:22:17.624,26 Dec 2020 10:22:27.635,10.011
26 Dec 2020 10:56:20.934,26 Dec 2020 10:56:30.935,10.001
26 Dec 2020 11:55:13.038,26 Dec 2020 11:55:23.011,9.973
26 Dec 2020 12:29:18.839,26 Dec 2020 12:29:28.800,9.961
26 Dec 2020 13:28:08.465,26 Dec 2020 13:28:18.400,9.936
26 Dec 2020 14:02:16.711,26 Dec 2020 14:02:26.642,9.930
26 Dec 2020 15:01:03.967,26 Dec 2020 15:01:13.868,9.901
26 Dec 2020 15:35:14.620,26 Dec 2020 15:35:24.508,9.888
26 Dec 2020 16:33:59.420,26 Dec 2020 16:34:09.283,9.862
26 Dec 2020 17:08:12.440,26 Dec 2020 17:08:22.296,9.856
26 Dec 2020 18:06:54.886,26 Dec 2020 18:07:04.713,9.827
26 Dec 2020 18:41:10.237,26 Dec 2020 18:41:20.059,9.822
26 Dec 2020 19:39:50.365,26 Dec 2020 19:40:00.157,9.792
26 Dec 2020 20:14:08.003,26 Dec 2020 20:14:17.790,9.788
26 Dec 2020 21:12:45.856,26 Dec 2020 21:12:55.614,9.758
26 Dec 2020 21:47:05.750,26 Dec 2020 21:47:15.505,9.754
26 Dec 2020 22:45:41.358,26 Dec 2020 22:45:51.082,9.724
26 Dec 2020 23:20:03.472,26 Dec 2020 23:20:13.194,9.722
27 Dec 2020 00:18:36.873,27 Dec 2020 00:18:46.564,9.691
27 Dec 2020 00:53:01.169,27 Dec 2020 00:53:10.859,9.690
27 Dec 2020 01:51:32.399,27 Dec 2020 01:51:42.058,9.659
27 Dec 2020 02:25:58.843,27 Dec 2020 02:26:08.501,9.658
27 Dec 2020 03:24:27.938,27 Dec 2020 03:24:37.565,9.627
27 Dec 2020 03:58:56.494,27 Dec 2020 03:59:06.121,9.627
27 Dec 2020 04:57:23.489,27 Dec 2020 04:57:33.085,9.595
27 Dec 2020 05:31:54.122,27 Dec 2020 05:32:03.721,9.599
27 Dec 2020 06:30:19.060,27 Dec 2020 06:30:28.625,9.565
27 Dec 2020 07:04:51.736,27 Dec 2020 07:05:01.303,9.567
27 Dec 2020 08:03:14.636,27 Dec 2020 08:03:24.171,9.534
27 Dec 2020 08:37:49.321,27 Dec 2020 08:37:58.859,9.537
27 Dec 2020 09:36:10.322,27 Dec 2020 09:36:19.826,9.505
27 Dec 2020 10:10:46.976,27 Dec 2020 10:10:56.484,9.508
27 Dec 2020 11:09:05.926,27 Dec 2020 11:09:15.401,9.475
27 Dec 2020 11:43:44.523,27 Dec 2020 11:43:54.003,9.480
27 Dec 2020 12:42:01.543,27 Dec 2020 12:42:10.990,9.447
27 Dec 2020 13:16:42.049,27 Dec 2020 13:16:51.501,9.452
27 Dec 2020 14:14:57.284,27 Dec 2020 14:15:06.705,9.421
27 Dec 2020 14:49:39.652,27 Dec 2020 14:49:49.077,9.425
27 Dec 2020 15:47:52.916,27 Dec 2020 15:48:02.310,9.393
27 Dec 2020 16:22:37.143,27 Dec 2020 16:22:46.541,9.398
27 Dec 2020 17:20:48.583,27 Dec 2020 17:20:57.946,9.364
27 Dec 2020 17:55:34.621,27 Dec 2020 17:55:43.992,9.372
27 Dec 2020 18:53:44.253,27 Dec 2020 18:53:53.588,9.335
27 Dec 2020 19:28:32.075,27 Dec 2020 19:28:41.420,9.346
27 Dec 2020 20:26:39.940,27 Dec 2020 20:26:49.248,9.308
27 Dec 2020 21:01:29.516,27 Dec 2020 21:01:38.837,9.320
27 Dec 2020 21:59:35.634,27 Dec 2020 21:59:44.919,9.285
27 Dec 2020 22:34:26.936,27 Dec 2020 22:34:36.231,9.295
27 Dec 2020 23:32:31.343,27 Dec 2020 23:32:40.603,9.260
28 Dec 2020 00:07:24.338,28 Dec 2020 00:07:33.609,9.271
28 Dec 2020 01:05:27.065,28 Dec 2020 01:05:36.301,9.235
28 Dec 2020 01:40:21.721,28 Dec 2020 01:40:30.968,9.247
28 Dec 2020 02:38:22.800,28 Dec 2020 02:38:32.011,9.211
28 Dec 2020 03:13:19.094,28 Dec 2020 03:13:28.320,9.226
28 Dec 2020 04:11:18.562,28 Dec 2020 04:11:27.749,9.187
28 Dec 2020 04:46:16.443,28 Dec 2020 04:46:25.645,9.202
28 Dec 2020 05:44:14.318,28 Dec 2020 05:44:23.481,9.163
28 Dec 2020 06:19:13.782,28 Dec 2020 06:19:22.959,9.177
28 Dec 2020 07:17:10.090,28 Dec 2020 07:17:19.231,9.140
28 Dec 2020 07:52:11.101,28 Dec 2020 07:52:20.258,9.157
28 Dec 2020 08:50:05.876,28 Dec 2020 08:50:14.993,9.118
28 Dec 2020 09:25:08.409,28 Dec 2020 09:25:17.543,9.133
28 Dec 2020 10:23:01.674,28 Dec 2020 10:23:10.769,9.096
28 Dec 2020 10:58:05.782,28 Dec 2020 10:58:14.896,9.114
28 Dec 2020 11:55:57.575,28 Dec 2020 11:56:06.649,9.074
28 Dec 2020 12:31:03.073,28 Dec 2020 12:31:12.165,9.093
28 Dec 2020 13:28:53.404,28 Dec 2020 13:29:02.456,9.053
28 Dec 2020 14:04:00.343,28 Dec 2020 14:04:09.413,9.070
28 Dec 2020 15:01:49.233,28 Dec 2020 15:01:58.265,9.032
28 Dec 2020 15:36:57.583,28 Dec 2020 15:37:06.633,9.050
28 Dec 2020 16:34:45.088,28 Dec 2020 16:34:54.099,9.011
28 Dec 2020 17:09:54.824,28 Dec 2020 17:10:03.854,9.030
28 Dec 2020 18:07:40.955,28 Dec 2020 18:07:49.946,8.991
28 Dec 2020 18:42:52.052,28 Dec 2020 18:43:01.062,9.011
28 Dec 2020 19:40:36.872,28 Dec 2020 19:40:45.843,8.971
28 Dec 2020 20:15:49.288,28 Dec 2020 20:15:58.277,8.989
28 Dec 2020 21:13:32.767,28 Dec 2020 21:13:41.718,8.952
28 Dec 2020 21:48:46.489,28 Dec 2020 21:48:55.464,8.975
28 Dec 2020 22:46:28.674,28 Dec 2020 22:46:37.607,8.933
28 Dec 2020 23:21:43.683,28 Dec 2020 23:21:52.636,8.952
29 Dec 2020 00:19:24.595,29 Dec 2020 00:19:33.509,8.914
29 Dec 2020 00:54:40.863,29 Dec 2020 00:54:49.800,8.937
29 Dec 2020 01:52:20.503,29 Dec 2020 01:52:29.399,8.896
29 Dec 2020 02:27:38.008,29 Dec 2020 02:27:46.924,8.916
29 Dec 2020 03:25:16.447,29 Dec 2020 03:25:25.325,8.878
29 Dec 2020 04:00:35.159,29 Dec 2020 04:00:44.061,8.902
29 Dec 2020 04:58:12.404,29 Dec 2020 04:58:21.265,8.861
29 Dec 2020 05:33:32.302,29 Dec 2020 05:33:41.188,8.885
29 Dec 2020 06:31:08.374,29 Dec 2020 06:31:17.218,8.844
29 Dec 2020 07:06:29.426,29 Dec 2020 07:06:38.294,8.869
29 Dec 2020 08:04:04.357,29 Dec 2020 08:04:13.184,8.827
29 Dec 2020 08:39:26.550,29 Dec 2020 08:39:35.402,8.852
29 Dec 2020 09:37:00.354,29 Dec 2020 09:37:09.164,8.810
29 Dec 2020 10:12:23.663,29 Dec 2020 10:12:32.500,8.837
29 Dec 2020 11:09:56.366,29 Dec 2020 11:10:05.160,8.794
29 Dec 2020 11:45:20.768,29 Dec 2020 11:45:29.589,8.821
29 Dec 2020 12:42:52.391,29 Dec 2020 12:43:01.170,8.779
29 Dec 2020 13:18:17.862,29 Dec 2020 13:18:26.668,8.806
29 Dec 2020 14:15:48.430,29 Dec 2020 14:15:57.193,8.763
29 Dec 2020 14:51:14.947,29 Dec 2020 14:51:23.739,8.792
29 Dec 2020 15:48:44.482,29 Dec 2020 15:48:53.231,8.748
29 Dec 2020 16:24:12.024,29 Dec 2020 16:24:20.801,8.777
29 Dec 2020 17:21:40.449,29 Dec 2020 17:21:49.183,8.733
29 Dec 2020 17:57:08.988,29 Dec 2020 17:57:17.751,8.763
29 Dec 2020 18:54:36.522,29 Dec 2020 18:54:45.241,8.719
29 Dec 2020 19:30:06.041,29 Dec 2020 19:30:14.790,8.749
29 Dec 2020 20:27:32.609,29 Dec 2020 20:27:41.314,8.705
29 Dec 2020 21:03:03.086,29 Dec 2020 21:03:11.822,8.736
29 Dec 2020 22:00:28.709,29 Dec 2020 22:00:37.401,8.691
29 Dec 2020 22:36:00.123,29 Dec 2020 22:36:08.846,8.723
29 Dec 2020 23:33:24.824,29 Dec 2020 23:33:33.502,8.678
30 Dec 2020 00:08:57.152,30 Dec 2020 00:09:05.862,8.710
30 Dec 2020 01:06:20.952,30 Dec 2020 01:06:29.617,8.665
30 Dec 2020 01:41:54.174,30 Dec 2020 01:42:02.871,8.698
30 Dec 2020 02:39:17.093,30 Dec 2020 02:39:25.746,8.652
30 Dec 2020 03:14:51.188,30 Dec 2020 03:14:59.874,8.685
30 Dec 2020 04:12:13.249,30 Dec 2020 04:12:21.888,8.640
30 Dec 2020 04:47:48.196,30 Dec 2020 04:47:56.869,8.674
30 Dec 2020 05:45:09.418,30 Dec 2020 05:45:18.046,8.628
30 Dec 2020 06:20:45.154,30 Dec 2020 06:20:53.816,8.662
30 Dec 2020 07:18:05.554,30 Dec 2020 07:18:14.170,8.616
30 Dec 2020 07:53:42.145,30 Dec 2020 07:53:50.796,8.651
30 Dec 2020 08:51:01.749,30 Dec 2020 08:51:10.354,8.605
30 Dec 2020 09:26:39.130,30 Dec 2020 09:26:47.770,8.640
30 Dec 2020 10:23:57.960,30 Dec 2020 10:24:06.553,8.593
30 Dec 2020 10:59:36.109,30 Dec 2020 10:59:44.738,8.629
30 Dec 2020 11:56:54.113,30 Dec 2020 11:57:02.695,8.582
30 Dec 2020 12:32:33.004,30 Dec 2020 12:32:41.623,8.619
30 Dec 2020 13:29:50.346,30 Dec 2020 13:29:58.920,8.574
30 Dec 2020 14:05:29.947,30 Dec 2020 14:05:38.555,8.609
30 Dec 2020 15:02:46.572,30 Dec 2020 15:02:55.131,8.558
30 Dec 2020 15:38:26.903,30 Dec 2020 15:38:35.502,8.599
30 Dec 2020 16:35:42.834,30 Dec 2020 16:35:51.380,8.546
30 Dec 2020 17:11:23.854,30 Dec 2020 17:11:32.443,8.590
30 Dec 2020 18:08:39.059,30 Dec 2020 18:08:47.605,8.546
30 Dec 2020 18:44:20.747,30 Dec 2020 18:44:29.327,8.580
30 Dec 2020 19:41:35.343,30 Dec 2020 19:41:43.875,8.532
30 Dec 2020 20:17:17.684,30 Dec 2020 20:17:26.256,8.571
30 Dec 2020 21:14:31.646,30 Dec 2020 21:14:40.163,8.517
30 Dec 2020 21:50:14.617,30 Dec 2020 21:50:23.179,8.563
30 Dec 2020 22:47:27.953,30 Dec 2020 22:47:36.466,8.513
30 Dec 2020 23:23:11.545,30 Dec 2020 23:23:20.099,8.554
31 Dec 2020 00:20:24.279,31 Dec 2020 00:20:32.789,8.510
31 Dec 2020 00:56:08.468,31 Dec 2020 00:56:17.014,8.546
31 Dec 2020 01:53:20.625,31 Dec 2020 01:53:29.116,8.491
31 Dec 2020 02:29:05.387,31 Dec 2020 02:29:13.926,8.538
31 Dec 2020 03:26:16.980,31 Dec 2020 03:26:25.469,8.488
31 Dec 2020 04:02:02.303,31 Dec 2020 04:02:10.834,8.531
31 Dec 2020 04:59:13.350,31 Dec 2020 04:59:21.825,8.475
31 Dec 2020 05:34:59.215,31 Dec 2020 05:35:07.738,8.524
31 Dec 2020 06:32:09.729,31 Dec 2020 06:32:18.202,8.473
31 Dec 2020 07:07:56.129,31 Dec 2020 07:08:04.645,8.517
31 Dec 2020 08:05:06.125,31 Dec 2020 08:05:14.591,8.466
31 Dec 2020 08:40:53.033,31 Dec 2020 08:41:01.546,8.513
31 Dec 2020 09:38:02.543,31 Dec 2020 09:38:10.996,8.454
31 Dec 2020 10:13:49.937,31 Dec 2020 10:13:58.440,8.504
31 Dec 2020 11:10:58.965,31 Dec 2020 11:11:07.417,8.452
31 Dec 2020 11:46:46.833,31 Dec 2020 11:46:55.330,8.497
31 Dec 2020 12:43:55.408,31 Dec 2020 12:44:03.853,8.445
31 Dec 2020 13:19:43.729,31 Dec 2020 13:19:52.223,8.494
31 Dec 2020 14:16:51.851,31 Dec 2020 14:17:00.295,8.444
31 Dec 2020 14:52:40.614,31 Dec 2020 14:52:49.101,8.487
31 Dec 2020 15:49:48.322,31 Dec 2020 15:49:56.755,8.433
31 Dec 2020 16:25:37.502,31 Dec 2020 16:25:45.982,8.480
31 Dec 2020 17:22:44.808,31 Dec 2020 17:22:53.241,8.432
31 Dec 2020 17:58:34.390,31 Dec 2020 17:58:42.869,8.479
31 Dec 2020 18:55:41.310,31 Dec 2020 18:55:49.731,8.422
31 Dec 2020 19:31:31.276,31 Dec 2020 19:31:39.750,8.474
31 Dec 2020 20:28:37.826,31 Dec 2020 20:28:46.243,8.417
31 Dec 2020 21:04:28.164,31 Dec 2020 21:04:36.630,8.465
31 Dec 2020 22:01:34.363,31 Dec 2020 22:01:42.774,8.411
31 Dec 2020 22:37:25.047,31 Dec 2020 22:37:33.508,8.461
31 Dec 2020 23:34:30.905,31 Dec 2020 23:34:39.311,8.407
1 Jan 2021 00:10:21.925,1 Jan 2021 00:10:30.386,8.461
1 Jan 2021 01:07:27.467,1 Jan 2021 01:07:35.874,8.407
1 Jan 2021 01:43:18.806,1 Jan 2021 01:43:27.259,8.453
1 Jan 2021 02:40:24.045,1 Jan 2021 02:40:32.443,8.398
1 Jan 2021 03:16:15.690,1 Jan 2021 03:16:24.139,8.449
1 Jan 2021 04:13:20.638,1 Jan 2021 04:13:29.032,8.394
1 Jan 2021 04:49:12.565,1 Jan 2021 04:49:21.011,8.445
1 Jan 2021 05:46:17.246,1 Jan 2021 05:46:25.641,8.395
1 Jan 2021 06:22:09.444,1 Jan 2021 06:22:17.889,8.445
1 Jan 2021 07:19:13.871,1 Jan 2021 07:19:22.262,8.391
1 Jan 2021 07:55:06.349,1 Jan 2021 07:55:14.788,8.439
1 Jan 2021 08:52:10.550,1 Jan 2021 08:52:18.933,8.383
1 Jan 2021 09:28:03.243,1 Jan 2021 09:28:11.682,8.439
1 Jan 2021 10:25:07.226,1 Jan 2021 10:25:15.602,8.376
1 Jan 2021 11:01:00.127,1 Jan 2021 11:01:08.561,8.434
1 Jan 2021 11:58:03.898,1 Jan 2021 11:58:12.274,8.377
1 Jan 2021 12:33:57.009,1 Jan 2021 12:34:05.440,8.431
1 Jan 2021 13:31:00.596,1 Jan 2021 13:31:08.970,8.374
1 Jan 2021 14:06:53.897,1 Jan 2021 14:07:02.322,8.425
1 Jan 2021 15:03:57.299,1 Jan 2021 15:04:05.671,8.372
1 Jan 2021 15:39:50.776,1 Jan 2021 15:39:59.203,8.427
1 Jan 2021 16:36:54.023,1 Jan 2021 16:37:02.393,8.370
1 Jan 2021 17:12:47.660,1 Jan 2021 17:12:56.085,8.425

Global Statistics
"Min Duration",2 Aug 2020 16:13:47.908,2 Aug 2020 16:13:56.023,8.115
"Max Duration",14 Dec 2020 17:37:28.549,14 Dec 2020 17:52:46.074,917.525
"Mean Duration",,,13.520
"Total Duration",,,73006.004


"Start Time (UTCG)","Stop Time (UTCG)","Duration (sec)"
1 Jul 2020 18:35:35.663,1 Jul 2020 19:10:47.327,2111.665
1 Jul 2020 20:08:32.026,1 Jul 2020 20:43:42.498,2110.472
1 Jul 2020 21:41:28.399,1 Jul 2020 22:16:37.656,2109.257
1 Jul 2020 23:14:24.782,1 Jul 2020 23:49:32.800,2108.018
2 Jul 2020 00:47:21.177,2 Jul 2020 01:22:27.947,2106.770
2 Jul 2020 02:20:17.601,2 Jul 2020 02:55:23.068,2105.467
2 Jul 2020 03:53:14.020,2 Jul 2020 04:28:18.176,2104.156
2 Jul 2020 05:26:10.412,2 Jul 2020 06:01:13.233,2102.821
2 Jul 2020 06:59:06.853,2 Jul 2020 07:34:08.314,2101.461
2 Jul 2020 08:32:03.307,2 Jul 2020 09:07:03.382,2100.076
2 Jul 2020 10:04:59.764,2 Jul 2020 10:39:58.432,2098.669
2 Jul 2020 11:37:56.243,2 Jul 2020 12:12:53.476,2097.232
2 Jul 2020 13:10:52.695,2 Jul 2020 13:45:48.467,2095.771
2 Jul 2020 14:43:49.200,2 Jul 2020 15:18:43.483,2094.283
2 Jul 2020 16:16:45.719,2 Jul 2020 16:51:38.488,2092.769
2 Jul 2020 17:49:42.192,2 Jul 2020 18:24:33.421,2091.228
2 Jul 2020 19:22:38.742,2 Jul 2020 19:57:28.402,2089.660
2 Jul 2020 20:55:35.302,2 Jul 2020 21:30:23.364,2088.062
2 Jul 2020 22:28:31.875,2 Jul 2020 23:03:18.314,2086.438
3 Jul 2020 00:01:28.461,3 Jul 2020 00:36:13.251,2084.790
3 Jul 2020 01:34:25.066,3 Jul 2020 02:09:08.176,2083.111
3 Jul 2020 03:07:21.690,3 Jul 2020 03:42:03.089,2081.400
3 Jul 2020 04:40:18.327,3 Jul 2020 05:14:57.979,2079.652
3 Jul 2020 06:13:14.967,3 Jul 2020 06:47:52.865,2077.898
3 Jul 2020 07:46:11.639,3 Jul 2020 08:20:47.743,2076.104
3 Jul 2020 09:19:08.391,3 Jul 2020 09:53:42.665,2074.274
3 Jul 2020 10:52:05.098,3 Jul 2020 11:26:37.518,2072.420
3 Jul 2020 12:25:01.823,3 Jul 2020 12:59:32.356,2070.533
3 Jul 2020 13:57:58.568,3 Jul 2020 14:32:27.179,2068.612
3 Jul 2020 15:30:55.392,3 Jul 2020 16:05:22.055,2066.663
3 Jul 2020 17:03:52.193,3 Jul 2020 17:38:16.870,2064.677
3 Jul 2020 18:36:49.017,3 Jul 2020 19:11:11.677,2062.660
3 Jul 2020 20:09:45.848,3 Jul 2020 20:44:06.464,2060.615
3 Jul 2020 21:42:42.701,3 Jul 2020 22:17:01.236,2058.535
3 Jul 2020 23:15:39.575,3 Jul 2020 23:49:55.996,2056.421
4 Jul 2020 00:48:36.472,4 Jul 2020 01:22:50.744,2054.272
4 Jul 2020 02:21:41.398,4 Jul 2020 02:55:53.064,2051.666
4 Jul 2020 03:54:39.374,4 Jul 2020 04:28:48.829,2049.455
4 Jul 2020 05:27:37.268,4 Jul 2020 06:01:44.488,2047.220
4 Jul 2020 07:00:35.246,4 Jul 2020 07:34:40.182,2044.936
4 Jul 2020 08:33:33.228,4 Jul 2020 09:07:35.845,2042.617
4 Jul 2020 10:06:31.217,4 Jul 2020 10:40:31.482,2040.265
4 Jul 2020 11:39:30.077,4 Jul 2020 12:13:27.883,2037.807
4 Jul 2020 13:12:28.152,4 Jul 2020 13:46:23.552,2035.400
4 Jul 2020 14:45:26.290,4 Jul 2020 15:19:19.221,2032.931
4 Jul 2020 16:18:24.433,4 Jul 2020 16:52:14.855,2030.422
4 Jul 2020 17:51:22.964,4 Jul 2020 18:25:10.795,2027.832
4 Jul 2020 19:24:21.260,4 Jul 2020 19:58:06.497,2025.237
4 Jul 2020 20:57:19.584,4 Jul 2020 21:31:02.185,2022.601
4 Jul 2020 22:30:17.937,4 Jul 2020 23:03:57.863,2019.927
5 Jul 2020 00:03:16.319,5 Jul 2020 00:36:53.527,2017.208
5 Jul 2020 01:36:14.732,5 Jul 2020 02:09:49.178,2014.446
5 Jul 2020 03:09:13.453,5 Jul 2020 03:42:44.895,2011.442
5 Jul 2020 04:42:11.925,5 Jul 2020 05:15:40.366,2008.441
5 Jul 2020 06:15:10.084,5 Jul 2020 06:48:35.957,2005.873
5 Jul 2020 07:48:08.597,5 Jul 2020 08:21:31.597,2003.000
5 Jul 2020 09:21:07.244,5 Jul 2020 09:54:27.176,1999.932
5 Jul 2020 10:54:05.843,5 Jul 2020 11:27:22.743,1996.900
5 Jul 2020 12:27:04.475,5 Jul 2020 13:00:18.300,1993.825
5 Jul 2020 14:00:03.261,5 Jul 2020 14:33:13.906,1990.645
5 Jul 2020 15:33:01.988,5 Jul 2020 16:06:09.457,1987.469
5 Jul 2020 17:06:00.579,5 Jul 2020 17:39:04.889,1984.310
5 Jul 2020 18:38:59.354,5 Jul 2020 19:12:00.385,1981.032
5 Jul 2020 20:11:58.168,5 Jul 2020 20:44:55.874,1977.706
5 Jul 2020 21:44:57.018,5 Jul 2020 22:17:51.346,1974.328
5 Jul 2020 23:17:55.908,5 Jul 2020 23:50:46.886,1970.978
6 Jul 2020 00:50:54.923,6 Jul 2020 01:23:42.341,1967.418
6 Jul 2020 02:23:53.903,6 Jul 2020 02:56:37.782,1963.879
6 Jul 2020 03:56:52.926,6 Jul 2020 04:29:33.208,1960.282
6 Jul 2020 05:29:51.930,6 Jul 2020 06:02:28.579,1956.649
6 Jul 2020 07:02:51.035,6 Jul 2020 07:35:23.973,1952.938
6 Jul 2020 08:35:50.184,6 Jul 2020 09:08:19.355,1949.171
6 Jul 2020 10:08:49.416,6 Jul 2020 10:41:14.689,1945.273
6 Jul 2020 11:41:48.675,6 Jul 2020 12:14:10.061,1941.386
6 Jul 2020 13:14:47.984,6 Jul 2020 13:47:05.421,1937.437
6 Jul 2020 14:47:47.342,6 Jul 2020 15:20:00.772,1933.430
6 Jul 2020 16:20:46.735,6 Jul 2020 16:52:56.172,1929.437
6 Jul 2020 17:53:46.186,6 Jul 2020 18:25:51.482,1925.297
6 Jul 2020 19:26:45.688,6 Jul 2020 19:58:46.784,1921.096
6 Jul 2020 20:59:45.244,6 Jul 2020 21:31:42.048,1916.804
6 Jul 2020 22:32:44.835,6 Jul 2020 23:04:37.311,1912.476
7 Jul 2020 00:05:44.497,7 Jul 2020 00:37:32.561,1908.064
7 Jul 2020 01:38:44.216,7 Jul 2020 02:10:27.797,1903.581
7 Jul 2020 03:11:43.992,7 Jul 2020 03:43:23.015,1899.023
7 Jul 2020 04:44:43.827,7 Jul 2020 05:16:18.331,1894.504
7 Jul 2020 06:17:43.818,7 Jul 2020 06:49:13.526,1889.708
7 Jul 2020 07:50:43.777,7 Jul 2020 08:22:08.709,1884.932
7 Jul 2020 09:23:43.852,7 Jul 2020 09:55:03.955,1880.102
7 Jul 2020 10:56:43.956,7 Jul 2020 11:27:59.121,1875.164
7 Jul 2020 12:29:44.130,7 Jul 2020 13:00:54.275,1870.145
7 Jul 2020 14:02:44.362,7 Jul 2020 14:33:49.413,1865.051
7 Jul 2020 15:35:44.673,7 Jul 2020 16:06:44.535,1859.863
7 Jul 2020 17:08:44.948,7 Jul 2020 17:39:39.541,1854.593
7 Jul 2020 18:41:45.384,7 Jul 2020 19:12:34.618,1849.234
7 Jul 2020 20:14:45.892,7 Jul 2020 20:45:29.676,1843.784
7 Jul 2020 21:47:46.470,7 Jul 2020 22:18:24.717,1838.247
7 Jul 2020 23:20:47.124,7 Jul 2020 23:51:19.741,1832.617
8 Jul 2020 00:53:47.860,8 Jul 2020 01:24:14.747,1826.887
8 Jul 2020 02:26:48.671,8 Jul 2020 02:57:09.735,1821.064
8 Jul 2020 03:59:49.564,8 Jul 2020 04:30:04.795,1815.231
8 Jul 2020 05:32:50.675,8 Jul 2020 06:02:59.762,1809.086
8 Jul 2020 07:05:51.746,8 Jul 2020 07:35:54.707,1802.961
8 Jul 2020 08:38:52.909,8 Jul 2020 09:08:49.634,1796.725
8 Jul 2020 10:11:54.149,8 Jul 2020 10:41:44.525,1790.376
8 Jul 2020 11:44:55.484,8 Jul 2020 12:14:39.408,1783.924
8 Jul 2020 13:17:56.934,8 Jul 2020 13:47:34.310,1777.376
8 Jul 2020 14:50:58.462,8 Jul 2020 15:20:29.159,1770.697
8 Jul 2020 16:24:00.116,8 Jul 2020 16:53:24.041,1763.925
8 Jul 2020 17:57:01.846,8 Jul 2020 18:26:18.848,1757.003
8 Jul 2020 19:30:03.680,8 Jul 2020 19:59:13.641,1749.961
8 Jul 2020 21:03:05.613,8 Jul 2020 21:32:08.390,1742.777
8 Jul 2020 22:36:07.563,8 Jul 2020 23:05:03.126,1735.563
9 Jul 2020 00:09:09.709,9 Jul 2020 00:37:57.842,1728.133
9 Jul 2020 01:42:11.905,9 Jul 2020 02:10:52.489,1720.584
9 Jul 2020 03:15:14.269,9 Jul 2020 03:43:47.153,1712.884
9 Jul 2020 04:48:16.710,9 Jul 2020 05:16:41.753,1705.043
9 Jul 2020 06:21:19.306,9 Jul 2020 06:49:36.367,1697.061
9 Jul 2020 07:54:22.030,9 Jul 2020 08:22:30.954,1688.924
9 Jul 2020 09:27:24.873,9 Jul 2020 09:55:25.487,1680.614
9 Jul 2020 11:00:27.844,9 Jul 2020 11:28:20.019,1672.175
9 Jul 2020 12:33:30.950,9 Jul 2020 13:01:14.523,1663.573
9 Jul 2020 14:06:34.088,9 Jul 2020 14:34:08.900,1654.812
9 Jul 2020 15:39:37.463,9 Jul 2020 16:07:03.340,1645.877
9 Jul 2020 17:12:40.979,9 Jul 2020 17:39:57.749,1636.771
9 Jul 2020 18:45:44.640,9 Jul 2020 19:12:52.132,1627.492
9 Jul 2020 20:18:48.450,9 Jul 2020 20:45:46.477,1618.026
9 Jul 2020 21:51:51.736,9 Jul 2020 22:18:40.299,1608.562
9 Jul 2020 23:24:55.811,9 Jul 2020 23:51:34.487,1598.677
10 Jul 2020 00:57:59.953,10 Jul 2020 01:24:28.675,1588.721
10 Jul 2020 02:31:04.337,10 Jul 2020 02:57:22.823,1578.486
10 Jul 2020 04:04:08.893,10 Jul 2020 04:30:16.932,1568.039
10 Jul 2020 05:37:13.834,10 Jul 2020 06:03:11.112,1557.278
10 Jul 2020 07:10:18.746,10 Jul 2020 07:36:05.143,1546.398
10 Jul 2020 08:43:23.832,10 Jul 2020 09:08:59.128,1535.296
10 Jul 2020 10:16:29.095,10 Jul 2020 10:41:53.061,1523.966
10 Jul 2020 11:49:34.556,10 Jul 2020 12:14:46.947,1512.391
10 Jul 2020 13:22:40.342,10 Jul 2020 13:47:40.896,1500.554
10 Jul 2020 14:55:46.220,10 Jul 2020 15:20:34.691,1488.471
10 Jul 2020 16:28:52.170,10 Jul 2020 16:53:28.314,1476.144
10 Jul 2020 18:01:58.459,10 Jul 2020 18:26:21.991,1463.533
10 Jul 2020 19:35:04.973,10 Jul 2020 19:59:15.611,1450.637
10 Jul 2020 21:08:11.709,10 Jul 2020 21:32:09.365,1437.656
10 Jul 2020 22:41:18.951,10 Jul 2020 23:05:02.903,1423.952
11 Jul 2020 00:14:26.262,11 Jul 2020 00:37:56.379,1410.117
11 Jul 2020 01:47:33.785,11 Jul 2020 02:10:49.787,1396.003
11 Jul 2020 03:20:41.567,11 Jul 2020 03:43:43.127,1381.560
11 Jul 2020 04:53:49.617,11 Jul 2020 05:16:36.458,1366.840
11 Jul 2020 06:26:57.944,11 Jul 2020 06:49:29.645,1351.701
11 Jul 2020 08:00:06.554,11 Jul 2020 08:22:22.755,1336.201
11 Jul 2020 09:33:15.454,11 Jul 2020 09:55:15.775,1320.320
11 Jul 2020 11:06:24.692,11 Jul 2020 11:28:08.703,1304.011
11 Jul 2020 12:39:34.215,11 Jul 2020 13:01:01.533,1287.319
11 Jul 2020 14:12:44.064,11 Jul 2020 14:33:54.262,1270.198
11 Jul 2020 15:45:54.233,11 Jul 2020 16:06:46.879,1252.646
11 Jul 2020 17:19:04.766,11 Jul 2020 17:39:39.384,1234.618
11 Jul 2020 18:52:15.666,11 Jul 2020 19:12:31.765,1216.099
11 Jul 2020 20:25:26.977,11 Jul 2020 20:45:23.908,1196.932
11 Jul 2020 21:58:38.650,11 Jul 2020 22:18:16.013,1177.363
11 Jul 2020 23:31:50.729,11 Jul 2020 23:51:07.968,1157.239
12 Jul 2020 01:05:03.235,12 Jul 2020 01:23:55.966,1132.731
12 Jul 2020 02:38:07.395,12 Jul 2020 02:56:46.395,1119.000
12 Jul 2020 04:11:19.142,12 Jul 2020 04:29:36.526,1097.385
12 Jul 2020 05:44:34.102,12 Jul 2020 06:02:26.889,1072.787
12 Jul 2020 07:17:47.453,12 Jul 2020 07:35:16.890,1049.437
12 Jul 2020 08:51:01.347,12 Jul 2020 09:08:06.652,1025.305
12 Jul 2020 10:24:15.802,12 Jul 2020 10:40:56.157,1000.355
12 Jul 2020 11:57:30.863,12 Jul 2020 12:13:45.380,974.517
12 Jul 2020 13:30:46.244,12 Jul 2020 13:46:33.468,947.224
12 Jul 2020 15:04:02.549,12 Jul 2020 15:19:21.923,919.374
12 Jul 2020 16:37:19.541,12 Jul 2020 16:52:09.965,890.424
12 Jul 2020 18:10:37.310,12 Jul 2020 18:24:57.561,860.251
12 Jul 2020 19:43:55.921,12 Jul 2020 19:57:44.651,828.730
12 Jul 2020 21:17:15.891,12 Jul 2020 21:30:31.396,795.505
12 Jul 2020 22:50:36.527,12 Jul 2020 23:03:17.313,760.786
13 Jul 2020 00:23:58.300,13 Jul 2020 00:36:02.469,724.170
13 Jul 2020 01:57:21.088,13 Jul 2020 02:08:46.595,685.507
13 Jul 2020 03:30:45.569,13 Jul 2020 03:41:29.734,644.166
13 Jul 2020 05:04:11.774,13 Jul 2020 05:14:11.537,599.764
13 Jul 2020 06:37:41.066,13 Jul 2020 06:46:51.270,550.204
13 Jul 2020 08:11:12.099,13 Jul 2020 08:19:29.127,497.028
13 Jul 2020 09:44:46.534,13 Jul 2020 09:52:03.815,437.281
13 Jul 2020 11:18:26.146,13 Jul 2020 11:24:33.924,367.778
13 Jul 2020 12:52:14.171,13 Jul 2020 12:56:56.045,281.874
13 Jul 2020 14:26:23.747,13 Jul 2020 14:28:57.017,153.270
18 Jul 2020 04:40:29.353,18 Jul 2020 04:43:06.158,156.806
18 Jul 2020 06:12:30.690,18 Jul 2020 06:17:15.781,285.090
18 Jul 2020 07:44:52.739,18 Jul 2020 07:51:04.000,371.262
18 Jul 2020 09:17:22.868,18 Jul 2020 09:24:43.693,440.825
18 Jul 2020 10:49:57.545,18 Jul 2020 10:58:18.388,500.842
18 Jul 2020 12:22:35.380,18 Jul 2020 12:31:49.519,554.139
18 Jul 2020 13:55:15.434,18 Jul 2020 14:05:18.010,602.576
18 Jul 2020 15:27:57.179,18 Jul 2020 15:38:44.395,647.216
18 Jul 2020 17:00:40.261,18 Jul 2020 17:12:09.045,688.784
18 Jul 2020 18:33:24.462,18 Jul 2020 18:45:32.171,727.708
18 Jul 2020 20:06:09.496,18 Jul 2020 20:18:54.091,764.595
18 Jul 2020 21:38:55.336,18 Jul 2020 21:52:14.806,799.469
18 Jul 2020 23:11:41.832,18 Jul 2020 23:25:34.496,832.664
19 Jul 2020 00:44:28.882,19 Jul 2020 00:58:53.276,864.394
19 Jul 2020 02:17:16.450,19 Jul 2020 02:32:11.174,894.724
19 Jul 2020 03:50:04.504,19 Jul 2020 04:05:28.282,923.778
19 Jul 2020 05:22:52.901,19 Jul 2020 05:38:44.662,951.760
19 Jul 2020 06:55:41.656,19 Jul 2020 07:12:00.353,978.697
19 Jul 2020 08:28:30.723,19 Jul 2020 08:45:15.234,1004.511
19 Jul 2020 10:01:20.071,19 Jul 2020 10:18:29.627,1029.555
19 Jul 2020 11:34:09.627,19 Jul 2020 11:51:43.492,1053.866
19 Jul 2020 13:06:59.476,19 Jul 2020 13:24:56.817,1077.341
19 Jul 2020 14:39:49.545,19 Jul 2020 14:58:09.627,1100.082
19 Jul 2020 16:12:39.819,19 Jul 2020 16:31:21.941,1122.122
19 Jul 2020 17:45:30.293,19 Jul 2020 18:04:33.804,1143.511
19 Jul 2020 19:18:20.925,19 Jul 2020 19:37:45.201,1164.277
19 Jul 2020 20:51:11.775,19 Jul 2020 21:10:56.196,1184.421
19 Jul 2020 22:24:02.717,19 Jul 2020 22:44:06.753,1204.036
19 Jul 2020 23:56:53.797,20 Jul 2020 00:17:16.912,1223.115
20 Jul 2020 01:29:45.007,20 Jul 2020 01:50:26.688,1241.680
20 Jul 2020 03:02:36.339,20 Jul 2020 03:23:36.096,1259.756
20 Jul 2020 04:35:27.785,20 Jul 2020 04:56:45.257,1277.472
20 Jul 2020 06:08:19.435,20 Jul 2020 06:29:53.980,1294.545
20 Jul 2020 07:41:11.097,20 Jul 2020 08:03:02.368,1311.271
20 Jul 2020 09:14:02.854,20 Jul 2020 09:36:10.419,1327.565
20 Jul 2020 10:46:54.757,20 Jul 2020 11:09:18.186,1343.429
20 Jul 2020 12:19:46.689,20 Jul 2020 12:42:25.656,1358.968
20 Jul 2020 13:52:38.707,20 Jul 2020 14:15:32.838,1374.132
20 Jul 2020 15:25:30.799,20 Jul 2020 15:48:39.742,1388.943
20 Jul 2020 16:58:22.988,20 Jul 2020 17:21:46.400,1403.412
20 Jul 2020 18:31:15.228,20 Jul 2020 18:54:52.773,1417.545
20 Jul 2020 20:04:07.532,20 Jul 2020 20:27:58.890,1431.359
20 Jul 2020 21:36:59.898,20 Jul 2020 22:01:04.757,1444.859
20 Jul 2020 23:09:52.324,20 Jul 2020 23:34:10.390,1458.066
21 Jul 2020 00:42:44.807,21 Jul 2020 01:07:15.817,1471.010
21 Jul 2020 02:15:37.367,21 Jul 2020 02:40:20.993,1483.626
21 Jul 2020 03:48:29.957,21 Jul 2020 04:13:25.951,1495.994
21 Jul 2020 05:21:22.603,21 Jul 2020 05:46:30.694,1508.091
21 Jul 2020 06:54:15.302,21 Jul 2020 07:19:35.231,1519.929
21 Jul 2020 08:27:08.039,21 Jul 2020 08:52:39.570,1531.531
21 Jul 2020 10:00:00.862,21 Jul 2020 10:25:43.699,1542.837
21 Jul 2020 11:32:53.692,21 Jul 2020 11:58:47.654,1553.962
21 Jul 2020 13:05:46.564,21 Jul 2020 13:31:51.414,1564.850
21 Jul 2020 14:38:39.475,21 Jul 2020 15:04:54.998,1575.522
21 Jul 2020 16:11:32.425,21 Jul 2020 16:37:58.405,1585.980
21 Jul 2020 17:44:25.413,21 Jul 2020 18:11:01.641,1596.229
21 Jul 2020 19:17:18.436,21 Jul 2020 19:44:04.710,1606.274
21 Jul 2020 20:50:11.494,21 Jul 2020 21:17:07.617,1616.122
21 Jul 2020 22:23:04.586,21 Jul 2020 22:50:10.364,1625.778
21 Jul 2020 23:55:57.711,22 Jul 2020 00:23:12.957,1635.246
22 Jul 2020 01:28:50.866,22 Jul 2020 01:56:15.399,1644.532
22 Jul 2020 03:01:44.075,22 Jul 2020 03:29:17.669,1653.594
22 Jul 2020 04:34:37.291,22 Jul 2020 05:02:19.826,1662.535
22 Jul 2020 06:07:30.584,22 Jul 2020 06:35:21.794,1671.211
22 Jul 2020 07:40:23.854,22 Jul 2020 08:08:23.670,1679.816
22 Jul 2020 09:13:17.084,22 Jul 2020 09:41:25.409,1688.325
22 Jul 2020 10:46:10.408,22 Jul 2020 11:14:27.019,1696.610
22 Jul 2020 12:19:03.758,22 Jul 2020 12:47:28.502,1704.745
22 Jul 2020 13:51:57.135,22 Jul 2020 14:20:29.860,1712.725
22 Jul 2020 15:24:50.543,22 Jul 2020 15:53:31.104,1720.561
22 Jul 2020 16:57:43.968,22 Jul 2020 17:26:32.220,1728.251
22 Jul 2020 18:30:37.415,22 Jul 2020 18:59:33.224,1735.810
22 Jul 2020 20:03:30.860,22 Jul 2020 20:32:34.088,1743.228
22 Jul 2020 21:36:24.349,22 Jul 2020 22:05:34.868,1750.519
22 Jul 2020 23:09:17.856,22 Jul 2020 23:38:35.539,1757.683
23 Jul 2020 00:42:11.387,23 Jul 2020 01:11:36.132,1764.745
23 Jul 2020 02:15:04.981,23 Jul 2020 02:44:36.609,1771.628
23 Jul 2020 03:47:58.552,23 Jul 2020 04:17:36.974,1778.422
23 Jul 2020 05:20:52.146,23 Jul 2020 05:50:37.240,1785.094
23 Jul 2020 06:53:45.759,23 Jul 2020 07:23:37.410,1791.652
23 Jul 2020 08:26:39.390,23 Jul 2020 08:56:37.451,1798.061
23 Jul 2020 09:59:33.028,23 Jul 2020 10:29:37.432,1804.405
23 Jul 2020 11:32:26.695,23 Jul 2020 12:02:37.324,1810.629
23 Jul 2020 13:05:20.379,23 Jul 2020 13:35:37.128,1816.749
23 Jul 2020 14:38:14.083,23 Jul 2020 15:08:36.845,1822.762
23 Jul 2020 16:11:07.801,23 Jul 2020 16:41:36.477,1828.676
23 Jul 2020 17:44:01.569,23 Jul 2020 18:14:36.053,1834.485
23 Jul 2020 19:16:55.321,23 Jul 2020 19:47:35.524,1840.203
23 Jul 2020 20:49:49.068,23 Jul 2020 21:20:34.893,1845.824
23 Jul 2020 22:22:42.851,23 Jul 2020 22:53:34.205,1851.354
23 Jul 2020 23:55:36.650,24 Jul 2020 00:26:33.441,1856.791
24 Jul 2020 01:28:30.467,24 Jul 2020 01:59:32.598,1862.132
24 Jul 2020 03:01:24.296,24 Jul 2020 03:32:31.687,1867.391
24 Jul 2020 04:34:18.140,24 Jul 2020 05:05:30.709,1872.568
24 Jul 2020 06:07:12.151,24 Jul 2020 06:38:29.797,1877.646
24 Jul 2020 07:40:06.030,24 Jul 2020 08:11:28.681,1882.650
24 Jul 2020 09:12:59.999,24 Jul 2020 09:44:27.556,1887.556
24 Jul 2020 10:45:53.911,24 Jul 2020 11:17:26.313,1892.402
24 Jul 2020 12:18:47.837,24 Jul 2020 12:50:25.010,1897.173
24 Jul 2020 13:51:41.775,24 Jul 2020 14:23:23.640,1901.865
24 Jul 2020 15:24:35.732,24 Jul 2020 15:56:22.208,1906.476
24 Jul 2020 16:57:29.696,24 Jul 2020 17:29:20.713,1911.017
24 Jul 2020 18:30:23.680,24 Jul 2020 19:02:19.167,1915.487
24 Jul 2020 20:03:17.674,24 Jul 2020 20:35:17.554,1919.879
24 Jul 2020 21:36:12.219,24 Jul 2020 22:08:16.382,1924.163
24 Jul 2020 23:09:06.269,24 Jul 2020 23:41:14.691,1928.422
25 Jul 2020 00:42:00.316,25 Jul 2020 01:14:12.947,1932.631
25 Jul 2020 02:14:54.395,25 Jul 2020 02:47:11.151,1936.757
25 Jul 2020 03:47:48.493,25 Jul 2020 04:20:09.237,1940.744
25 Jul 2020 05:20:42.555,25 Jul 2020 05:53:07.336,1944.781
25 Jul 2020 06:53:36.665,25 Jul 2020 07:26:05.375,1948.710
25 Jul 2020 08:26:30.779,25 Jul 2020 08:59:03.360,1952.582
25 Jul 2020 09:59:24.920,25 Jul 2020 10:32:01.310,1956.390
25 Jul 2020 11:32:19.074,25 Jul 2020 12:04:59.213,1960.139
25 Jul 2020 13:05:13.243,25 Jul 2020 13:37:57.070,1963.827
25 Jul 2020 14:38:07.423,25 Jul 2020 15:10:54.882,1967.460
25 Jul 2020 16:11:01.615,25 Jul 2020 16:43:52.650,1971.035
25 Jul 2020 17:43:55.819,25 Jul 2020 18:16:50.377,1974.557
25 Jul 2020 19:16:50.037,25 Jul 2020 19:49:48.059,1978.022
25 Jul 2020 20:49:44.006,25 Jul 2020 21:22:45.423,1981.417
25 Jul 2020 22:22:38.216,25 Jul 2020 22:55:42.989,1984.773
25 Jul 2020 23:55:32.438,26 Jul 2020 00:28:40.521,1988.082
26 Jul 2020 01:28:26.684,26 Jul 2020 02:01:38.025,1991.341
26 Jul 2020 03:01:20.922,26 Jul 2020 03:34:35.446,1994.524
26 Jul 2020 04:34:15.160,26 Jul 2020 05:07:32.847,1997.688
26 Jul 2020 06:07:09.417,26 Jul 2020 06:40:30.209,2000.792
26 Jul 2020 07:40:03.685,26 Jul 2020 08:13:27.537,2003.852
26 Jul 2020 09:12:57.962,26 Jul 2020 09:46:24.819,2006.856
26 Jul 2020 10:45:52.250,26 Jul 2020 11:19:22.071,2009.821
26 Jul 2020 12:18:46.547,26 Jul 2020 12:52:19.280,2012.733
26 Jul 2020 13:51:40.854,26 Jul 2020 14:25:16.460,2015.606
26 Jul 2020 15:24:35.172,26 Jul 2020 15:58:13.599,2018.427
26 Jul 2020 16:57:29.499,26 Jul 2020 17:31:10.706,2021.207
26 Jul 2020 18:30:23.835,26 Jul 2020 19:04:07.782,2023.947
26 Jul 2020 20:03:18.641,26 Jul 2020 20:37:05.289,2026.647
26 Jul 2020 21:36:13.034,26 Jul 2020 22:10:02.330,2029.297
26 Jul 2020 23:09:07.437,26 Jul 2020 23:42:59.344,2031.907
27 Jul 2020 00:42:01.852,27 Jul 2020 01:15:56.327,2034.475
27 Jul 2020 02:14:56.276,27 Jul 2020 02:48:53.282,2037.006
27 Jul 2020 03:47:50.713,27 Jul 2020 04:21:50.207,2039.494
27 Jul 2020 05:20:45.161,27 Jul 2020 05:54:47.104,2041.943
27 Jul 2020 06:53:39.621,27 Jul 2020 07:27:43.973,2044.352
27 Jul 2020 08:26:34.092,27 Jul 2020 09:00:40.815,2046.724
27 Jul 2020 09:59:28.574,27 Jul 2020 10:33:37.631,2049.057
27 Jul 2020 11:32:23.067,27 Jul 2020 12:06:34.420,2051.353
27 Jul 2020 13:05:17.571,27 Jul 2020 13:39:30.762,2053.190
27 Jul 2020 14:38:11.650,27 Jul 2020 15:12:27.496,2055.846
27 Jul 2020 16:11:06.169,27 Jul 2020 16:45:24.187,2058.019
27 Jul 2020 17:44:00.688,27 Jul 2020 18:18:20.857,2060.170
27 Jul 2020 19:16:55.218,27 Jul 2020 19:51:17.503,2062.286
27 Jul 2020 20:49:49.687,27 Jul 2020 21:24:14.068,2064.381
27 Jul 2020 22:22:44.238,27 Jul 2020 22:57:10.663,2066.425
27 Jul 2020 23:55:38.794,28 Jul 2020 00:30:07.235,2068.442
28 Jul 2020 01:28:33.363,28 Jul 2020 02:03:03.785,2070.422
28 Jul 2020 03:01:27.946,28 Jul 2020 03:36:00.313,2072.367
28 Jul 2020 04:34:22.534,28 Jul 2020 05:08:56.843,2074.309
28 Jul 2020 06:07:17.147,28 Jul 2020 06:41:53.330,2076.183
28 Jul 2020 07:40:11.699,28 Jul 2020 08:14:49.737,2078.038
28 Jul 2020 09:13:06.314,28 Jul 2020 09:47:46.173,2079.859
28 Jul 2020 10:46:00.939,28 Jul 2020 11:20:42.584,2081.645
28 Jul 2020 12:18:55.575,28 Jul 2020 12:53:38.979,2083.403
28 Jul 2020 13:51:50.222,28 Jul 2020 14:26:35.353,2085.131
28 Jul 2020 15:24:44.879,28 Jul 2020 15:59:31.708,2086.829
28 Jul 2020 16:57:39.549,28 Jul 2020 17:32:28.050,2088.501
28 Jul 2020 18:30:34.227,28 Jul 2020 19:05:24.368,2090.140
28 Jul 2020 20:03:28.945,28 Jul 2020 20:38:20.691,2091.747
28 Jul 2020 21:36:23.647,28 Jul 2020 22:11:16.975,2093.328
28 Jul 2020 23:09:18.360,28 Jul 2020 23:44:13.244,2094.884
29 Jul 2020 00:42:13.084,29 Jul 2020 01:17:09.491,2096.407
29 Jul 2020 02:15:07.819,29 Jul 2020 02:50:05.725,2097.906
29 Jul 2020 03:48:02.565,29 Jul 2020 04:23:01.941,2099.376
29 Jul 2020 05:20:57.343,29 Jul 2020 05:55:58.158,2100.815
29 Jul 2020 06:53:52.134,29 Jul 2020 07:28:54.336,2102.201
29 Jul 2020 08:26:46.920,29 Jul 2020 09:01:50.511,2103.591
29 Jul 2020 09:59:41.717,29 Jul 2020 10:34:46.670,2104.953
29 Jul 2020 11:32:36.525,29 Jul 2020 12:07:42.812,2106.287
29 Jul 2020 13:05:31.345,29 Jul 2020 13:40:38.943,2107.598
29 Jul 2020 14:38:26.177,29 Jul 2020 15:13:35.059,2108.882
29 Jul 2020 16:11:21.035,29 Jul 2020 16:46:31.176,2110.141
29 Jul 2020 17:44:15.892,29 Jul 2020 18:19:27.268,2111.376
29 Jul 2020 19:17:10.761,29 Jul 2020 19:52:23.347,2112.586
29 Jul 2020 20:50:12.350,29 Jul 2020 21:25:25.884,2113.534
29 Jul 2020 22:23:08.755,29 Jul 2020 22:58:23.448,2114.693
29 Jul 2020 23:56:05.193,30 Jul 2020 00:31:21.022,2115.828
30 Jul 2020 01:29:01.665,30 Jul 2020 02:04:18.605,2116.939
30 Jul 2020 03:01:58.171,30 Jul 2020 03:37:16.198,2118.027
30 Jul 2020 04:34:54.710,30 Jul 2020 05:10:13.801,2119.091
30 Jul 2020 06:07:51.283,30 Jul 2020 06:43:11.414,2120.131
30 Jul 2020 07:40:47.890,30 Jul 2020 08:16:09.039,2121.149
30 Jul 2020 09:13:44.530,30 Jul 2020 09:49:06.674,2122.143
30 Jul 2020 10:46:41.204,30 Jul 2020 11:22:04.320,2123.115
30 Jul 2020 12:19:37.913,30 Jul 2020 12:55:01.977,2124.065
30 Jul 2020 13:52:34.655,30 Jul 2020 14:27:59.647,2124.992
30 Jul 2020 15:25:31.431,30 Jul 2020 16:00:57.328,2125.897
30 Jul 2020 16:58:28.242,30 Jul 2020 17:33:55.021,2126.780
30 Jul 2020 18:31:25.086,30 Jul 2020 19:06:52.727,2127.641
30 Jul 2020 20:04:17.828,30 Jul 2020 20:39:46.354,2128.526
30 Jul 2020 21:37:14.560,30 Jul 2020 22:12:43.892,2129.332
30 Jul 2020 23:10:11.381,30 Jul 2020 23:45:41.500,2130.120
31 Jul 2020 00:43:08.297,31 Jul 2020 01:18:39.178,2130.881
31 Jul 2020 02:16:05.300,31 Jul 2020 02:51:36.926,2131.627
31 Jul 2020 03:49:02.395,31 Jul 2020 04:24:32.957,2130.562
31 Jul 2020 05:21:56.843,31 Jul 2020 05:57:30.119,2133.276
31 Jul 2020 06:54:53.268,31 Jul 2020 07:30:27.249,2133.982
31 Jul 2020 08:27:49.691,31 Jul 2020 09:03:24.349,2134.657
31 Jul 2020 10:00:46.094,31 Jul 2020 10:36:21.417,2135.323
31 Jul 2020 11:33:42.492,31 Jul 2020 12:09:18.456,2135.963
31 Jul 2020 13:06:38.885,31 Jul 2020 13:42:15.464,2136.579
31 Jul 2020 14:39:35.258,31 Jul 2020 15:15:12.442,2137.184
31 Jul 2020 16:12:31.625,31 Jul 2020 16:48:09.390,2137.765
31 Jul 2020 17:45:27.982,31 Jul 2020 18:21:06.308,2138.326
31 Jul 2020 19:18:24.335,31 Jul 2020 19:54:03.198,2138.863
31 Jul 2020 20:51:20.672,31 Jul 2020 21:27:00.060,2139.388
31 Jul 2020 22:24:19.855,31 Jul 2020 22:59:59.685,2139.830
31 Jul 2020 23:57:16.565,1 Aug 2020 00:32:56.870,2140.304
1 Aug 2020 01:30:13.280,1 Aug 2020 02:05:54.052,2140.772
1 Aug 2020 03:03:10.019,1 Aug 2020 03:38:51.226,2141.207
1 Aug 2020 04:36:06.762,1 Aug 2020 05:11:48.397,2141.635
1 Aug 2020 06:09:03.503,1 Aug 2020 06:44:45.546,2142.043
1 Aug 2020 07:42:00.278,1 Aug 2020 08:17:42.703,2142.425
1 Aug 2020 09:14:57.067,1 Aug 2020 09:50:39.864,2142.797
1 Aug 2020 10:47:53.872,1 Aug 2020 11:23:37.018,2143.146
1 Aug 2020 12:20:50.690,1 Aug 2020 12:56:34.168,2143.478
1 Aug 2020 13:53:47.520,1 Aug 2020 14:29:31.315,2143.796
1 Aug 2020 15:26:44.373,1 Aug 2020 16:02:28.456,2144.083
1 Aug 2020 16:59:41.237,1 Aug 2020 17:35:25.601,2144.364
1 Aug 2020 18:32:38.117,1 Aug 2020 19:08:22.741,2144.624
1 Aug 2020 20:05:35.011,1 Aug 2020 20:41:19.878,2144.867
1 Aug 2020 21:38:31.917,1 Aug 2020 22:14:17.010,2145.093
1 Aug 2020 23:11:28.846,1 Aug 2020 23:47:14.150,2145.304
2 Aug 2020 00:44:25.786,2 Aug 2020 01:20:11.285,2145.500
2 Aug 2020 02:17:22.740,2 Aug 2020 02:53:08.416,2145.675
2 Aug 2020 03:50:19.714,2 Aug 2020 04:26:05.544,2145.830
2 Aug 2020 05:23:16.687,2 Aug 2020 05:59:02.666,2145.979
2 Aug 2020 06:56:13.687,2 Aug 2020 07:31:59.785,2146.098
2 Aug 2020 08:29:10.702,2 Aug 2020 09:04:56.908,2146.206
2 Aug 2020 10:02:07.734,2 Aug 2020 10:37:54.022,2146.289
2 Aug 2020 11:35:04.779,2 Aug 2020 12:10:51.145,2146.366
2 Aug 2020 13:08:01.843,2 Aug 2020 13:43:48.258,2146.415
2 Aug 2020 14:40:58.925,2 Aug 2020 15:16:45.376,2146.452
2 Aug 2020 16:13:56.023,2 Aug 2020 16:49:42.499,2146.476
2 Aug 2020 17:46:53.141,2 Aug 2020 18:22:39.614,2146.473
2 Aug 2020 19:19:50.274,2 Aug 2020 19:55:36.733,2146.459
2 Aug 2020 20:52:47.279,2 Aug 2020 21:28:33.702,2146.423
2 Aug 2020 22:25:44.431,2 Aug 2020 23:01:30.813,2146.382
2 Aug 2020 23:58:41.608,3 Aug 2020 00:34:27.922,2146.314
3 Aug 2020 01:31:38.797,3 Aug 2020 02:07:25.039,2146.241
3 Aug 2020 03:04:36.004,3 Aug 2020 03:40:22.151,2146.147
3 Aug 2020 04:37:33.225,3 Aug 2020 05:13:19.192,2145.967
3 Aug 2020 06:10:30.355,3 Aug 2020 06:46:16.290,2145.935
3 Aug 2020 07:43:27.600,3 Aug 2020 08:19:13.394,2145.793
3 Aug 2020 09:16:24.863,3 Aug 2020 09:52:10.504,2145.641
3 Aug 2020 10:49:22.159,3 Aug 2020 11:25:07.623,2145.465
3 Aug 2020 12:22:19.450,3 Aug 2020 12:58:04.726,2145.275
3 Aug 2020 13:55:16.769,3 Aug 2020 14:31:01.835,2145.066
3 Aug 2020 15:28:14.101,3 Aug 2020 16:03:58.957,2144.856
3 Aug 2020 17:01:11.448,3 Aug 2020 17:36:56.066,2144.618
3 Aug 2020 18:34:08.820,3 Aug 2020 19:09:53.187,2144.367
3 Aug 2020 20:07:06.261,3 Aug 2020 20:42:50.349,2144.088
3 Aug 2020 21:40:03.678,3 Aug 2020 22:15:47.489,2143.811
3 Aug 2020 23:13:01.120,3 Aug 2020 23:48:44.639,2143.519
4 Aug 2020 00:45:58.580,4 Aug 2020 01:21:41.787,2143.206
4 Aug 2020 02:18:56.060,4 Aug 2020 02:54:38.940,2142.880
4 Aug 2020 03:51:53.560,4 Aug 2020 04:27:36.144,2142.585
4 Aug 2020 05:24:51.111,4 Aug 2020 06:00:33.298,2142.187
4 Aug 2020 06:57:48.646,4 Aug 2020 07:33:30.464,2141.817
4 Aug 2020 08:30:46.226,4 Aug 2020 09:06:27.629,2141.402
4 Aug 2020 10:03:43.799,4 Aug 2020 10:39:24.799,2141.000
4 Aug 2020 11:36:41.391,4 Aug 2020 12:12:21.973,2140.583
4 Aug 2020 13:09:38.981,4 Aug 2020 13:45:19.159,2140.178
4 Aug 2020 14:42:36.619,4 Aug 2020 15:18:16.346,2139.727
4 Aug 2020 16:15:34.266,4 Aug 2020 16:51:13.537,2139.271
4 Aug 2020 17:48:31.968,4 Aug 2020 18:24:10.735,2138.767
4 Aug 2020 19:21:29.661,4 Aug 2020 19:57:07.938,2138.277
4 Aug 2020 20:54:27.410,4 Aug 2020 21:30:05.181,2137.771
4 Aug 2020 22:27:25.149,4 Aug 2020 23:03:02.399,2137.250
5 Aug 2020 00:00:22.905,5 Aug 2020 00:35:59.624,2136.719
5 Aug 2020 01:33:20.686,5 Aug 2020 02:08:56.855,2136.169
5 Aug 2020 03:06:18.484,5 Aug 2020 03:41:54.094,2135.610
5 Aug 2020 04:39:16.378,5 Aug 2020 05:14:51.444,2135.066
5 Aug 2020 06:12:14.164,5 Aug 2020 06:47:48.649,2134.486
5 Aug 2020 07:45:11.971,5 Aug 2020 08:20:45.855,2133.884
5 Aug 2020 09:18:09.784,5 Aug 2020 09:53:43.058,2133.273
5 Aug 2020 10:51:07.613,5 Aug 2020 11:26:40.257,2132.644
5 Aug 2020 12:24:05.787,5 Aug 2020 12:59:37.771,2131.984
5 Aug 2020 13:57:03.723,5 Aug 2020 14:32:35.048,2131.325
5 Aug 2020 15:30:01.678,5 Aug 2020 16:05:32.330,2130.652
5 Aug 2020 17:02:59.673,5 Aug 2020 17:38:29.638,2129.965
5 Aug 2020 18:35:57.673,5 Aug 2020 19:11:26.937,2129.265
5 Aug 2020 20:08:55.827,5 Aug 2020 20:44:24.376,2128.549
5 Aug 2020 21:41:53.895,5 Aug 2020 22:17:21.716,2127.821
5 Aug 2020 23:14:51.986,5 Aug 2020 23:50:19.064,2127.079
6 Aug 2020 00:47:50.099,6 Aug 2020 01:23:16.427,2126.327
6 Aug 2020 02:20:48.236,6 Aug 2020 02:56:13.837,2125.601
6 Aug 2020 03:53:46.424,6 Aug 2020 04:29:11.155,2124.732
6 Aug 2020 05:26:44.565,6 Aug 2020 06:02:08.548,2123.983
6 Aug 2020 06:59:42.775,6 Aug 2020 07:35:05.947,2123.172
6 Aug 2020 08:32:41.009,6 Aug 2020 09:08:03.362,2122.353
6 Aug 2020 10:05:39.267,6 Aug 2020 10:41:00.788,2121.521
6 Aug 2020 11:38:37.549,6 Aug 2020 12:13:58.226,2120.677
6 Aug 2020 13:11:35.842,6 Aug 2020 13:46:55.661,2119.820
6 Aug 2020 14:44:34.172,6 Aug 2020 15:19:53.123,2118.950
6 Aug 2020 16:17:32.528,6 Aug 2020 16:52:50.596,2118.068
6 Aug 2020 17:50:30.913,6 Aug 2020 18:25:48.086,2117.173
6 Aug 2020 19:23:29.318,6 Aug 2020 19:58:45.585,2116.266
6 Aug 2020 20:56:27.802,6 Aug 2020 21:31:43.152,2115.350
6 Aug 2020 22:29:26.261,6 Aug 2020 23:04:40.680,2114.419
7 Aug 2020 00:02:24.744,7 Aug 2020 00:37:38.222,2113.478
7 Aug 2020 01:35:23.251,7 Aug 2020 02:10:35.776,2112.525
7 Aug 2020 03:08:21.785,7 Aug 2020 03:43:33.344,2111.559
7 Aug 2020 04:41:20.291,7 Aug 2020 05:16:30.879,2110.588
7 Aug 2020 06:14:18.730,7 Aug 2020 06:49:28.375,2109.644
7 Aug 2020 07:47:17.252,7 Aug 2020 08:22:25.898,2108.647
7 Aug 2020 09:20:15.783,7 Aug 2020 09:55:23.422,2107.640
7 Aug 2020 10:53:14.328,7 Aug 2020 11:28:20.947,2106.619
7 Aug 2020 12:26:13.471,7 Aug 2020 13:01:18.997,2105.526
7 Aug 2020 13:59:12.185,7 Aug 2020 14:34:16.665,2104.480
7 Aug 2020 15:32:10.926,7 Aug 2020 16:07:14.349,2103.424
7 Aug 2020 17:05:09.699,7 Aug 2020 17:40:12.055,2102.356
7 Aug 2020 18:38:08.493,7 Aug 2020 19:13:09.771,2101.278
7 Aug 2020 20:11:07.323,7 Aug 2020 20:46:07.511,2100.188
7 Aug 2020 21:44:06.171,7 Aug 2020 22:19:05.263,2099.092
7 Aug 2020 23:17:05.046,7 Aug 2020 23:52:03.030,2097.983
8 Aug 2020 00:50:03.949,8 Aug 2020 01:25:00.811,2096.863
8 Aug 2020 02:23:02.878,8 Aug 2020 02:57:58.614,2095.736
8 Aug 2020 03:56:01.834,8 Aug 2020 04:30:56.433,2094.598
8 Aug 2020 05:29:00.818,8 Aug 2020 06:03:54.266,2093.448
8 Aug 2020 07:02:00.211,8 Aug 2020 07:36:52.584,2092.373
8 Aug 2020 08:34:59.274,8 Aug 2020 09:09:50.480,2091.206
8 Aug 2020 10:07:58.365,8 Aug 2020 10:42:48.395,2090.030
8 Aug 2020 11:40:57.484,8 Aug 2020 12:15:46.330,2088.845
8 Aug 2020 13:13:56.384,8 Aug 2020 13:48:43.985,2087.601
8 Aug 2020 14:46:55.541,8 Aug 2020 15:21:41.941,2086.400
8 Aug 2020 16:19:54.800,8 Aug 2020 16:54:39.988,2085.187
8 Aug 2020 17:52:54.017,8 Aug 2020 18:27:37.987,2083.970
8 Aug 2020 19:25:53.263,8 Aug 2020 20:00:36.007,2082.744
8 Aug 2020 20:58:52.557,8 Aug 2020 21:33:34.070,2081.513
8 Aug 2020 22:31:51.861,8 Aug 2020 23:06:32.133,2080.272
9 Aug 2020 00:04:51.193,9 Aug 2020 00:39:30.216,2079.024
9 Aug 2020 01:37:50.552,9 Aug 2020 02:12:28.321,2077.768
9 Aug 2020 03:10:49.969,9 Aug 2020 03:45:26.479,2076.511
9 Aug 2020 04:43:49.386,9 Aug 2020 05:18:24.628,2075.242
9 Aug 2020 06:16:48.831,9 Aug 2020 06:51:22.798,2073.967
9 Aug 2020 07:49:48.304,9 Aug 2020 08:24:20.989,2072.686
9 Aug 2020 09:22:47.806,9 Aug 2020 09:57:19.204,2071.397
9 Aug 2020 10:55:47.337,9 Aug 2020 11:30:17.440,2070.103
9 Aug 2020 12:28:46.951,9 Aug 2020 13:03:15.755,2068.804
9 Aug 2020 14:01:46.539,9 Aug 2020 14:36:14.041,2067.502
9 Aug 2020 15:34:46.155,9 Aug 2020 16:09:12.347,2066.192
9 Aug 2020 17:07:45.759,9 Aug 2020 17:42:10.637,2064.878
9 Aug 2020 18:40:45.431,9 Aug 2020 19:15:08.992,2063.561
9 Aug 2020 20:13:45.131,9 Aug 2020 20:48:07.367,2062.236
9 Aug 2020 21:46:44.845,9 Aug 2020 22:21:05.756,2060.911
9 Aug 2020 23:19:44.601,9 Aug 2020 23:54:04.182,2059.582
10 Aug 2020 00:52:44.356,10 Aug 2020 01:27:02.606,2058.250
10 Aug 2020 02:25:44.166,10 Aug 2020 03:00:01.083,2056.917
10 Aug 2020 03:58:44.003,10 Aug 2020 04:32:59.579,2055.577
10 Aug 2020 05:31:43.867,10 Aug 2020 06:05:58.104,2054.236
10 Aug 2020 07:04:43.759,10 Aug 2020 07:38:56.653,2052.894
10 Aug 2020 08:37:43.680,10 Aug 2020 09:11:55.231,2051.550
10 Aug 2020 10:10:43.627,10 Aug 2020 10:44:53.829,2050.202
10 Aug 2020 11:43:43.565,10 Aug 2020 12:17:52.424,2048.859
10 Aug 2020 13:16:43.563,10 Aug 2020 13:50:51.075,2047.512
10 Aug 2020 14:49:43.588,10 Aug 2020 15:23:49.752,2046.164
10 Aug 2020 16:22:43.639,10 Aug 2020 16:56:48.456,2044.817
10 Aug 2020 17:55:43.706,10 Aug 2020 18:29:47.172,2043.466
10 Aug 2020 19:28:43.809,10 Aug 2020 20:02:45.929,2042.120
10 Aug 2020 21:01:43.939,10 Aug 2020 21:35:44.683,2040.745
10 Aug 2020 22:34:44.062,10 Aug 2020 23:08:43.492,2039.430
11 Aug 2020 00:07:44.277,11 Aug 2020 00:41:42.383,2038.106
11 Aug 2020 01:40:44.479,11 Aug 2020 02:14:41.244,2036.765
11 Aug 2020 03:13:44.674,11 Aug 2020 03:47:40.108,2035.434
11 Aug 2020 04:46:44.923,11 Aug 2020 05:20:39.022,2034.099
11 Aug 2020 06:19:45.197,11 Aug 2020 06:53:37.964,2032.767
11 Aug 2020 07:52:45.495,11 Aug 2020 08:26:36.934,2031.439
11 Aug 2020 09:25:45.820,11 Aug 2020 09:59:35.932,2030.111
11 Aug 2020 10:58:46.163,11 Aug 2020 11:32:34.956,2028.793
11 Aug 2020 12:31:46.530,11 Aug 2020 13:05:34.010,2027.480
11 Aug 2020 14:04:46.923,11 Aug 2020 14:38:33.094,2026.171
11 Aug 2020 15:37:47.338,11 Aug 2020 16:11:32.202,2024.864
11 Aug 2020 17:10:47.776,11 Aug 2020 17:44:31.345,2023.569
11 Aug 2020 18:43:48.236,11 Aug 2020 19:17:30.515,2022.278
11 Aug 2020 20:16:48.718,11 Aug 2020 20:50:29.792,2021.073
11 Aug 2020 21:49:49.307,11 Aug 2020 22:23:29.020,2019.713
11 Aug 2020 23:22:49.836,11 Aug 2020 23:56:28.280,2018.444
12 Aug 2020 00:55:50.388,12 Aug 2020 01:29:27.569,2017.182
12 Aug 2020 02:28:51.100,12 Aug 2020 03:02:27.055,2015.955
12 Aug 2020 04:01:51.703,12 Aug 2020 04:35:26.414,2014.711
12 Aug 2020 05:34:52.325,12 Aug 2020 06:08:25.799,2013.474
12 Aug 2020 07:07:52.968,12 Aug 2020 07:41:25.218,2012.250
12 Aug 2020 08:40:53.630,12 Aug 2020 09:14:24.668,2011.037
12 Aug 2020 10:13:54.311,12 Aug 2020 10:47:24.147,2009.835
12 Aug 2020 11:46:55.011,12 Aug 2020 12:20:23.656,2008.645
12 Aug 2020 13:19:55.697,12 Aug 2020 13:53:23.166,2007.468
12 Aug 2020 14:52:56.431,12 Aug 2020 15:26:22.733,2006.302
12 Aug 2020 16:25:57.183,12 Aug 2020 16:59:22.331,2005.148
12 Aug 2020 17:58:57.951,12 Aug 2020 18:32:21.958,2004.007
12 Aug 2020 19:31:58.736,12 Aug 2020 20:05:21.616,2002.880
12 Aug 2020 21:04:59.536,12 Aug 2020 21:38:21.298,2001.762
12 Aug 2020 22:38:00.348,12 Aug 2020 23:11:21.013,2000.665
13 Aug 2020 00:11:01.179,13 Aug 2020 00:44:20.762,1999.582
13 Aug 2020 01:44:02.001,13 Aug 2020 02:17:20.518,1998.517
13 Aug 2020 03:17:02.857,13 Aug 2020 03:50:20.325,1997.467
13 Aug 2020 04:50:03.724,13 Aug 2020 05:23:20.159,1996.434
13 Aug 2020 06:23:04.606,13 Aug 2020 06:56:20.022,1995.416
13 Aug 2020 07:56:05.503,13 Aug 2020 08:29:19.914,1994.412
13 Aug 2020 09:29:06.405,13 Aug 2020 10:02:19.837,1993.432
13 Aug 2020 11:02:07.321,13 Aug 2020 11:35:19.785,1992.464
13 Aug 2020 12:35:08.248,13 Aug 2020 13:08:19.764,1991.516
13 Aug 2020 14:08:09.184,13 Aug 2020 14:41:19.772,1990.588
13 Aug 2020 15:41:10.130,13 Aug 2020 16:14:19.809,1989.679
13 Aug 2020 17:14:11.002,13 Aug 2020 17:47:19.784,1988.782
13 Aug 2020 18:47:11.961,13 Aug 2020 19:20:19.874,1987.913
13 Aug 2020 20:20:12.954,13 Aug 2020 20:53:20.017,1987.063
13 Aug 2020 21:53:13.928,13 Aug 2020 22:26:20.166,1986.238
13 Aug 2020 23:26:14.908,13 Aug 2020 23:59:20.340,1985.432
14 Aug 2020 00:59:15.732,14 Aug 2020 01:32:20.392,1984.659
14 Aug 2020 02:32:16.702,14 Aug 2020 03:05:20.600,1983.897
14 Aug 2020 04:05:17.675,14 Aug 2020 04:38:20.835,1983.160
14 Aug 2020 05:38:18.650,14 Aug 2020 06:11:21.094,1982.444
14 Aug 2020 07:11:19.627,14 Aug 2020 07:44:21.373,1981.746
14 Aug 2020 08:44:20.731,14 Aug 2020 09:17:21.808,1981.077
14 Aug 2020 10:17:21.726,14 Aug 2020 10:50:22.157,1980.430
14 Aug 2020 11:50:22.723,14 Aug 2020 12:23:22.530,1979.808
14 Aug 2020 13:23:23.715,14 Aug 2020 13:56:22.918,1979.203
14 Aug 2020 14:56:24.713,14 Aug 2020 15:29:23.343,1978.629
14 Aug 2020 16:29:25.711,14 Aug 2020 17:02:23.792,1978.081
14 Aug 2020 18:02:26.739,14 Aug 2020 18:35:24.298,1977.559
14 Aug 2020 19:35:27.734,14 Aug 2020 20:08:24.800,1977.066
14 Aug 2020 21:08:28.726,14 Aug 2020 21:41:25.316,1976.590
14 Aug 2020 22:41:29.715,14 Aug 2020 23:14:25.859,1976.144
15 Aug 2020 00:14:30.699,15 Aug 2020 00:47:26.424,1975.725
15 Aug 2020 01:47:31.678,15 Aug 2020 02:20:27.010,1975.332
15 Aug 2020 03:20:32.649,15 Aug 2020 03:53:27.619,1974.970
15 Aug 2020 04:53:33.620,15 Aug 2020 05:26:28.247,1974.627
15 Aug 2020 06:26:34.579,15 Aug 2020 06:59:28.895,1974.316
15 Aug 2020 07:59:35.529,15 Aug 2020 08:32:29.560,1974.031
15 Aug 2020 09:32:36.323,15 Aug 2020 10:05:30.102,1973.779
15 Aug 2020 11:05:37.253,15 Aug 2020 11:38:30.801,1973.548
15 Aug 2020 12:38:38.174,15 Aug 2020 13:11:31.519,1973.345
15 Aug 2020 14:11:39.084,15 Aug 2020 14:44:32.253,1973.170
15 Aug 2020 15:44:39.983,15 Aug 2020 16:17:33.005,1973.022
15 Aug 2020 17:17:40.874,15 Aug 2020 17:50:33.773,1972.900
15 Aug 2020 18:50:41.750,15 Aug 2020 19:23:34.559,1972.810
15 Aug 2020 20:23:42.613,15 Aug 2020 20:56:35.358,1972.745
15 Aug 2020 21:56:43.463,15 Aug 2020 22:29:36.172,1972.709
15 Aug 2020 23:29:44.299,16 Aug 2020 00:02:37.000,1972.701
16 Aug 2020 01:02:45.185,16 Aug 2020 01:35:37.902,1972.717
16 Aug 2020 02:35:45.995,16 Aug 2020 03:08:38.760,1972.765
16 Aug 2020 04:08:46.790,16 Aug 2020 04:41:39.628,1972.839
16 Aug 2020 05:41:47.568,16 Aug 2020 06:14:40.514,1972.945
16 Aug 2020 07:14:48.330,16 Aug 2020 07:47:41.406,1973.076
16 Aug 2020 08:47:49.075,16 Aug 2020 09:20:42.306,1973.230
16 Aug 2020 10:20:49.803,16 Aug 2020 10:53:43.224,1973.421
16 Aug 2020 11:53:50.512,16 Aug 2020 12:26:44.146,1973.634
16 Aug 2020 13:26:51.251,16 Aug 2020 13:59:45.117,1973.866
16 Aug 2020 14:59:51.925,16 Aug 2020 15:32:46.059,1974.134
16 Aug 2020 16:32:52.580,16 Aug 2020 17:05:47.005,1974.425
16 Aug 2020 18:05:53.214,16 Aug 2020 18:38:47.961,1974.747
16 Aug 2020 19:38:53.828,16 Aug 2020 20:11:48.924,1975.095
16 Aug 2020 21:11:54.422,16 Aug 2020 21:44:49.892,1975.470
16 Aug 2020 22:44:54.993,16 Aug 2020 23:17:50.865,1975.872
17 Aug 2020 00:17:55.641,17 Aug 2020 00:50:51.943,1976.302
17 Aug 2020 01:50:56.172,17 Aug 2020 02:23:52.928,1976.756
17 Aug 2020 03:23:56.684,17 Aug 2020 03:56:53.915,1977.232
17 Aug 2020 04:56:57.166,17 Aug 2020 05:29:54.904,1977.737
17 Aug 2020 06:29:57.629,17 Aug 2020 07:02:55.895,1978.266
17 Aug 2020 08:02:58.134,17 Aug 2020 08:35:56.938,1978.804
17 Aug 2020 09:35:58.551,17 Aug 2020 10:08:57.934,1979.383
17 Aug 2020 11:08:58.959,17 Aug 2020 11:41:58.952,1979.993
17 Aug 2020 12:41:59.322,17 Aug 2020 13:14:59.942,1980.620
17 Aug 2020 14:14:59.660,17 Aug 2020 14:48:00.931,1981.271
17 Aug 2020 15:47:59.973,17 Aug 2020 16:21:01.918,1981.945
17 Aug 2020 17:21:00.250,17 Aug 2020 17:54:02.896,1982.646
17 Aug 2020 18:54:00.514,17 Aug 2020 19:27:03.880,1983.366
17 Aug 2020 20:27:00.746,17 Aug 2020 21:00:04.855,1984.109
17 Aug 2020 22:00:00.957,17 Aug 2020 22:33:05.830,1984.873
17 Aug 2020 23:33:01.085,18 Aug 2020 00:06:06.747,1985.662
18 Aug 2020 01:06:01.242,18 Aug 2020 01:39:07.710,1986.468
18 Aug 2020 02:39:01.372,18 Aug 2020 03:12:08.672,1987.301
18 Aug 2020 04:12:01.474,18 Aug 2020 04:45:09.670,1988.196
18 Aug 2020 05:45:01.606,18 Aug 2020 06:18:10.613,1989.008
18 Aug 2020 07:18:01.653,18 Aug 2020 07:51:11.549,1989.896
18 Aug 2020 08:51:01.673,18 Aug 2020 09:24:12.476,1990.803
18 Aug 2020 10:24:01.665,18 Aug 2020 10:57:13.394,1991.729
18 Aug 2020 11:57:01.629,18 Aug 2020 12:30:14.302,1992.673
18 Aug 2020 13:30:01.564,18 Aug 2020 14:03:15.202,1993.638
18 Aug 2020 15:03:01.471,18 Aug 2020 15:36:16.091,1994.620
18 Aug 2020 16:36:01.296,18 Aug 2020 17:09:16.912,1995.616
18 Aug 2020 18:09:01.125,18 Aug 2020 18:42:17.752,1996.627
18 Aug 2020 19:42:00.942,18 Aug 2020 20:15:18.599,1997.657
18 Aug 2020 21:15:00.730,18 Aug 2020 21:48:19.433,1998.703
18 Aug 2020 22:48:00.394,18 Aug 2020 23:21:20.161,1999.768
19 Aug 2020 00:21:00.120,19 Aug 2020 00:54:20.963,2000.844
19 Aug 2020 01:53:59.816,19 Aug 2020 02:27:21.751,2001.935
19 Aug 2020 03:26:59.484,19 Aug 2020 04:00:22.523,2003.039
19 Aug 2020 04:59:59.125,19 Aug 2020 05:33:23.281,2004.155
19 Aug 2020 06:32:58.732,19 Aug 2020 07:06:24.020,2005.287
19 Aug 2020 08:05:58.312,19 Aug 2020 08:39:24.748,2006.435
19 Aug 2020 09:38:57.863,19 Aug 2020 10:12:25.453,2007.590
19 Aug 2020 11:11:57.385,19 Aug 2020 11:45:26.140,2008.755
19 Aug 2020 12:44:56.878,19 Aug 2020 13:18:26.813,2009.934
19 Aug 2020 14:17:56.342,19 Aug 2020 14:51:27.470,2011.128
19 Aug 2020 15:50:55.776,19 Aug 2020 16:24:28.105,2012.329
19 Aug 2020 17:23:55.043,19 Aug 2020 17:57:28.584,2013.541
19 Aug 2020 18:56:54.414,19 Aug 2020 19:30:29.172,2014.758
19 Aug 2020 20:29:53.756,19 Aug 2020 21:03:29.748,2015.991
19 Aug 2020 22:02:53.072,19 Aug 2020 22:36:30.299,2017.227
19 Aug 2020 23:35:52.266,20 Aug 2020 00:09:30.735,2018.469
20 Aug 2020 01:08:51.516,20 Aug 2020 01:42:31.243,2019.727
20 Aug 2020 02:41:50.616,20 Aug 2020 03:15:31.607,2020.991
20 Aug 2020 04:14:49.805,20 Aug 2020 04:48:32.065,2022.260
20 Aug 2020 05:47:48.966,20 Aug 2020 06:21:32.502,2023.536
20 Aug 2020 07:20:48.099,20 Aug 2020 07:54:32.913,2024.814
20 Aug 2020 08:53:47.203,20 Aug 2020 09:27:33.304,2026.101
20 Aug 2020 10:26:46.126,20 Aug 2020 11:00:33.528,2027.403
20 Aug 2020 11:59:45.155,20 Aug 2020 12:33:33.853,2028.698
20 Aug 2020 13:32:44.695,20 Aug 2020 14:06:34.672,2029.977
20 Aug 2020 15:05:43.837,20 Aug 2020 15:39:35.114,2031.277
20 Aug 2020 16:38:42.962,20 Aug 2020 17:12:35.545,2032.584
20 Aug 2020 18:11:41.393,20 Aug 2020 18:45:35.315,2033.922
20 Aug 2020 19:44:40.328,20 Aug 2020 20:18:35.568,2035.240
20 Aug 2020 21:17:39.164,20 Aug 2020 21:51:35.722,2036.558
20 Aug 2020 22:50:38.031,20 Aug 2020 23:24:35.912,2037.881
21 Aug 2020 00:23:36.879,21 Aug 2020 00:57:36.085,2039.206
21 Aug 2020 01:56:35.702,21 Aug 2020 02:30:36.232,2040.530
21 Aug 2020 03:29:34.500,21 Aug 2020 04:03:36.355,2041.856
21 Aug 2020 05:02:33.272,21 Aug 2020 05:36:36.454,2043.182
21 Aug 2020 06:35:32.020,21 Aug 2020 07:09:36.524,2044.504
21 Aug 2020 08:08:30.742,21 Aug 2020 08:42:36.571,2045.830
21 Aug 2020 09:41:29.441,21 Aug 2020 10:15:36.598,2047.157
21 Aug 2020 11:14:27.878,21 Aug 2020 11:48:36.370,2048.491
21 Aug 2020 12:47:26.532,21 Aug 2020 13:21:36.346,2049.814
21 Aug 2020 14:20:25.136,21 Aug 2020 14:54:36.277,2051.141
21 Aug 2020 15:53:23.715,21 Aug 2020 16:27:36.174,2052.459
21 Aug 2020 17:26:22.405,21 Aug 2020 18:00:36.159,2053.754
21 Aug 2020 18:59:20.932,21 Aug 2020 19:33:36.001,2055.069
21 Aug 2020 20:32:19.436,21 Aug 2020 21:06:35.823,2056.387
21 Aug 2020 22:05:17.922,21 Aug 2020 22:39:35.629,2057.707
21 Aug 2020 23:38:16.388,22 Aug 2020 00:12:35.404,2059.016
22 Aug 2020 01:11:14.830,22 Aug 2020 01:45:35.149,2060.319
22 Aug 2020 02:44:13.250,22 Aug 2020 03:18:34.890,2061.640
22 Aug 2020 04:17:11.624,22 Aug 2020 04:51:34.634,2063.010
22 Aug 2020 05:50:10.054,22 Aug 2020 06:24:34.231,2064.177
22 Aug 2020 07:23:08.324,22 Aug 2020 07:57:33.793,2065.469
22 Aug 2020 08:56:06.562,22 Aug 2020 09:30:33.321,2066.759
22 Aug 2020 10:29:05.100,22 Aug 2020 11:03:33.104,2068.005
22 Aug 2020 12:02:03.348,22 Aug 2020 12:36:32.625,2069.277
22 Aug 2020 13:35:01.728,22 Aug 2020 14:09:32.281,2070.553
22 Aug 2020 15:07:59.971,22 Aug 2020 15:42:31.791,2071.820
22 Aug 2020 16:40:58.194,22 Aug 2020 17:15:31.269,2073.074
22 Aug 2020 18:13:56.239,22 Aug 2020 18:48:30.611,2074.371
22 Aug 2020 19:46:54.417,22 Aug 2020 20:21:30.033,2075.617
22 Aug 2020 21:19:52.613,22 Aug 2020 21:54:29.433,2076.820
22 Aug 2020 22:52:50.735,22 Aug 2020 23:27:28.787,2078.052
23 Aug 2020 00:25:48.835,23 Aug 2020 01:00:28.112,2079.277
23 Aug 2020 01:58:46.915,23 Aug 2020 02:33:27.410,2080.495
23 Aug 2020 03:31:44.974,23 Aug 2020 04:06:26.768,2081.793
23 Aug 2020 05:04:43.112,23 Aug 2020 05:39:26.033,2082.921
23 Aug 2020 06:37:41.156,23 Aug 2020 07:12:25.274,2084.118
23 Aug 2020 08:10:39.182,23 Aug 2020 08:45:24.487,2085.305
23 Aug 2020 09:43:37.152,23 Aug 2020 10:18:23.636,2086.484
23 Aug 2020 11:16:35.140,23 Aug 2020 11:51:22.795,2087.654
23 Aug 2020 12:49:33.265,23 Aug 2020 13:24:22.064,2088.799
23 Aug 2020 14:22:31.228,23 Aug 2020 14:57:21.177,2089.949
23 Aug 2020 15:55:29.168,23 Aug 2020 16:30:20.264,2091.096
23 Aug 2020 17:28:27.021,23 Aug 2020 18:03:19.272,2092.251
23 Aug 2020 19:01:24.925,23 Aug 2020 19:36:18.305,2093.380
23 Aug 2020 20:34:22.816,23 Aug 2020 21:09:17.313,2094.497
23 Aug 2020 22:07:20.576,23 Aug 2020 22:42:16.156,2095.579
23 Aug 2020 23:40:18.419,24 Aug 2020 00:15:15.096,2096.677
24 Aug 2020 01:13:16.157,24 Aug 2020 01:48:13.918,2097.762
24 Aug 2020 02:46:13.916,24 Aug 2020 03:21:12.757,2098.841
24 Aug 2020 04:19:11.653,24 Aug 2020 04:54:11.987,2100.334
24 Aug 2020 05:52:09.860,24 Aug 2020 06:27:10.844,2100.984
24 Aug 2020 07:25:07.644,24 Aug 2020 08:00:09.673,2102.029
24 Aug 2020 08:58:05.414,24 Aug 2020 09:33:08.485,2103.070
24 Aug 2020 10:31:03.119,24 Aug 2020 11:06:07.214,2104.095
24 Aug 2020 12:04:00.859,24 Aug 2020 12:39:05.970,2105.111
24 Aug 2020 13:36:58.627,24 Aug 2020 14:12:04.737,2106.110
24 Aug 2020 15:09:56.339,24 Aug 2020 15:45:03.441,2107.102
24 Aug 2020 16:42:54.039,24 Aug 2020 17:18:02.127,2108.088
24 Aug 2020 18:15:51.725,24 Aug 2020 18:51:00.783,2109.058
24 Aug 2020 19:48:49.435,24 Aug 2020 20:23:59.444,2110.009
24 Aug 2020 21:21:47.108,24 Aug 2020 21:56:58.066,2110.959
24 Aug 2020 22:54:44.756,24 Aug 2020 23:29:56.653,2111.897
25 Aug 2020 00:27:42.392,25 Aug 2020 01:02:55.216,2112.824
25 Aug 2020 02:00:40.016,25 Aug 2020 02:35:53.752,2113.735
25 Aug 2020 03:33:37.630,25 Aug 2020 04:08:52.269,2114.640
25 Aug 2020 05:06:35.233,25 Aug 2020 05:41:50.765,2115.532
25 Aug 2020 06:39:32.825,25 Aug 2020 07:14:49.236,2116.412
25 Aug 2020 08:12:30.406,25 Aug 2020 08:47:47.685,2117.280
25 Aug 2020 09:45:27.976,25 Aug 2020 10:20:46.111,2118.136
25 Aug 2020 11:18:25.535,25 Aug 2020 11:53:44.515,2118.980
25 Aug 2020 12:51:23.043,25 Aug 2020 13:26:42.855,2119.812
25 Aug 2020 14:24:20.581,25 Aug 2020 14:59:41.213,2120.631
25 Aug 2020 15:57:18.110,25 Aug 2020 16:32:39.548,2121.439
25 Aug 2020 17:30:15.629,25 Aug 2020 18:05:37.862,2122.234
25 Aug 2020 19:03:13.138,25 Aug 2020 19:38:36.154,2123.016
25 Aug 2020 20:36:10.586,25 Aug 2020 21:11:34.364,2123.778
25 Aug 2020 22:09:08.072,25 Aug 2020 22:44:32.609,2124.537
25 Aug 2020 23:42:05.551,26 Aug 2020 00:17:30.833,2125.282
26 Aug 2020 01:15:03.020,26 Aug 2020 01:50:29.036,2126.017
26 Aug 2020 02:48:00.442,26 Aug 2020 03:23:27.225,2126.783
26 Aug 2020 04:20:57.971,26 Aug 2020 04:56:25.382,2127.411
26 Aug 2020 05:53:55.334,26 Aug 2020 06:29:23.459,2128.125
26 Aug 2020 07:26:52.772,26 Aug 2020 08:02:21.573,2128.801
26 Aug 2020 08:59:50.193,26 Aug 2020 09:35:19.666,2129.473
26 Aug 2020 10:32:47.628,26 Aug 2020 11:08:17.747,2130.119
26 Aug 2020 12:05:45.043,26 Aug 2020 12:41:15.803,2130.760
26 Aug 2020 13:38:42.446,26 Aug 2020 14:14:13.874,2131.428
26 Aug 2020 15:11:39.885,26 Aug 2020 15:47:11.889,2132.005
26 Aug 2020 16:44:37.276,26 Aug 2020 17:20:09.887,2132.611
26 Aug 2020 18:17:34.648,26 Aug 2020 18:53:07.842,2133.195
26 Aug 2020 19:50:32.059,26 Aug 2020 20:26:05.811,2133.752
26 Aug 2020 21:23:29.429,26 Aug 2020 21:59:03.747,2134.318
26 Aug 2020 22:56:26.803,26 Aug 2020 23:32:01.667,2134.863
27 Aug 2020 00:29:24.162,27 Aug 2020 01:04:59.563,2135.400
27 Aug 2020 02:02:21.526,27 Aug 2020 02:37:57.448,2135.922
27 Aug 2020 03:35:18.882,27 Aug 2020 04:10:55.309,2136.427
27 Aug 2020 05:08:16.195,27 Aug 2020 05:43:53.140,2136.945
27 Aug 2020 06:41:13.540,27 Aug 2020 07:16:50.965,2137.425
27 Aug 2020 08:14:10.875,27 Aug 2020 08:49:48.772,2137.896
27 Aug 2020 09:47:08.234,27 Aug 2020 10:22:46.572,2138.339
27 Aug 2020 11:20:05.563,27 Aug 2020 11:55:44.344,2138.782
27 Aug 2020 12:53:02.897,27 Aug 2020 13:28:42.099,2139.201
27 Aug 2020 14:26:00.223,27 Aug 2020 15:01:39.836,2139.613
27 Aug 2020 15:58:57.542,27 Aug 2020 16:34:37.556,2140.013
27 Aug 2020 17:31:54.865,27 Aug 2020 18:07:35.258,2140.393
27 Aug 2020 19:04:52.185,27 Aug 2020 19:40:32.944,2140.759
27 Aug 2020 20:37:49.639,27 Aug 2020 21:13:30.742,2141.103
27 Aug 2020 22:10:46.961,27 Aug 2020 22:46:28.400,2141.439
27 Aug 2020 23:43:44.277,28 Aug 2020 00:19:26.043,2141.765
28 Aug 2020 01:16:41.587,28 Aug 2020 01:52:23.773,2142.186
28 Aug 2020 02:49:39.044,28 Aug 2020 03:25:21.392,2142.348
28 Aug 2020 04:22:36.364,28 Aug 2020 04:58:18.995,2142.631
28 Aug 2020 05:55:33.776,28 Aug 2020 06:31:16.637,2142.861
28 Aug 2020 07:28:31.091,28 Aug 2020 08:04:14.203,2143.112
28 Aug 2020 09:01:28.313,28 Aug 2020 09:37:11.671,2143.358
28 Aug 2020 10:34:25.592,28 Aug 2020 11:10:09.174,2143.582
28 Aug 2020 12:07:22.865,28 Aug 2020 12:43:06.658,2143.794
28 Aug 2020 13:40:20.172,28 Aug 2020 14:16:04.206,2144.033
28 Aug 2020 15:13:17.469,28 Aug 2020 15:49:01.687,2144.218
28 Aug 2020 16:46:14.770,28 Aug 2020 17:21:59.158,2144.388
28 Aug 2020 18:19:12.069,28 Aug 2020 18:54:56.599,2144.530
28 Aug 2020 19:52:09.399,28 Aug 2020 20:27:54.066,2144.667
28 Aug 2020 21:25:06.709,28 Aug 2020 22:00:51.496,2144.786
28 Aug 2020 22:58:04.012,28 Aug 2020 23:33:48.917,2144.905
29 Aug 2020 00:31:01.321,29 Aug 2020 01:06:46.319,2144.998
29 Aug 2020 02:03:58.631,29 Aug 2020 02:39:43.703,2145.072
29 Aug 2020 03:36:55.902,29 Aug 2020 04:12:41.034,2145.132
29 Aug 2020 05:09:53.253,29 Aug 2020 05:45:38.415,2145.162
29 Aug 2020 06:42:50.558,29 Aug 2020 07:18:35.755,2145.196
29 Aug 2020 08:15:47.861,29 Aug 2020 08:51:33.072,2145.211
29 Aug 2020 09:48:45.282,29 Aug 2020 10:24:30.505,2145.223
29 Aug 2020 11:21:42.602,29 Aug 2020 11:57:27.814,2145.212
29 Aug 2020 12:54:39.925,29 Aug 2020 13:30:25.103,2145.178
29 Aug 2020 14:27:37.233,29 Aug 2020 15:03:22.392,2145.159
29 Aug 2020 16:00:34.561,29 Aug 2020 16:36:19.665,2145.104
29 Aug 2020 17:33:31.877,29 Aug 2020 18:09:16.907,2145.030
29 Aug 2020 19:06:29.224,29 Aug 2020 19:42:14.159,2144.936
29 Aug 2020 20:39:26.564,29 Aug 2020 21:15:11.397,2144.833
29 Aug 2020 22:12:23.908,29 Aug 2020 22:48:08.627,2144.719
29 Aug 2020 23:45:21.252,30 Aug 2020 00:21:05.841,2144.589
30 Aug 2020 01:18:18.605,30 Aug 2020 01:54:03.044,2144.439
30 Aug 2020 02:51:15.967,30 Aug 2020 03:27:00.236,2144.269
30 Aug 2020 04:24:13.324,30 Aug 2020 04:59:57.412,2144.089
30 Aug 2020 05:57:10.574,30 Aug 2020 06:32:54.479,2143.904
30 Aug 2020 07:30:07.935,30 Aug 2020 08:05:51.631,2143.697
30 Aug 2020 09:03:05.310,30 Aug 2020 09:38:48.773,2143.463
30 Aug 2020 10:36:02.685,30 Aug 2020 11:11:45.899,2143.214
30 Aug 2020 12:09:00.126,30 Aug 2020 12:44:43.084,2142.958
30 Aug 2020 13:41:57.497,30 Aug 2020 14:17:40.183,2142.686
30 Aug 2020 15:14:54.898,30 Aug 2020 15:50:37.288,2142.390
30 Aug 2020 16:47:52.321,30 Aug 2020 17:23:34.399,2142.078
30 Aug 2020 18:20:49.735,30 Aug 2020 18:56:31.484,2141.749
30 Aug 2020 19:53:47.132,30 Aug 2020 20:29:28.547,2141.414
30 Aug 2020 21:26:44.553,30 Aug 2020 22:02:25.612,2141.059
30 Aug 2020 22:59:41.982,30 Aug 2020 23:35:22.667,2140.685
31 Aug 2020 00:32:39.419,31 Aug 2020 01:08:19.714,2140.295
31 Aug 2020 02:05:36.863,31 Aug 2020 02:41:16.752,2139.889
31 Aug 2020 03:38:34.315,31 Aug 2020 04:14:13.781,2139.466
31 Aug 2020 05:11:31.780,31 Aug 2020 05:47:10.600,2138.819
31 Aug 2020 06:44:29.145,31 Aug 2020 07:20:07.665,2138.520
31 Aug 2020 08:17:26.702,31 Aug 2020 08:53:04.745,2138.043
31 Aug 2020 09:50:24.670,31 Aug 2020 10:26:02.219,2137.549
31 Aug 2020 11:23:22.443,31 Aug 2020 11:58:59.473,2137.031
31 Aug 2020 12:56:19.293,31 Aug 2020 13:31:55.871,2136.578
31 Aug 2020 14:29:16.812,31 Aug 2020 15:04:52.849,2136.038
31 Aug 2020 16:02:14.315,31 Aug 2020 16:37:49.790,2135.475
31 Aug 2020 17:35:11.831,31 Aug 2020 18:10:46.736,2134.905
31 Aug 2020 19:08:09.378,31 Aug 2020 19:43:43.694,2134.316
31 Aug 2020 20:41:06.936,31 Aug 2020 21:16:40.642,2133.706
31 Aug 2020 22:14:04.509,31 Aug 2020 22:49:37.580,2133.071
31 Aug 2020 23:47:02.084,1 Sep 2020 00:22:34.516,2132.433
1 Sep 2020 01:19:59.674,1 Sep 2020 01:55:31.449,2131.774
1 Sep 2020 02:52:57.277,1 Sep 2020 03:28:28.366,2131.090
1 Sep 2020 04:25:54.891,1 Sep 2020 05:01:25.288,2130.397
1 Sep 2020 05:58:52.516,1 Sep 2020 06:34:22.193,2129.677
1 Sep 2020 07:31:50.154,1 Sep 2020 08:07:19.098,2128.944
1 Sep 2020 09:04:47.805,1 Sep 2020 09:40:15.997,2128.193
1 Sep 2020 10:37:45.468,1 Sep 2020 11:13:12.892,2127.423
1 Sep 2020 12:10:43.292,1 Sep 2020 12:46:09.918,2126.626
1 Sep 2020 13:43:41.038,1 Sep 2020 14:19:06.857,2125.820
1 Sep 2020 15:16:38.750,1 Sep 2020 15:52:03.746,2124.996
1 Sep 2020 16:49:36.476,1 Sep 2020 17:25:00.629,2124.153
1 Sep 2020 18:22:34.175,1 Sep 2020 18:57:57.468,2123.293
1 Sep 2020 19:55:31.928,1 Sep 2020 20:30:54.342,2122.414
1 Sep 2020 21:28:29.696,1 Sep 2020 22:03:51.211,2121.516
1 Sep 2020 23:01:27.479,1 Sep 2020 23:36:48.078,2120.599
2 Sep 2020 00:34:25.277,2 Sep 2020 01:09:44.940,2119.663
2 Sep 2020 02:07:23.091,2 Sep 2020 02:42:41.799,2118.708
2 Sep 2020 03:40:20.921,2 Sep 2020 04:15:38.655,2117.735
2 Sep 2020 05:13:18.767,2 Sep 2020 05:48:35.450,2116.684
2 Sep 2020 06:46:16.584,2 Sep 2020 07:21:32.296,2115.712
2 Sep 2020 08:19:14.457,2 Sep 2020 08:54:29.138,2114.681
2 Sep 2020 09:52:12.350,2 Sep 2020 10:27:25.980,2113.630
2 Sep 2020 11:25:10.261,2 Sep 2020 12:00:22.818,2112.557
2 Sep 2020 12:58:08.189,2 Sep 2020 13:33:19.667,2111.478
2 Sep 2020 14:31:06.135,2 Sep 2020 15:06:16.503,2110.368
2 Sep 2020 16:04:04.099,2 Sep 2020 16:39:13.338,2109.238
2 Sep 2020 17:37:02.069,2 Sep 2020 18:12:10.153,2108.084
2 Sep 2020 19:10:00.069,2 Sep 2020 19:45:06.983,2106.914
2 Sep 2020 20:42:58.088,2 Sep 2020 21:18:03.813,2105.724
2 Sep 2020 22:15:56.127,2 Sep 2020 22:51:00.641,2104.514
2 Sep 2020 23:48:54.185,3 Sep 2020 00:23:57.468,2103.283
3 Sep 2020 01:21:52.263,3 Sep 2020 01:56:54.293,2102.030
3 Sep 2020 02:54:50.362,3 Sep 2020 03:29:51.119,2100.757
3 Sep 2020 04:27:48.481,3 Sep 2020 05:02:47.946,2099.465
3 Sep 2020 06:00:46.591,3 Sep 2020 06:35:44.745,2098.153
3 Sep 2020 07:33:44.751,3 Sep 2020 08:08:41.570,2096.819
3 Sep 2020 09:06:42.933,3 Sep 2020 09:41:38.393,2095.460
3 Sep 2020 10:39:41.155,3 Sep 2020 11:14:35.250,2094.095
3 Sep 2020 12:12:39.381,3 Sep 2020 12:47:32.078,2092.697
3 Sep 2020 13:45:37.581,3 Sep 2020 14:20:28.856,2091.275
3 Sep 2020 15:18:35.849,3 Sep 2020 15:53:25.682,2089.834
3 Sep 2020 16:51:34.140,3 Sep 2020 17:26:22.510,2088.371
3 Sep 2020 18:24:32.451,3 Sep 2020 18:59:19.337,2086.886
3 Sep 2020 19:57:30.789,3 Sep 2020 20:32:16.167,2085.379
3 Sep 2020 21:30:29.151,3 Sep 2020 22:05:13.000,2083.850
3 Sep 2020 23:03:27.599,3 Sep 2020 23:38:09.892,2082.293
4 Sep 2020 00:36:26.013,4 Sep 2020 01:11:06.732,2080.719
4 Sep 2020 02:09:24.453,4 Sep 2020 02:44:03.576,2079.123
4 Sep 2020 03:42:22.917,4 Sep 2020 04:17:00.421,2077.503
4 Sep 2020 05:15:21.407,4 Sep 2020 05:49:57.270,2075.863
4 Sep 2020 06:48:19.955,4 Sep 2020 07:22:54.154,2074.199
4 Sep 2020 08:21:18.501,4 Sep 2020 08:55:51.015,2072.514
4 Sep 2020 09:54:17.073,4 Sep 2020 10:28:47.877,2070.804
4 Sep 2020 11:27:15.867,4 Sep 2020 12:01:44.947,2069.080
4 Sep 2020 13:00:14.518,4 Sep 2020 13:34:41.838,2067.320
4 Sep 2020 14:33:13.087,4 Sep 2020 15:07:38.631,2065.544
4 Sep 2020 16:06:11.775,4 Sep 2020 16:40:35.518,2063.743
4 Sep 2020 17:39:10.538,4 Sep 2020 18:13:32.452,2061.913
4 Sep 2020 19:12:09.290,4 Sep 2020 19:46:29.352,2060.062
4 Sep 2020 20:45:08.089,4 Sep 2020 21:19:26.278,2058.188
4 Sep 2020 22:18:06.903,4 Sep 2020 22:52:23.190,2056.287
4 Sep 2020 23:51:05.747,5 Sep 2020 00:25:20.119,2054.372
5 Sep 2020 01:24:04.629,5 Sep 2020 01:58:17.043,2052.415
5 Sep 2020 02:57:03.536,5 Sep 2020 03:31:13.981,2050.445
5 Sep 2020 04:30:02.475,5 Sep 2020 05:04:10.938,2048.463
5 Sep 2020 06:03:01.462,5 Sep 2020 06:37:07.889,2046.427
5 Sep 2020 07:36:00.467,5 Sep 2020 08:10:04.847,2044.380
5 Sep 2020 09:08:59.505,5 Sep 2020 09:43:01.814,2042.309
5 Sep 2020 10:41:58.577,5 Sep 2020 11:15:58.786,2040.209
5 Sep 2020 12:14:57.799,5 Sep 2020 12:48:55.885,2038.085
5 Sep 2020 13:47:56.945,5 Sep 2020 14:21:52.886,2035.941
5 Sep 2020 15:20:56.128,5 Sep 2020 15:54:49.892,2033.764
5 Sep 2020 16:53:55.344,5 Sep 2020 17:27:46.910,2031.566
5 Sep 2020 18:26:54.596,5 Sep 2020 19:00:43.942,2029.346
5 Sep 2020 19:59:53.884,5 Sep 2020 20:33:40.978,2027.093
5 Sep 2020 21:32:53.209,5 Sep 2020 22:06:38.031,2024.822
5 Sep 2020 23:05:52.571,5 Sep 2020 23:39:35.092,2022.520
6 Sep 2020 00:38:51.971,6 Sep 2020 01:12:32.161,2020.190
6 Sep 2020 02:11:51.408,6 Sep 2020 02:45:29.249,2017.841
6 Sep 2020 03:44:50.963,6 Sep 2020 04:18:26.422,2015.459
6 Sep 2020 05:17:50.489,6 Sep 2020 05:51:23.549,2013.060
6 Sep 2020 06:50:50.050,6 Sep 2020 07:24:20.678,2010.628
6 Sep 2020 08:23:49.650,6 Sep 2020 08:57:17.820,2008.170
6 Sep 2020 09:56:49.291,6 Sep 2020 10:30:14.976,2005.685
6 Sep 2020 11:29:48.938,6 Sep 2020 12:03:12.130,2003.192
6 Sep 2020 13:02:48.633,6 Sep 2020 13:36:09.282,2000.649
6 Sep 2020 14:35:48.390,6 Sep 2020 15:09:06.475,1998.085
6 Sep 2020 16:08:48.164,6 Sep 2020 16:42:03.657,1995.493
6 Sep 2020 17:41:48.005,6 Sep 2020 18:15:00.878,1992.873
6 Sep 2020 19:14:47.887,6 Sep 2020 19:47:58.113,1990.226
6 Sep 2020 20:47:47.808,6 Sep 2020 21:20:55.440,1987.632
6 Sep 2020 22:20:47.875,6 Sep 2020 22:53:52.715,1984.840
6 Sep 2020 23:53:47.895,7 Sep 2020 00:26:50.009,1982.114
7 Sep 2020 01:26:47.960,7 Sep 2020 01:59:47.321,1979.361
7 Sep 2020 02:59:48.070,7 Sep 2020 03:32:44.651,1976.581
7 Sep 2020 04:32:48.195,7 Sep 2020 05:05:41.972,1973.777
7 Sep 2020 06:05:48.372,7 Sep 2020 06:38:39.313,1970.941
7 Sep 2020 07:38:48.617,7 Sep 2020 08:11:36.698,1968.081
7 Sep 2020 09:11:48.909,7 Sep 2020 09:44:34.105,1965.196
7 Sep 2020 10:44:49.292,7 Sep 2020 11:17:31.576,1962.285
7 Sep 2020 12:17:49.679,7 Sep 2020 12:50:29.023,1959.344
7 Sep 2020 13:50:50.083,7 Sep 2020 14:23:26.466,1956.383
7 Sep 2020 15:23:50.564,7 Sep 2020 15:56:23.951,1953.387
7 Sep 2020 16:56:51.078,7 Sep 2020 17:29:21.444,1950.365
7 Sep 2020 18:29:51.657,7 Sep 2020 19:02:18.973,1947.316
7 Sep 2020 20:02:52.285,7 Sep 2020 20:35:16.526,1944.241
7 Sep 2020 21:35:52.963,7 Sep 2020 22:08:14.105,1941.141
7 Sep 2020 23:08:53.692,7 Sep 2020 23:41:11.711,1938.019
8 Sep 2020 00:41:54.470,8 Sep 2020 01:14:09.333,1934.863
8 Sep 2020 02:14:55.316,8 Sep 2020 02:47:07.001,1931.685
8 Sep 2020 03:47:56.199,8 Sep 2020 04:20:04.684,1928.486
8 Sep 2020 05:20:57.133,8 Sep 2020 05:53:02.384,1925.252
8 Sep 2020 06:53:58.119,8 Sep 2020 07:26:00.119,1922.000
8 Sep 2020 08:26:59.158,8 Sep 2020 08:58:57.875,1918.718
8 Sep 2020 10:00:00.249,8 Sep 2020 10:31:55.663,1915.414
8 Sep 2020 11:33:01.394,8 Sep 2020 12:04:53.479,1912.085
8 Sep 2020 13:06:02.763,8 Sep 2020 13:37:51.562,1908.800
8 Sep 2020 14:39:04.035,8 Sep 2020 15:10:49.452,1905.416
8 Sep 2020 16:12:05.302,8 Sep 2020 16:43:47.327,1902.025
8 Sep 2020 17:45:06.677,8 Sep 2020 18:16:45.277,1898.600
8 Sep 2020 19:18:08.102,8 Sep 2020 19:49:43.259,1895.157
8 Sep 2020 20:51:09.585,8 Sep 2020 21:22:41.200,1891.615
8 Sep 2020 22:24:11.082,8 Sep 2020 22:55:39.242,1888.160
8 Sep 2020 23:57:12.673,9 Sep 2020 00:28:37.318,1884.646
9 Sep 2020 01:30:14.317,9 Sep 2020 02:01:35.429,1881.112
9 Sep 2020 03:03:16.009,9 Sep 2020 03:34:33.568,1877.559
9 Sep 2020 04:36:17.765,9 Sep 2020 05:07:31.750,1873.985
9 Sep 2020 06:09:19.618,9 Sep 2020 06:40:30.008,1870.390
9 Sep 2020 07:42:21.490,9 Sep 2020 08:13:28.267,1866.776
9 Sep 2020 09:15:23.416,9 Sep 2020 09:46:26.566,1863.150
9 Sep 2020 10:48:25.380,9 Sep 2020 11:19:24.902,1859.522
9 Sep 2020 12:21:27.420,9 Sep 2020 12:52:23.276,1855.856
9 Sep 2020 13:54:29.518,9 Sep 2020 14:25:21.692,1852.174
9 Sep 2020 15:27:31.678,9 Sep 2020 15:58:20.155,1848.478
9 Sep 2020 17:00:33.890,9 Sep 2020 17:31:18.657,1844.768
9 Sep 2020 18:33:36.161,9 Sep 2020 19:04:17.199,1841.038
9 Sep 2020 20:06:38.512,9 Sep 2020 20:37:15.820,1837.308
9 Sep 2020 21:39:40.900,9 Sep 2020 22:10:14.456,1833.556
9 Sep 2020 23:12:43.339,9 Sep 2020 23:43:13.130,1829.792
10 Sep 2020 00:45:45.839,10 Sep 2020 01:16:11.858,1826.019
10 Sep 2020 02:18:48.393,10 Sep 2020 02:49:10.652,1822.259
10 Sep 2020 03:51:51.026,10 Sep 2020 04:22:09.469,1818.443
10 Sep 2020 05:24:53.692,10 Sep 2020 05:55:08.279,1814.587
10 Sep 2020 06:57:56.357,10 Sep 2020 07:28:07.198,1810.841
10 Sep 2020 08:30:59.133,10 Sep 2020 09:01:06.158,1807.025
10 Sep 2020 10:04:01.964,10 Sep 2020 10:34:05.173,1803.209
10 Sep 2020 11:37:04.848,10 Sep 2020 12:07:04.242,1799.394
10 Sep 2020 13:10:07.717,10 Sep 2020 13:40:03.298,1795.581
10 Sep 2020 14:43:10.709,10 Sep 2020 15:13:02.468,1791.759
10 Sep 2020 16:16:13.752,10 Sep 2020 16:46:01.697,1787.945
10 Sep 2020 17:49:16.847,10 Sep 2020 18:19:00.975,1784.128
10 Sep 2020 19:22:19.993,10 Sep 2020 19:52:00.307,1780.314
10 Sep 2020 20:55:23.163,10 Sep 2020 21:24:59.676,1776.513
10 Sep 2020 22:28:26.414,10 Sep 2020 22:57:59.124,1772.711
11 Sep 2020 00:01:29.709,11 Sep 2020 00:30:58.632,1768.923
11 Sep 2020 01:34:33.052,11 Sep 2020 02:04:00.787,1767.735
11 Sep 2020 03:07:41.254,11 Sep 2020 03:37:01.610,1760.356
11 Sep 2020 04:40:46.195,11 Sep 2020 05:10:02.667,1756.472
11 Sep 2020 06:13:50.441,11 Sep 2020 06:43:03.234,1752.793
11 Sep 2020 07:46:55.465,11 Sep 2020 08:16:04.438,1748.973
11 Sep 2020 09:20:00.673,11 Sep 2020 09:49:05.838,1745.166
11 Sep 2020 10:53:06.062,11 Sep 2020 11:22:07.437,1741.375
11 Sep 2020 12:26:11.627,11 Sep 2020 12:55:09.237,1737.610
11 Sep 2020 13:59:12.361,11 Sep 2020 14:28:07.084,1734.723
11 Sep 2020 15:32:17.026,11 Sep 2020 16:01:08.129,1731.103
11 Sep 2020 17:05:21.697,11 Sep 2020 17:34:09.225,1727.527
11 Sep 2020 18:38:26.397,11 Sep 2020 19:07:10.377,1723.980
11 Sep 2020 20:11:31.586,11 Sep 2020 20:40:12.068,1720.482
11 Sep 2020 21:44:36.461,11 Sep 2020 22:13:13.460,1716.999
11 Sep 2020 23:17:41.374,11 Sep 2020 23:46:14.925,1713.550
12 Sep 2020 00:50:46.318,12 Sep 2020 01:19:16.266,1709.948
12 Sep 2020 02:23:51.041,12 Sep 2020 02:52:17.853,1706.812
12 Sep 2020 03:56:56.016,12 Sep 2020 04:25:19.702,1703.686
12 Sep 2020 05:30:01.234,12 Sep 2020 05:58:21.461,1700.228
12 Sep 2020 07:03:06.291,12 Sep 2020 07:31:23.291,1697.000
12 Sep 2020 08:36:11.372,12 Sep 2020 09:04:25.199,1693.827
12 Sep 2020 10:09:16.477,12 Sep 2020 10:37:27.189,1690.712
12 Sep 2020 11:42:21.603,12 Sep 2020 12:10:29.251,1687.648
12 Sep 2020 13:15:26.676,12 Sep 2020 13:43:31.330,1684.654
12 Sep 2020 14:48:31.826,12 Sep 2020 15:16:33.531,1681.705
12 Sep 2020 16:21:36.991,12 Sep 2020 16:49:35.815,1678.824
12 Sep 2020 17:54:42.168,12 Sep 2020 18:22:38.176,1676.009
12 Sep 2020 19:27:47.327,12 Sep 2020 19:55:40.590,1673.263
12 Sep 2020 21:00:52.516,12 Sep 2020 21:28:43.102,1670.586
12 Sep 2020 22:33:57.711,12 Sep 2020 23:01:45.692,1667.981
13 Sep 2020 00:07:02.907,13 Sep 2020 00:34:48.360,1665.454
13 Sep 2020 01:40:08.109,13 Sep 2020 02:07:51.109,1663.000
13 Sep 2020 03:13:13.305,13 Sep 2020 03:40:53.821,1660.515
13 Sep 2020 04:46:18.393,13 Sep 2020 05:13:56.713,1658.320
13 Sep 2020 06:19:23.577,13 Sep 2020 06:46:59.717,1656.140
13 Sep 2020 07:52:28.791,13 Sep 2020 08:20:02.766,1653.975
13 Sep 2020 09:25:33.952,13 Sep 2020 09:53:05.841,1651.889
13 Sep 2020 10:58:39.048,13 Sep 2020 11:26:09.041,1649.993
13 Sep 2020 12:31:44.169,13 Sep 2020 12:59:12.319,1648.150
13 Sep 2020 14:04:49.285,13 Sep 2020 14:32:15.672,1646.387
13 Sep 2020 15:37:54.377,13 Sep 2020 16:05:19.101,1644.724
13 Sep 2020 17:10:59.451,13 Sep 2020 17:38:22.605,1643.155
13 Sep 2020 18:44:04.447,13 Sep 2020 19:11:26.126,1641.678
13 Sep 2020 20:17:09.470,13 Sep 2020 20:44:29.816,1640.346
13 Sep 2020 21:50:14.493,13 Sep 2020 22:17:33.539,1639.046
13 Sep 2020 23:23:19.455,13 Sep 2020 23:50:37.333,1637.879
14 Sep 2020 00:56:24.382,14 Sep 2020 01:23:41.203,1636.821
14 Sep 2020 02:29:29.275,14 Sep 2020 02:56:44.991,1635.717
14 Sep 2020 04:02:33.975,14 Sep 2020 04:29:48.997,1635.022
14 Sep 2020 05:35:38.791,14 Sep 2020 06:02:53.059,1634.267
14 Sep 2020 07:08:43.554,14 Sep 2020 07:35:57.185,1633.631
14 Sep 2020 08:41:48.272,14 Sep 2020 09:09:01.372,1633.100
14 Sep 2020 10:14:52.944,14 Sep 2020 10:42:05.627,1632.683
14 Sep 2020 11:47:57.568,14 Sep 2020 12:15:09.939,1632.371
14 Sep 2020 13:21:02.125,14 Sep 2020 13:48:14.300,1632.175
14 Sep 2020 14:54:06.640,14 Sep 2020 15:21:18.732,1632.093
14 Sep 2020 16:27:11.106,14 Sep 2020 16:54:23.223,1632.117
14 Sep 2020 18:00:15.493,14 Sep 2020 18:27:27.750,1632.257
14 Sep 2020 19:33:19.869,14 Sep 2020 20:00:32.365,1632.495
14 Sep 2020 21:06:24.159,14 Sep 2020 21:33:37.010,1632.851
14 Sep 2020 22:39:28.389,14 Sep 2020 23:06:41.711,1633.322
15 Sep 2020 00:12:32.557,15 Sep 2020 00:39:46.457,1633.900
15 Sep 2020 01:45:36.664,15 Sep 2020 02:12:51.243,1634.579
15 Sep 2020 03:18:40.705,15 Sep 2020 03:45:56.076,1635.371
15 Sep 2020 04:51:44.672,15 Sep 2020 05:19:00.878,1636.206
15 Sep 2020 06:24:48.526,15 Sep 2020 06:52:05.796,1637.270
15 Sep 2020 07:57:52.363,15 Sep 2020 08:25:10.751,1638.388
15 Sep 2020 09:30:56.135,15 Sep 2020 09:58:15.741,1639.606
15 Sep 2020 11:03:59.836,15 Sep 2020 11:31:20.763,1640.927
15 Sep 2020 12:37:03.503,15 Sep 2020 13:04:25.907,1642.404
15 Sep 2020 14:10:07.065,15 Sep 2020 14:37:30.859,1643.794
15 Sep 2020 15:43:10.413,15 Sep 2020 16:10:35.954,1645.541
15 Sep 2020 17:16:13.808,15 Sep 2020 17:43:41.071,1647.263
15 Sep 2020 18:49:17.129,15 Sep 2020 19:16:46.207,1649.078
15 Sep 2020 20:22:20.370,15 Sep 2020 20:49:51.352,1650.982
15 Sep 2020 21:55:23.535,15 Sep 2020 22:22:56.523,1652.989
15 Sep 2020 23:28:26.625,15 Sep 2020 23:56:01.708,1655.083
16 Sep 2020 01:01:29.638,16 Sep 2020 01:29:06.904,1657.266
16 Sep 2020 02:34:32.573,16 Sep 2020 03:02:12.127,1659.554
16 Sep 2020 04:07:35.440,16 Sep 2020 04:35:17.342,1661.902
16 Sep 2020 05:40:38.220,16 Sep 2020 06:08:22.567,1664.346
16 Sep 2020 07:13:40.929,16 Sep 2020 07:41:27.785,1666.856
16 Sep 2020 08:46:43.557,16 Sep 2020 09:14:33.005,1669.448
16 Sep 2020 10:19:46.104,16 Sep 2020 10:47:38.215,1672.111
16 Sep 2020 11:52:48.571,16 Sep 2020 12:20:43.420,1674.849
16 Sep 2020 13:25:50.948,16 Sep 2020 13:53:48.618,1677.670
16 Sep 2020 14:58:53.261,16 Sep 2020 15:26:53.809,1680.549
16 Sep 2020 16:31:55.491,16 Sep 2020 16:59:58.989,1683.498
16 Sep 2020 18:04:57.645,16 Sep 2020 18:33:04.155,1686.510
16 Sep 2020 19:37:59.723,16 Sep 2020 20:06:09.236,1689.513
16 Sep 2020 21:11:01.696,16 Sep 2020 21:39:14.369,1692.673
16 Sep 2020 22:44:03.617,16 Sep 2020 23:12:19.481,1695.864
17 Sep 2020 00:17:05.465,17 Sep 2020 00:45:24.574,1699.109
17 Sep 2020 01:50:07.237,17 Sep 2020 02:18:29.639,1702.401
17 Sep 2020 03:23:08.934,17 Sep 2020 03:51:34.684,1705.750
17 Sep 2020 04:56:10.556,17 Sep 2020 05:24:39.760,1709.203
17 Sep 2020 06:29:12.178,17 Sep 2020 06:57:44.752,1712.574
17 Sep 2020 08:02:13.657,17 Sep 2020 08:30:49.685,1716.028
17 Sep 2020 09:35:15.033,17 Sep 2020 10:03:54.602,1719.570
17 Sep 2020 11:08:16.367,17 Sep 2020 11:36:59.490,1723.124
17 Sep 2020 12:41:17.623,17 Sep 2020 13:10:04.343,1726.720
17 Sep 2020 14:14:18.814,17 Sep 2020 14:43:09.158,1730.343
17 Sep 2020 15:47:19.932,17 Sep 2020 16:16:13.934,1734.001
17 Sep 2020 17:20:20.981,17 Sep 2020 17:49:18.669,1737.688
17 Sep 2020 18:53:21.960,17 Sep 2020 19:22:23.365,1741.405
17 Sep 2020 20:26:22.869,17 Sep 2020 20:55:27.984,1745.115
17 Sep 2020 21:59:23.682,17 Sep 2020 22:28:32.591,1748.909
17 Sep 2020 23:32:24.455,18 Sep 2020 00:01:37.150,1752.695
18 Sep 2020 01:05:25.169,18 Sep 2020 01:34:41.664,1756.495
18 Sep 2020 02:38:25.817,18 Sep 2020 03:07:46.131,1760.314
18 Sep 2020 04:11:26.397,18 Sep 2020 04:40:50.549,1764.152
18 Sep 2020 05:44:26.913,18 Sep 2020 06:13:54.913,1768.000
18 Sep 2020 07:17:27.371,18 Sep 2020 07:46:59.200,1771.829
18 Sep 2020 08:50:27.728,18 Sep 2020 09:20:03.465,1775.737
18 Sep 2020 10:23:28.062,18 Sep 2020 10:53:07.632,1779.570
18 Sep 2020 11:56:28.291,18 Sep 2020 12:26:11.784,1783.493
18 Sep 2020 13:29:28.500,18 Sep 2020 13:59:15.887,1787.388
18 Sep 2020 15:02:28.656,18 Sep 2020 15:32:19.939,1791.283
18 Sep 2020 16:35:28.746,18 Sep 2020 17:05:23.927,1795.181
18 Sep 2020 18:08:28.782,18 Sep 2020 18:38:27.863,1799.081
18 Sep 2020 19:41:28.765,18 Sep 2020 20:11:31.715,1802.950
18 Sep 2020 21:14:28.661,18 Sep 2020 21:44:35.540,1806.880
18 Sep 2020 22:47:28.533,18 Sep 2020 23:17:39.305,1810.772
19 Sep 2020 00:20:28.355,19 Sep 2020 00:50:43.010,1814.655
19 Sep 2020 01:53:28.122,19 Sep 2020 02:23:46.659,1818.537
19 Sep 2020 03:26:27.838,19 Sep 2020 03:56:50.279,1822.442
19 Sep 2020 04:59:27.534,19 Sep 2020 05:29:53.806,1826.273
19 Sep 2020 06:32:27.143,19 Sep 2020 07:02:57.280,1830.137
19 Sep 2020 08:05:26.706,19 Sep 2020 08:36:00.672,1833.966
19 Sep 2020 09:38:26.202,19 Sep 2020 10:09:04.026,1837.824
19 Sep 2020 11:11:25.671,19 Sep 2020 11:42:07.322,1841.651
19 Sep 2020 12:44:25.093,19 Sep 2020 13:15:10.485,1845.392
19 Sep 2020 14:17:24.417,19 Sep 2020 14:48:13.659,1849.241
19 Sep 2020 15:50:23.746,19 Sep 2020 16:21:16.770,1853.024
19 Sep 2020 17:23:23.036,19 Sep 2020 17:54:19.828,1856.792
19 Sep 2020 18:56:22.279,19 Sep 2020 19:27:22.821,1860.543
19 Sep 2020 20:29:21.478,19 Sep 2020 21:00:25.713,1864.235
19 Sep 2020 22:02:20.593,19 Sep 2020 22:33:28.587,1867.994
19 Sep 2020 23:35:19.709,20 Sep 2020 00:06:31.398,1871.689
20 Sep 2020 01:08:18.779,20 Sep 2020 01:39:34.149,1875.370
20 Sep 2020 02:41:17.815,20 Sep 2020 03:12:36.927,1879.112
20 Sep 2020 04:14:16.948,20 Sep 2020 04:45:39.617,1882.669
20 Sep 2020 05:47:15.952,20 Sep 2020 06:18:42.197,1886.245
20 Sep 2020 07:20:14.884,20 Sep 2020 07:51:44.723,1889.840
20 Sep 2020 08:53:13.778,20 Sep 2020 09:24:47.192,1893.413
20 Sep 2020 10:26:12.638,20 Sep 2020 10:57:49.610,1896.972
20 Sep 2020 11:59:11.475,20 Sep 2020 12:30:51.963,1900.488
20 Sep 2020 13:32:10.266,20 Sep 2020 14:03:54.257,1903.991
20 Sep 2020 15:05:09.020,20 Sep 2020 15:36:56.493,1907.473
20 Sep 2020 16:38:07.856,20 Sep 2020 17:09:58.756,1910.900
20 Sep 2020 18:11:06.564,20 Sep 2020 18:43:00.894,1914.330
20 Sep 2020 19:44:05.243,20 Sep 2020 20:16:02.979,1917.735
20 Sep 2020 21:17:03.627,20 Sep 2020 21:49:04.755,1921.127
20 Sep 2020 22:50:02.220,20 Sep 2020 23:22:06.702,1924.483
21 Sep 2020 00:23:00.781,21 Sep 2020 00:55:08.593,1927.812
21 Sep 2020 01:55:59.313,21 Sep 2020 02:28:10.429,1931.116
21 Sep 2020 03:28:57.815,21 Sep 2020 04:01:12.208,1934.393
21 Sep 2020 05:01:56.291,21 Sep 2020 05:34:14.025,1937.734
21 Sep 2020 06:34:54.818,21 Sep 2020 07:07:15.695,1940.877
21 Sep 2020 08:07:53.237,21 Sep 2020 08:40:17.291,1944.054
21 Sep 2020 09:40:51.608,21 Sep 2020 10:13:18.835,1947.227
21 Sep 2020 11:13:49.961,21 Sep 2020 11:46:20.342,1950.381
21 Sep 2020 12:46:48.298,21 Sep 2020 13:19:21.803,1953.505
21 Sep 2020 14:19:46.620,21 Sep 2020 14:52:23.204,1956.584
21 Sep 2020 15:52:44.908,21 Sep 2020 16:25:24.553,1959.646
21 Sep 2020 17:25:43.134,21 Sep 2020 17:58:25.789,1962.656
21 Sep 2020 18:58:41.354,21 Sep 2020 19:31:27.017,1965.663
21 Sep 2020 20:31:39.548,21 Sep 2020 21:04:28.271,1968.723
21 Sep 2020 22:04:37.801,21 Sep 2020 22:37:29.413,1971.612
21 Sep 2020 23:37:35.971,22 Sep 2020 00:10:30.509,1974.539
22 Sep 2020 01:10:34.118,22 Sep 2020 01:43:31.546,1977.428
22 Sep 2020 02:43:32.244,22 Sep 2020 03:16:32.542,1980.298
22 Sep 2020 04:16:30.349,22 Sep 2020 04:49:33.484,1983.135
22 Sep 2020 05:49:28.432,22 Sep 2020 06:22:34.389,1985.957
22 Sep 2020 07:22:26.511,22 Sep 2020 07:55:35.235,1988.724
22 Sep 2020 08:55:24.554,22 Sep 2020 09:28:35.945,1991.391
22 Sep 2020 10:28:22.492,22 Sep 2020 11:01:36.693,1994.201
22 Sep 2020 12:01:20.493,22 Sep 2020 12:34:37.388,1996.894
22 Sep 2020 13:34:18.476,22 Sep 2020 14:07:38.040,1999.564
22 Sep 2020 15:07:16.440,22 Sep 2020 15:40:38.650,2002.211
22 Sep 2020 16:40:14.387,22 Sep 2020 17:13:39.211,2004.824
22 Sep 2020 18:13:12.315,22 Sep 2020 18:46:39.728,2007.412
22 Sep 2020 19:46:10.226,22 Sep 2020 20:19:40.172,2009.946
22 Sep 2020 21:19:08.102,22 Sep 2020 21:52:40.596,2012.494
22 Sep 2020 22:52:05.982,22 Sep 2020 23:25:40.977,2014.994
23 Sep 2020 00:25:05.994,23 Sep 2020 00:58:42.809,2016.815
23 Sep 2020 01:58:05.542,23 Sep 2020 02:31:44.665,2019.123
23 Sep 2020 03:31:05.510,23 Sep 2020 04:04:46.913,2021.403
23 Sep 2020 05:04:05.895,23 Sep 2020 05:37:44.980,2019.085
23 Sep 2020 06:36:58.838,23 Sep 2020 07:10:45.715,2026.878
23 Sep 2020 08:09:57.258,23 Sep 2020 08:43:46.471,2029.213
23 Sep 2020 09:42:55.681,23 Sep 2020 10:16:47.108,2031.426
23 Sep 2020 11:15:53.939,23 Sep 2020 11:49:47.745,2033.806
23 Sep 2020 12:48:52.276,23 Sep 2020 13:22:48.341,2036.065
23 Sep 2020 14:21:50.598,23 Sep 2020 14:55:48.893,2038.295
23 Sep 2020 15:54:48.906,23 Sep 2020 16:28:49.411,2040.505
23 Sep 2020 17:27:47.440,23 Sep 2020 18:01:50.098,2042.658
23 Sep 2020 19:00:45.758,23 Sep 2020 19:34:50.571,2044.812
23 Sep 2020 20:33:44.065,23 Sep 2020 21:07:51.038,2046.973
23 Sep 2020 22:06:42.403,23 Sep 2020 22:40:51.444,2049.041
23 Sep 2020 23:39:40.697,24 Sep 2020 00:13:51.816,2051.119
24 Sep 2020 01:12:38.982,24 Sep 2020 01:46:52.148,2053.167
24 Sep 2020 02:45:37.255,24 Sep 2020 03:19:52.444,2055.189
24 Sep 2020 04:18:35.519,24 Sep 2020 04:52:52.705,2057.186
24 Sep 2020 05:51:33.773,24 Sep 2020 06:25:52.926,2059.153
24 Sep 2020 07:24:32.018,24 Sep 2020 07:58:53.116,2061.098
24 Sep 2020 08:57:30.253,24 Sep 2020 09:31:53.294,2063.042
24 Sep 2020 10:30:28.524,24 Sep 2020 11:04:53.413,2064.889
24 Sep 2020 12:03:26.740,24 Sep 2020 12:37:53.498,2066.758
24 Sep 2020 13:36:24.947,24 Sep 2020 14:10:53.563,2068.616
24 Sep 2020 15:09:23.163,24 Sep 2020 15:43:53.580,2070.417
24 Sep 2020 16:42:21.353,24 Sep 2020 17:16:53.564,2072.211
24 Sep 2020 18:15:19.535,24 Sep 2020 18:49:53.515,2073.980
24 Sep 2020 19:48:17.675,24 Sep 2020 20:22:53.407,2075.732
24 Sep 2020 21:21:15.835,24 Sep 2020 21:55:53.287,2077.452
24 Sep 2020 22:54:13.987,24 Sep 2020 23:28:53.137,2079.150
25 Sep 2020 00:27:12.133,25 Sep 2020 01:01:52.954,2080.821
25 Sep 2020 02:00:10.271,25 Sep 2020 02:34:53.134,2082.863
25 Sep 2020 03:33:08.937,25 Sep 2020 04:07:53.007,2084.070
25 Sep 2020 05:06:07.196,25 Sep 2020 05:40:52.862,2085.666
25 Sep 2020 06:39:05.464,25 Sep 2020 07:13:52.097,2086.633
25 Sep 2020 08:12:02.929,25 Sep 2020 08:46:51.688,2088.759
25 Sep 2020 09:45:00.922,25 Sep 2020 10:19:51.289,2090.367
25 Sep 2020 11:17:58.983,25 Sep 2020 11:52:50.856,2091.873
25 Sep 2020 12:50:57.032,25 Sep 2020 13:25:50.388,2093.356
25 Sep 2020 14:23:55.071,25 Sep 2020 14:58:49.886,2094.815
25 Sep 2020 15:56:53.252,25 Sep 2020 16:31:49.465,2096.212
25 Sep 2020 17:29:51.333,25 Sep 2020 18:04:48.957,2097.623
25 Sep 2020 19:02:49.410,25 Sep 2020 19:37:48.421,2099.011
25 Sep 2020 20:35:47.481,25 Sep 2020 21:10:47.858,2100.376
25 Sep 2020 22:08:45.549,25 Sep 2020 22:43:47.160,2101.611
25 Sep 2020 23:41:43.484,26 Sep 2020 00:16:46.535,2103.051
26 Sep 2020 01:14:41.536,26 Sep 2020 01:49:45.884,2104.348
26 Sep 2020 02:47:39.584,26 Sep 2020 03:22:45.206,2105.622
26 Sep 2020 04:20:37.628,26 Sep 2020 04:55:44.529,2106.902
26 Sep 2020 05:53:35.697,26 Sep 2020 06:28:43.833,2108.136
26 Sep 2020 07:26:33.740,26 Sep 2020 08:01:43.005,2109.265
26 Sep 2020 08:59:31.704,26 Sep 2020 09:34:42.208,2110.504
26 Sep 2020 10:32:29.717,26 Sep 2020 11:07:41.389,2111.671
26 Sep 2020 12:05:27.727,26 Sep 2020 12:40:40.539,2112.811
26 Sep 2020 13:38:25.797,26 Sep 2020 14:13:39.713,2113.916
26 Sep 2020 15:11:23.819,26 Sep 2020 15:46:38.834,2115.014
26 Sep 2020 16:44:21.835,26 Sep 2020 17:19:37.933,2116.098
26 Sep 2020 18:17:19.852,26 Sep 2020 18:52:37.005,2117.153
26 Sep 2020 19:50:17.867,26 Sep 2020 20:25:36.054,2118.187
26 Sep 2020 21:23:15.881,26 Sep 2020 21:58:35.029,2119.148
26 Sep 2020 22:56:13.809,26 Sep 2020 23:31:34.019,2120.210
27 Sep 2020 00:29:11.806,27 Sep 2020 01:04:32.987,2121.181
27 Sep 2020 02:02:09.846,27 Sep 2020 02:37:31.975,2122.129
27 Sep 2020 03:35:07.847,27 Sep 2020 04:10:30.904,2123.057
27 Sep 2020 05:08:05.848,27 Sep 2020 05:43:29.712,2123.864
27 Sep 2020 06:41:03.765,27 Sep 2020 07:16:28.597,2124.832
27 Sep 2020 08:14:01.763,27 Sep 2020 08:49:27.460,2125.698
27 Sep 2020 09:46:59.761,27 Sep 2020 10:22:26.303,2126.542
27 Sep 2020 11:19:57.758,27 Sep 2020 11:55:25.124,2127.366
27 Sep 2020 12:52:55.758,27 Sep 2020 13:28:23.867,2128.108
27 Sep 2020 14:25:53.672,27 Sep 2020 15:01:22.636,2128.964
27 Sep 2020 15:58:51.656,27 Sep 2020 16:34:21.385,2129.729
27 Sep 2020 17:31:49.622,27 Sep 2020 18:07:20.098,2130.477
27 Sep 2020 19:04:47.607,27 Sep 2020 19:40:18.803,2131.196
27 Sep 2020 20:37:45.591,27 Sep 2020 21:13:17.488,2131.897
27 Sep 2020 22:10:43.575,27 Sep 2020 22:46:16.153,2132.578
27 Sep 2020 23:43:41.555,28 Sep 2020 00:19:14.799,2133.244
28 Sep 2020 01:16:39.546,28 Sep 2020 01:52:13.425,2133.880
28 Sep 2020 02:49:37.527,28 Sep 2020 03:25:12.096,2134.569
28 Sep 2020 04:22:35.603,28 Sep 2020 04:58:10.693,2135.089
28 Sep 2020 05:55:33.592,28 Sep 2020 06:31:09.268,2135.677
28 Sep 2020 07:28:31.589,28 Sep 2020 08:04:07.812,2136.224
28 Sep 2020 09:01:29.571,28 Sep 2020 09:37:06.351,2136.780
28 Sep 2020 10:34:27.576,28 Sep 2020 11:10:04.872,2137.296
28 Sep 2020 12:07:25.573,28 Sep 2020 12:43:03.402,2137.828
28 Sep 2020 13:40:23.607,28 Sep 2020 14:16:01.886,2138.279
28 Sep 2020 15:13:21.611,28 Sep 2020 15:49:00.358,2138.747
28 Sep 2020 16:46:19.592,28 Sep 2020 17:21:58.784,2139.191
28 Sep 2020 18:19:17.605,28 Sep 2020 18:54:57.213,2139.607
28 Sep 2020 19:52:15.620,28 Sep 2020 20:27:55.630,2140.010
28 Sep 2020 21:25:13.634,28 Sep 2020 22:00:54.035,2140.401
28 Sep 2020 22:58:11.683,28 Sep 2020 23:33:52.444,2140.761
29 Sep 2020 00:31:09.709,29 Sep 2020 01:06:50.814,2141.104
29 Sep 2020 02:04:07.740,29 Sep 2020 02:39:49.163,2141.423
29 Sep 2020 03:37:05.778,29 Sep 2020 04:12:47.502,2141.724
29 Sep 2020 05:10:03.812,29 Sep 2020 05:45:45.778,2141.966
29 Sep 2020 06:43:01.815,29 Sep 2020 07:18:44.089,2142.274
29 Sep 2020 08:15:59.856,29 Sep 2020 08:51:42.379,2142.523
29 Sep 2020 09:48:57.906,29 Sep 2020 10:24:40.650,2142.744
29 Sep 2020 11:21:55.964,29 Sep 2020 11:57:38.911,2142.946
29 Sep 2020 12:54:54.020,29 Sep 2020 13:30:37.170,2143.151
29 Sep 2020 14:27:52.092,29 Sep 2020 15:03:35.403,2143.311
29 Sep 2020 16:00:50.166,29 Sep 2020 16:36:33.621,2143.454
29 Sep 2020 17:33:48.242,29 Sep 2020 18:09:31.825,2143.583
29 Sep 2020 19:06:46.324,29 Sep 2020 19:42:30.011,2143.687
29 Sep 2020 20:39:44.411,29 Sep 2020 21:15:28.181,2143.769
29 Sep 2020 22:12:42.496,29 Sep 2020 22:48:26.339,2143.843
29 Sep 2020 23:45:40.584,30 Sep 2020 00:21:24.485,2143.901
30 Sep 2020 01:18:38.689,30 Sep 2020 01:54:22.617,2143.928
30 Sep 2020 02:51:36.799,30 Sep 2020 03:27:20.745,2143.946
30 Sep 2020 04:24:34.917,30 Sep 2020 05:00:18.851,2143.934
30 Sep 2020 05:57:33.046,30 Sep 2020 06:33:16.949,2143.903
30 Sep 2020 07:30:31.073,30 Sep 2020 08:06:14.938,2143.865
30 Sep 2020 09:03:29.208,30 Sep 2020 09:39:13.002,2143.794
30 Sep 2020 10:36:27.348,30 Sep 2020 11:12:11.064,2143.716
30 Sep 2020 12:09:25.499,30 Sep 2020 12:45:09.138,2143.639
30 Sep 2020 13:42:23.680,30 Sep 2020 14:18:07.176,2143.496
30 Sep 2020 15:15:21.818,30 Sep 2020 15:51:05.183,2143.365
30 Sep 2020 16:48:19.995,30 Sep 2020 17:24:03.191,2143.196
30 Sep 2020 18:21:18.177,30 Sep 2020 18:57:01.191,2143.014
30 Sep 2020 19:54:16.319,30 Sep 2020 20:29:59.144,2142.825
30 Sep 2020 21:27:14.514,30 Sep 2020 22:02:57.118,2142.605
30 Sep 2020 23:00:12.724,30 Sep 2020 23:35:55.082,2142.358
1 Oct 2020 00:33:10.945,1 Oct 2020 01:08:53.040,2142.094
1 Oct 2020 02:06:09.170,1 Oct 2020 02:41:50.976,2141.806
1 Oct 2020 03:39:07.400,1 Oct 2020 04:14:48.898,2141.498
1 Oct 2020 05:12:05.626,1 Oct 2020 05:47:46.774,2141.147
1 Oct 2020 06:45:03.836,1 Oct 2020 07:20:44.684,2140.848
1 Oct 2020 08:18:02.100,1 Oct 2020 08:53:42.574,2140.474
1 Oct 2020 09:51:00.366,1 Oct 2020 10:26:40.459,2140.094
1 Oct 2020 11:23:58.646,1 Oct 2020 11:59:38.343,2139.697
1 Oct 2020 12:56:56.955,1 Oct 2020 13:32:36.204,2139.249
1 Oct 2020 14:29:55.262,1 Oct 2020 15:05:34.061,2138.799
1 Oct 2020 16:02:53.572,1 Oct 2020 16:38:31.909,2138.337
1 Oct 2020 17:35:51.900,1 Oct 2020 18:11:29.766,2137.866
1 Oct 2020 19:08:50.237,1 Oct 2020 19:44:27.596,2137.359
1 Oct 2020 20:41:48.621,1 Oct 2020 21:17:25.452,2136.831
1 Oct 2020 22:14:46.989,1 Oct 2020 22:50:23.267,2136.278
1 Oct 2020 23:47:45.360,2 Oct 2020 00:23:21.073,2135.713
2 Oct 2020 01:20:43.749,2 Oct 2020 01:56:18.871,2135.123
2 Oct 2020 02:53:42.150,2 Oct 2020 03:29:16.661,2134.511
2 Oct 2020 04:26:40.566,2 Oct 2020 05:02:14.443,2133.876
2 Oct 2020 05:59:38.991,2 Oct 2020 06:35:12.263,2133.272
2 Oct 2020 07:32:37.482,2 Oct 2020 08:08:10.031,2132.549
2 Oct 2020 09:05:35.961,2 Oct 2020 09:41:07.813,2131.852
2 Oct 2020 10:38:34.435,2 Oct 2020 11:14:05.567,2131.132
2 Oct 2020 12:11:32.950,2 Oct 2020 12:47:03.371,2130.421
2 Oct 2020 13:44:31.452,2 Oct 2020 14:20:01.113,2129.660
2 Oct 2020 15:17:29.969,2 Oct 2020 15:52:58.847,2128.878
2 Oct 2020 16:50:28.512,2 Oct 2020 17:25:56.566,2128.054
2 Oct 2020 18:23:27.055,2 Oct 2020 18:58:54.288,2127.233
2 Oct 2020 19:56:25.618,2 Oct 2020 20:31:52.003,2126.385
2 Oct 2020 21:29:24.197,2 Oct 2020 22:04:49.712,2125.514
2 Oct 2020 23:02:22.793,2 Oct 2020 23:37:47.414,2124.622
3 Oct 2020 00:35:21.404,3 Oct 2020 01:10:45.111,2123.707
3 Oct 2020 02:08:20.033,3 Oct 2020 02:43:42.802,2122.769
3 Oct 2020 03:41:18.678,3 Oct 2020 04:16:40.487,2121.809
3 Oct 2020 05:14:17.341,3 Oct 2020 05:49:38.288,2120.947
3 Oct 2020 06:47:16.112,3 Oct 2020 07:22:35.969,2119.857
3 Oct 2020 08:20:14.815,3 Oct 2020 08:55:33.640,2118.825
3 Oct 2020 09:53:13.535,3 Oct 2020 10:28:31.308,2117.773
3 Oct 2020 11:26:12.306,3 Oct 2020 12:01:29.004,2116.698
3 Oct 2020 12:59:11.066,3 Oct 2020 13:34:26.665,2115.599
3 Oct 2020 14:32:09.844,3 Oct 2020 15:07:24.321,2114.476
3 Oct 2020 16:05:08.642,3 Oct 2020 16:40:21.972,2113.330
3 Oct 2020 17:38:07.460,3 Oct 2020 18:13:19.620,2112.160
3 Oct 2020 19:11:06.298,3 Oct 2020 19:46:17.263,2110.965
3 Oct 2020 20:44:05.156,3 Oct 2020 21:19:14.902,2109.746
3 Oct 2020 22:17:04.035,3 Oct 2020 22:52:12.538,2108.503
3 Oct 2020 23:50:02.934,4 Oct 2020 00:25:10.170,2107.236
4 Oct 2020 01:23:02.071,4 Oct 2020 01:58:08.005,2105.934
4 Oct 2020 02:56:00.998,4 Oct 2020 03:31:05.617,2104.619
4 Oct 2020 04:28:59.972,4 Oct 2020 05:04:03.209,2103.237
4 Oct 2020 06:01:58.921,4 Oct 2020 06:37:00.837,2101.916
4 Oct 2020 07:34:57.939,4 Oct 2020 08:09:58.464,2100.525
4 Oct 2020 09:07:56.980,4 Oct 2020 09:42:56.087,2099.106
4 Oct 2020 10:40:56.072,4 Oct 2020 11:15:53.732,2097.660
4 Oct 2020 12:13:55.160,4 Oct 2020 12:48:51.352,2096.192
4 Oct 2020 13:46:54.274,4 Oct 2020 14:21:48.970,2094.696
4 Oct 2020 15:19:53.413,4 Oct 2020 15:54:46.586,2093.173
4 Oct 2020 16:52:52.577,4 Oct 2020 17:27:44.201,2091.623
4 Oct 2020 18:25:51.741,4 Oct 2020 19:00:41.791,2090.049
4 Oct 2020 19:58:50.950,4 Oct 2020 20:33:39.401,2088.451
4 Oct 2020 21:31:50.231,4 Oct 2020 22:06:37.045,2086.814
4 Oct 2020 23:04:49.499,4 Oct 2020 23:39:34.656,2085.157
5 Oct 2020 00:37:48.599,5 Oct 2020 01:12:32.055,2083.456
5 Oct 2020 02:10:47.782,5 Oct 2020 02:45:29.735,2081.954
5 Oct 2020 03:43:47.208,5 Oct 2020 04:18:27.236,2080.028
5 Oct 2020 05:16:46.442,5 Oct 2020 05:51:24.835,2078.393
5 Oct 2020 06:49:45.891,5 Oct 2020 07:24:22.340,2076.449
5 Oct 2020 08:22:45.201,5 Oct 2020 08:57:19.831,2074.629
5 Oct 2020 09:55:44.522,5 Oct 2020 10:30:17.862,2073.340
5 Oct 2020 11:28:44.686,5 Oct 2020 12:03:15.526,2070.840
5 Oct 2020 13:01:44.277,5 Oct 2020 13:36:13.196,2068.919
5 Oct 2020 14:34:43.910,5 Oct 2020 15:09:10.884,2066.974
5 Oct 2020 16:07:43.375,5 Oct 2020 16:42:08.439,2065.064
5 Oct 2020 17:40:43.035,5 Oct 2020 18:15:06.093,2063.059
5 Oct 2020 19:13:42.733,5 Oct 2020 19:48:03.750,2061.018
5 Oct 2020 20:46:42.469,5 Oct 2020 21:21:01.419,2058.950
5 Oct 2020 22:19:42.244,5 Oct 2020 22:53:59.095,2056.851
5 Oct 2020 23:52:42.059,6 Oct 2020 00:26:56.413,2054.354
6 Oct 2020 01:25:41.486,6 Oct 2020 01:59:54.049,2052.563
6 Oct 2020 02:58:41.290,6 Oct 2020 03:32:51.633,2050.343
6 Oct 2020 04:31:41.114,6 Oct 2020 05:05:49.259,2048.144
6 Oct 2020 06:04:40.999,6 Oct 2020 06:38:46.889,2045.890
6 Oct 2020 07:37:40.919,6 Oct 2020 08:11:44.520,2043.601
6 Oct 2020 09:10:40.876,6 Oct 2020 09:44:42.154,2041.278
6 Oct 2020 10:43:40.870,6 Oct 2020 11:17:39.792,2038.922
6 Oct 2020 12:16:40.934,6 Oct 2020 12:50:37.475,2036.542
6 Oct 2020 13:49:41.006,6 Oct 2020 14:23:35.121,2034.114
6 Oct 2020 15:22:41.116,6 Oct 2020 15:56:32.774,2031.658
6 Oct 2020 16:55:41.181,6 Oct 2020 17:29:30.355,2029.174
6 Oct 2020 18:28:41.361,6 Oct 2020 19:02:28.011,2026.650
6 Oct 2020 20:01:42.072,6 Oct 2020 20:35:26.066,2023.994
6 Oct 2020 21:34:42.518,6 Oct 2020 22:08:23.903,2021.385
6 Oct 2020 23:07:43.041,6 Oct 2020 23:41:21.779,2018.739
7 Oct 2020 00:40:43.640,7 Oct 2020 01:14:19.699,2016.060
7 Oct 2020 02:13:44.316,7 Oct 2020 02:47:17.656,2013.341
7 Oct 2020 03:46:45.069,7 Oct 2020 04:20:13.981,2008.912
7 Oct 2020 05:19:43.788,7 Oct 2020 05:53:11.693,2007.905
7 Oct 2020 06:52:44.354,7 Oct 2020 07:26:09.439,2005.085
7 Oct 2020 08:25:44.985,7 Oct 2020 08:59:07.205,2002.220
7 Oct 2020 09:58:45.682,7 Oct 2020 10:32:05.005,1999.323
7 Oct 2020 11:31:43.708,7 Oct 2020 12:05:00.548,1996.840
7 Oct 2020 13:04:43.473,7 Oct 2020 13:37:57.397,1993.924
7 Oct 2020 14:37:43.153,7 Oct 2020 15:10:54.123,1990.970
7 Oct 2020 16:10:40.465,7 Oct 2020 16:43:48.560,1988.095
7 Oct 2020 17:43:39.941,7 Oct 2020 18:16:44.894,1984.953
7 Oct 2020 19:16:39.480,7 Oct 2020 19:49:41.282,1981.802
7 Oct 2020 20:49:38.816,7 Oct 2020 21:22:37.512,1978.696
7 Oct 2020 22:22:38.295,7 Oct 2020 22:55:33.156,1974.861
7 Oct 2020 23:55:37.141,8 Oct 2020 00:28:29.355,1972.214
8 Oct 2020 01:28:36.730,8 Oct 2020 02:01:25.625,1968.895
8 Oct 2020 03:01:35.966,8 Oct 2020 03:34:21.621,1965.655
8 Oct 2020 04:34:35.429,8 Oct 2020 05:07:17.718,1962.289
8 Oct 2020 06:07:34.920,8 Oct 2020 06:40:13.796,1958.876
8 Oct 2020 07:40:34.440,8 Oct 2020 08:13:09.863,1955.423
8 Oct 2020 09:13:33.989,8 Oct 2020 09:46:06.865,1952.877
8 Oct 2020 10:46:34.836,8 Oct 2020 11:19:03.137,1948.302
8 Oct 2020 12:19:34.724,8 Oct 2020 12:51:59.427,1944.703
8 Oct 2020 13:52:34.652,8 Oct 2020 14:24:55.713,1941.061
8 Oct 2020 15:25:34.634,8 Oct 2020 15:57:52.009,1937.374
8 Oct 2020 16:58:34.678,8 Oct 2020 17:30:48.320,1933.641
8 Oct 2020 18:31:34.781,8 Oct 2020 19:03:44.644,1929.862
8 Oct 2020 20:04:35.109,8 Oct 2020 20:36:41.135,1926.026
8 Oct 2020 21:37:35.369,8 Oct 2020 22:09:37.463,1922.094
8 Oct 2020 23:10:35.621,8 Oct 2020 23:42:33.860,1918.240
9 Oct 2020 00:43:36.002,9 Oct 2020 01:15:30.275,1914.273
9 Oct 2020 02:16:36.280,9 Oct 2020 02:48:26.552,1910.272
9 Oct 2020 03:49:36.773,9 Oct 2020 04:21:22.983,1906.210
9 Oct 2020 05:22:37.335,9 Oct 2020 05:54:19.434,1902.099
9 Oct 2020 06:55:37.957,9 Oct 2020 07:27:15.900,1897.943
9 Oct 2020 08:28:38.647,9 Oct 2020 09:00:12.382,1893.735
9 Oct 2020 10:01:39.404,9 Oct 2020 10:33:08.883,1889.479
9 Oct 2020 11:34:40.377,9 Oct 2020 12:06:05.563,1885.187
9 Oct 2020 13:07:41.283,9 Oct 2020 13:39:02.110,1880.827
9 Oct 2020 14:40:42.265,9 Oct 2020 15:11:58.687,1876.422
9 Oct 2020 16:13:43.313,9 Oct 2020 16:44:55.280,1871.967
9 Oct 2020 17:46:44.439,9 Oct 2020 18:17:51.896,1867.457
9 Oct 2020 19:19:45.636,9 Oct 2020 19:50:48.535,1862.899
9 Oct 2020 20:52:46.996,9 Oct 2020 21:23:45.267,1858.271
9 Oct 2020 22:25:48.349,9 Oct 2020 22:56:41.965,1853.616
9 Oct 2020 23:58:49.783,10 Oct 2020 00:29:38.687,1848.904
10 Oct 2020 01:31:51.295,10 Oct 2020 02:02:35.440,1844.145
10 Oct 2020 03:04:52.823,10 Oct 2020 03:35:32.166,1839.343
10 Oct 2020 04:37:54.487,10 Oct 2020 05:08:28.964,1834.476
10 Oct 2020 06:10:56.241,10 Oct 2020 06:41:25.800,1829.559
10 Oct 2020 07:43:58.066,10 Oct 2020 08:14:22.654,1824.589
10 Oct 2020 09:17:00.030,10 Oct 2020 09:47:19.598,1819.568
10 Oct 2020 10:50:02.022,10 Oct 2020 11:20:16.515,1814.493
10 Oct 2020 12:23:04.098,10 Oct 2020 12:53:13.465,1809.368
10 Oct 2020 13:56:06.245,10 Oct 2020 14:26:10.434,1804.189
10 Oct 2020 15:29:08.487,10 Oct 2020 15:59:07.442,1798.956
10 Oct 2020 17:02:10.822,10 Oct 2020 17:32:04.499,1793.677
10 Oct 2020 18:35:13.236,10 Oct 2020 19:05:01.573,1788.338
10 Oct 2020 20:08:15.735,10 Oct 2020 20:37:58.687,1782.951
10 Oct 2020 21:41:18.323,10 Oct 2020 22:10:55.850,1777.528
10 Oct 2020 23:14:20.996,10 Oct 2020 23:43:53.042,1772.046
11 Oct 2020 00:47:23.761,11 Oct 2020 01:16:50.263,1766.502
11 Oct 2020 02:20:26.615,11 Oct 2020 02:49:47.524,1760.909
11 Oct 2020 03:53:29.579,11 Oct 2020 04:22:44.852,1755.273
11 Oct 2020 05:26:32.614,11 Oct 2020 05:55:42.200,1749.586
11 Oct 2020 06:59:35.745,11 Oct 2020 07:28:39.589,1743.844
11 Oct 2020 08:32:38.962,11 Oct 2020 09:01:37.022,1738.060
11 Oct 2020 10:05:42.278,11 Oct 2020 10:34:34.499,1732.222
11 Oct 2020 11:38:45.680,11 Oct 2020 12:07:32.024,1726.344
11 Oct 2020 13:11:49.152,11 Oct 2020 13:40:29.558,1720.407
11 Oct 2020 14:44:52.739,11 Oct 2020 15:13:27.171,1714.432
11 Oct 2020 16:17:56.416,11 Oct 2020 16:46:24.830,1708.414
11 Oct 2020 17:51:00.206,11 Oct 2020 18:19:22.562,1702.357
11 Oct 2020 19:24:04.074,11 Oct 2020 19:52:20.323,1696.249
11 Oct 2020 20:57:08.038,11 Oct 2020 21:25:18.143,1690.105
11 Oct 2020 22:30:12.096,11 Oct 2020 22:58:16.011,1683.915
12 Oct 2020 00:03:16.247,12 Oct 2020 00:31:13.937,1677.690
12 Oct 2020 01:36:20.494,12 Oct 2020 02:04:11.920,1671.426
12 Oct 2020 03:09:24.832,12 Oct 2020 03:37:09.962,1665.130
12 Oct 2020 04:42:29.266,12 Oct 2020 05:10:08.063,1658.797
12 Oct 2020 06:15:33.794,12 Oct 2020 06:43:06.227,1652.432
12 Oct 2020 07:48:38.334,12 Oct 2020 08:16:04.368,1646.033
12 Oct 2020 09:21:43.050,12 Oct 2020 09:49:02.655,1639.605
12 Oct 2020 10:54:47.851,12 Oct 2020 11:22:01.009,1633.158
12 Oct 2020 12:27:52.715,12 Oct 2020 12:54:59.410,1626.695
12 Oct 2020 14:00:57.699,12 Oct 2020 14:27:57.899,1620.200
12 Oct 2020 15:34:02.776,12 Oct 2020 16:00:56.460,1613.684
12 Oct 2020 17:07:07.942,12 Oct 2020 17:33:55.099,1607.156
12 Oct 2020 18:40:13.197,12 Oct 2020 19:06:53.806,1600.610
12 Oct 2020 20:13:18.543,12 Oct 2020 20:39:52.591,1594.048
12 Oct 2020 21:46:23.962,12 Oct 2020 22:12:51.447,1587.486
12 Oct 2020 23:19:29.471,12 Oct 2020 23:45:50.385,1580.914
13 Oct 2020 00:52:35.072,13 Oct 2020 01:18:49.414,1574.342
13 Oct 2020 02:25:40.679,13 Oct 2020 02:51:48.438,1567.759
13 Oct 2020 03:58:46.439,13 Oct 2020 04:24:47.626,1561.187
13 Oct 2020 05:31:52.271,13 Oct 2020 05:57:46.906,1554.635
13 Oct 2020 07:04:58.186,13 Oct 2020 07:30:46.276,1548.090
13 Oct 2020 08:38:04.173,13 Oct 2020 09:03:45.738,1541.565
13 Oct 2020 10:11:10.195,13 Oct 2020 10:36:45.275,1535.079
13 Oct 2020 11:44:16.324,13 Oct 2020 12:09:44.927,1528.603
13 Oct 2020 13:17:22.467,13 Oct 2020 13:42:44.670,1522.203
13 Oct 2020 14:50:28.723,13 Oct 2020 15:15:44.519,1515.797
13 Oct 2020 16:23:35.042,13 Oct 2020 16:48:44.468,1509.426
13 Oct 2020 17:56:41.480,13 Oct 2020 18:21:44.554,1503.074
13 Oct 2020 19:29:47.917,13 Oct 2020 19:54:44.722,1496.805
13 Oct 2020 21:02:54.406,13 Oct 2020 21:27:44.993,1490.586
13 Oct 2020 22:36:00.945,13 Oct 2020 23:00:45.378,1484.433
14 Oct 2020 00:09:07.585,14 Oct 2020 00:33:45.937,1478.352
14 Oct 2020 01:42:14.210,14 Oct 2020 02:06:46.549,1472.340
14 Oct 2020 03:15:20.871,14 Oct 2020 03:39:47.278,1466.407
14 Oct 2020 04:48:27.566,14 Oct 2020 05:12:48.126,1460.560
14 Oct 2020 06:21:34.291,14 Oct 2020 06:45:49.096,1454.805
14 Oct 2020 07:54:41.042,14 Oct 2020 08:18:50.194,1449.152
14 Oct 2020 09:27:47.814,14 Oct 2020 09:51:51.413,1443.599
14 Oct 2020 11:00:54.587,14 Oct 2020 11:24:52.755,1438.168
14 Oct 2020 12:34:01.410,14 Oct 2020 12:57:54.260,1432.850
14 Oct 2020 14:07:08.219,14 Oct 2020 14:30:55.867,1427.648
14 Oct 2020 15:40:15.029,14 Oct 2020 16:03:57.632,1422.603
14 Oct 2020 17:13:21.839,14 Oct 2020 17:36:59.507,1417.667
14 Oct 2020 18:46:28.645,14 Oct 2020 19:10:01.517,1412.872
14 Oct 2020 20:19:35.432,14 Oct 2020 20:43:03.663,1408.231
14 Oct 2020 21:52:42.173,14 Oct 2020 22:16:05.951,1403.778
14 Oct 2020 23:25:48.926,14 Oct 2020 23:49:08.370,1399.445
15 Oct 2020 00:58:55.653,15 Oct 2020 01:22:10.924,1395.270
15 Oct 2020 02:32:02.335,15 Oct 2020 02:55:13.626,1391.292
15 Oct 2020 04:05:08.981,15 Oct 2020 04:28:16.473,1387.492
15 Oct 2020 05:38:15.583,15 Oct 2020 06:01:19.458,1383.875
15 Oct 2020 07:11:22.132,15 Oct 2020 07:34:22.581,1380.448
15 Oct 2020 08:44:28.628,15 Oct 2020 09:07:25.852,1377.224
15 Oct 2020 10:17:35.064,15 Oct 2020 10:40:29.259,1374.195
15 Oct 2020 11:50:41.436,15 Oct 2020 12:13:32.816,1371.380
15 Oct 2020 13:23:47.731,15 Oct 2020 13:46:36.507,1368.776
15 Oct 2020 14:56:53.957,15 Oct 2020 15:19:40.342,1366.385
15 Oct 2020 16:30:00.100,15 Oct 2020 16:52:44.312,1364.213
15 Oct 2020 18:03:06.168,15 Oct 2020 18:25:48.492,1362.324
15 Oct 2020 19:36:12.138,15 Oct 2020 19:58:52.744,1360.607
15 Oct 2020 21:09:17.950,15 Oct 2020 21:31:57.030,1359.080
15 Oct 2020 22:42:23.725,15 Oct 2020 23:05:01.546,1357.821
16 Oct 2020 00:15:29.383,16 Oct 2020 00:38:06.157,1356.775
16 Oct 2020 01:48:34.945,16 Oct 2020 02:11:10.934,1355.989
16 Oct 2020 03:21:40.397,16 Oct 2020 03:44:15.835,1355.439
16 Oct 2020 04:54:45.732,16 Oct 2020 05:17:20.856,1355.124
16 Oct 2020 06:27:50.951,16 Oct 2020 06:50:26.004,1355.053
16 Oct 2020 08:00:56.051,16 Oct 2020 08:23:31.332,1355.281
16 Oct 2020 09:34:00.997,16 Oct 2020 09:56:36.624,1355.627
16 Oct 2020 11:07:05.837,16 Oct 2020 11:29:42.106,1356.269
16 Oct 2020 12:40:10.546,16 Oct 2020 13:02:47.692,1357.146
16 Oct 2020 14:13:15.122,16 Oct 2020 14:35:53.381,1358.258
16 Oct 2020 15:46:19.565,16 Oct 2020 16:08:59.167,1359.602
16 Oct 2020 17:19:23.868,16 Oct 2020 17:42:05.045,1361.177
16 Oct 2020 18:52:28.039,16 Oct 2020 19:15:11.009,1362.970
16 Oct 2020 20:25:32.061,16 Oct 2020 20:48:17.061,1365.001
16 Oct 2020 21:58:35.871,16 Oct 2020 22:21:23.134,1367.262
16 Oct 2020 23:31:39.611,16 Oct 2020 23:54:29.334,1369.722
17 Oct 2020 01:04:43.209,17 Oct 2020 01:27:35.605,1372.396
17 Oct 2020 02:37:46.664,17 Oct 2020 03:00:41.938,1375.275
17 Oct 2020 04:10:49.975,17 Oct 2020 04:33:48.331,1378.356
17 Oct 2020 05:43:53.155,17 Oct 2020 06:06:54.769,1381.614
17 Oct 2020 07:16:56.177,17 Oct 2020 07:40:01.258,1385.080
17 Oct 2020 08:49:59.057,17 Oct 2020 09:13:07.798,1388.741
17 Oct 2020 10:23:01.798,17 Oct 2020 10:46:14.372,1392.573
17 Oct 2020 11:56:04.390,17 Oct 2020 12:19:20.978,1396.588
17 Oct 2020 13:29:06.844,17 Oct 2020 13:52:27.611,1400.767
17 Oct 2020 15:02:09.159,17 Oct 2020 15:25:34.267,1405.108
17 Oct 2020 16:35:11.360,17 Oct 2020 16:58:40.915,1409.556
17 Oct 2020 18:08:13.369,17 Oct 2020 18:31:47.541,1414.171
17 Oct 2020 19:41:15.172,17 Oct 2020 20:04:54.154,1418.982
17 Oct 2020 21:14:16.938,17 Oct 2020 21:38:00.849,1423.911
17 Oct 2020 22:47:18.574,17 Oct 2020 23:11:07.541,1428.967
18 Oct 2020 00:20:20.077,18 Oct 2020 00:44:14.236,1434.159
18 Oct 2020 01:53:21.451,18 Oct 2020 02:17:20.908,1439.457
18 Oct 2020 03:26:22.697,18 Oct 2020 03:50:27.559,1444.862
18 Oct 2020 04:59:23.817,18 Oct 2020 05:23:34.197,1450.379
18 Oct 2020 06:32:24.824,18 Oct 2020 06:56:40.815,1455.990
18 Oct 2020 08:05:25.698,18 Oct 2020 08:29:47.393,1461.695
18 Oct 2020 09:38:26.440,18 Oct 2020 10:02:53.912,1467.471
18 Oct 2020 11:11:27.076,18 Oct 2020 11:36:00.419,1473.343
18 Oct 2020 12:44:27.618,18 Oct 2020 13:09:06.898,1479.279
18 Oct 2020 14:17:28.026,18 Oct 2020 14:42:13.321,1485.294
18 Oct 2020 15:50:28.326,18 Oct 2020 16:15:19.696,1491.369
18 Oct 2020 17:23:28.555,18 Oct 2020 17:48:26.042,1497.487
18 Oct 2020 18:56:28.635,18 Oct 2020 19:21:32.311,1503.676
18 Oct 2020 20:29:28.617,18 Oct 2020 20:54:38.524,1509.907
18 Oct 2020 22:02:28.489,18 Oct 2020 22:27:44.677,1516.188
18 Oct 2020 23:35:28.253,19 Oct 2020 00:00:50.739,1522.486
19 Oct 2020 01:08:27.925,19 Oct 2020 01:33:56.762,1528.837
19 Oct 2020 02:41:27.506,19 Oct 2020 03:07:02.720,1535.214
19 Oct 2020 04:14:26.992,19 Oct 2020 04:40:08.603,1541.611
19 Oct 2020 05:47:26.411,19 Oct 2020 06:13:14.449,1548.038
19 Oct 2020 07:20:25.719,19 Oct 2020 07:46:20.185,1554.466
19 Oct 2020 08:53:24.933,19 Oct 2020 09:19:25.847,1560.914
19 Oct 2020 10:26:24.064,19 Oct 2020 10:52:31.435,1567.371
19 Oct 2020 11:59:23.100,19 Oct 2020 12:25:36.917,1573.817
19 Oct 2020 13:32:22.083,19 Oct 2020 13:58:42.360,1580.276
19 Oct 2020 15:05:20.971,19 Oct 2020 15:31:47.701,1586.731
19 Oct 2020 16:38:19.780,19 Oct 2020 17:04:52.959,1593.179
19 Oct 2020 18:11:18.530,19 Oct 2020 18:37:58.141,1599.611
19 Oct 2020 19:44:17.190,19 Oct 2020 20:11:03.228,1606.039
19 Oct 2020 21:17:15.806,19 Oct 2020 21:44:08.242,1612.436
19 Oct 2020 22:50:14.322,19 Oct 2020 23:17:13.158,1618.836
20 Oct 2020 00:23:12.770,20 Oct 2020 00:50:17.981,1625.212
20 Oct 2020 01:56:11.153,20 Oct 2020 02:23:22.715,1631.562
20 Oct 2020 03:29:09.465,20 Oct 2020 03:56:27.344,1637.879
20 Oct 2020 05:02:07.703,20 Oct 2020 05:29:31.893,1644.190
20 Oct 2020 06:35:05.891,20 Oct 2020 07:02:36.353,1650.462
20 Oct 2020 08:08:04.018,20 Oct 2020 08:35:40.728,1656.710
20 Oct 2020 09:41:01.960,20 Oct 2020 10:08:44.889,1662.929
20 Oct 2020 11:13:59.969,20 Oct 2020 11:41:49.072,1669.103
20 Oct 2020 12:46:57.903,20 Oct 2020 13:14:53.146,1675.244
20 Oct 2020 14:19:55.794,20 Oct 2020 14:47:57.146,1681.352
20 Oct 2020 15:52:53.638,20 Oct 2020 16:21:01.057,1687.418
20 Oct 2020 17:25:51.428,20 Oct 2020 17:54:04.874,1693.446
20 Oct 2020 18:58:49.172,20 Oct 2020 19:27:08.610,1699.438
20 Oct 2020 20:31:46.859,20 Oct 2020 21:00:12.235,1705.377
20 Oct 2020 22:04:44.496,20 Oct 2020 22:33:15.775,1711.279
20 Oct 2020 23:37:42.086,21 Oct 2020 00:06:19.224,1717.138
21 Oct 2020 01:10:39.630,21 Oct 2020 01:39:22.583,1722.953
21 Oct 2020 02:43:37.128,21 Oct 2020 03:12:25.852,1728.724
21 Oct 2020 04:16:34.583,21 Oct 2020 04:45:29.047,1734.463
21 Oct 2020 05:49:32.032,21 Oct 2020 06:18:32.137,1740.105
21 Oct 2020 07:22:29.405,21 Oct 2020 07:51:35.139,1745.733
21 Oct 2020 08:55:26.711,21 Oct 2020 09:24:38.026,1751.315
21 Oct 2020 10:28:24.005,21 Oct 2020 10:57:40.851,1756.846
21 Oct 2020 12:01:21.259,21 Oct 2020 12:30:43.590,1762.331
21 Oct 2020 13:34:18.550,21 Oct 2020 14:03:46.311,1767.760
21 Oct 2020 15:07:15.737,21 Oct 2020 15:36:48.880,1773.142
21 Oct 2020 16:40:12.927,21 Oct 2020 17:09:51.395,1778.468
21 Oct 2020 18:13:10.042,21 Oct 2020 18:42:53.797,1783.756
21 Oct 2020 19:46:07.126,21 Oct 2020 20:15:56.118,1788.993
21 Oct 2020 21:19:04.187,21 Oct 2020 21:48:58.367,1794.180
21 Oct 2020 22:52:01.205,21 Oct 2020 23:22:00.517,1799.312
22 Oct 2020 00:24:58.195,22 Oct 2020 00:55:02.592,1804.397
22 Oct 2020 01:57:55.154,22 Oct 2020 02:28:04.577,1809.423
22 Oct 2020 03:30:52.084,22 Oct 2020 04:01:06.489,1814.405
22 Oct 2020 05:03:49.022,22 Oct 2020 05:34:08.349,1819.327
22 Oct 2020 06:36:45.895,22 Oct 2020 07:07:10.105,1824.210
22 Oct 2020 08:09:42.745,22 Oct 2020 08:40:11.783,1829.037
22 Oct 2020 09:42:39.510,22 Oct 2020 10:13:13.335,1833.825
22 Oct 2020 11:15:36.306,22 Oct 2020 11:46:14.858,1838.552
22 Oct 2020 12:48:33.108,22 Oct 2020 13:19:16.338,1843.231
22 Oct 2020 14:21:29.856,22 Oct 2020 14:52:17.714,1847.858
22 Oct 2020 15:54:26.578,22 Oct 2020 16:25:19.017,1852.439
22 Oct 2020 17:27:23.280,22 Oct 2020 17:58:20.247,1856.967
22 Oct 2020 19:00:19.959,22 Oct 2020 19:31:21.404,1861.445
22 Oct 2020 20:33:16.616,22 Oct 2020 21:04:22.494,1865.878
22 Oct 2020 22:06:13.348,22 Oct 2020 22:37:23.532,1870.184
22 Oct 2020 23:39:09.969,23 Oct 2020 00:10:24.489,1874.520
23 Oct 2020 01:12:06.571,23 Oct 2020 01:43:25.376,1878.804
23 Oct 2020 02:45:03.154,23 Oct 2020 03:16:26.192,1883.037
23 Oct 2020 04:17:59.721,23 Oct 2020 04:49:26.949,1887.228
23 Oct 2020 05:50:56.270,23 Oct 2020 06:22:27.640,1891.369
23 Oct 2020 07:23:52.800,23 Oct 2020 07:55:28.258,1895.458
23 Oct 2020 08:56:49.313,23 Oct 2020 09:28:28.692,1899.379
23 Oct 2020 10:29:45.663,23 Oct 2020 11:01:29.177,1903.514
23 Oct 2020 12:02:42.128,23 Oct 2020 12:34:29.594,1907.466
23 Oct 2020 13:35:38.597,23 Oct 2020 14:07:29.965,1911.369
23 Oct 2020 15:08:35.032,23 Oct 2020 15:40:30.261,1915.229
23 Oct 2020 16:41:31.453,23 Oct 2020 17:13:30.494,1919.041
23 Oct 2020 18:14:27.877,23 Oct 2020 18:46:30.690,1922.814
23 Oct 2020 19:47:24.270,23 Oct 2020 20:19:30.806,1926.536
23 Oct 2020 21:20:20.617,23 Oct 2020 21:52:30.832,1930.215
23 Oct 2020 22:53:16.977,23 Oct 2020 23:25:30.831,1933.854
24 Oct 2020 00:26:13.326,24 Oct 2020 00:58:30.775,1937.449
24 Oct 2020 01:59:09.663,24 Oct 2020 02:31:30.658,1940.995
24 Oct 2020 03:32:05.996,24 Oct 2020 04:04:30.494,1944.498
24 Oct 2020 05:05:02.308,24 Oct 2020 05:37:30.270,1947.962
24 Oct 2020 06:37:58.610,24 Oct 2020 07:10:29.992,1951.383
24 Oct 2020 08:10:54.900,24 Oct 2020 08:43:29.662,1954.762
24 Oct 2020 09:43:51.132,24 Oct 2020 10:16:29.222,1958.090
24 Oct 2020 11:16:47.399,24 Oct 2020 11:49:28.785,1961.386
24 Oct 2020 12:49:43.679,24 Oct 2020 13:22:28.320,1964.641
24 Oct 2020 14:22:39.927,24 Oct 2020 14:55:27.783,1967.856
24 Oct 2020 15:55:36.166,24 Oct 2020 16:28:27.196,1971.031
24 Oct 2020 17:28:32.398,24 Oct 2020 18:01:26.563,1974.165
24 Oct 2020 19:01:28.619,24 Oct 2020 19:34:25.879,1977.260
24 Oct 2020 20:34:24.817,24 Oct 2020 21:07:25.132,1980.315
24 Oct 2020 22:07:21.019,24 Oct 2020 22:40:24.351,1983.333
24 Oct 2020 23:40:17.213,25 Oct 2020 00:13:23.524,1986.312
25 Oct 2020 01:13:13.399,25 Oct 2020 01:46:22.653,1989.254
25 Oct 2020 02:46:09.578,25 Oct 2020 03:19:21.730,1992.152
25 Oct 2020 04:19:05.747,25 Oct 2020 04:52:20.767,1995.020
25 Oct 2020 05:52:01.914,25 Oct 2020 06:25:19.767,1997.853
25 Oct 2020 07:24:58.072,25 Oct 2020 07:58:18.718,2000.646
25 Oct 2020 08:57:54.224,25 Oct 2020 09:31:17.607,2003.383
25 Oct 2020 10:30:50.357,25 Oct 2020 11:04:16.473,2006.115
25 Oct 2020 12:03:46.497,25 Oct 2020 12:37:15.294,2008.796
25 Oct 2020 13:36:42.633,25 Oct 2020 14:10:14.079,2011.446
25 Oct 2020 15:09:38.793,25 Oct 2020 15:43:12.855,2014.062
25 Oct 2020 16:42:34.918,25 Oct 2020 17:16:11.559,2016.642
25 Oct 2020 18:15:31.038,25 Oct 2020 18:49:10.222,2019.184
25 Oct 2020 19:48:27.153,25 Oct 2020 20:22:08.850,2021.697
25 Oct 2020 21:21:23.241,25 Oct 2020 21:55:07.411,2024.170
25 Oct 2020 22:54:19.346,25 Oct 2020 23:28:05.964,2026.619
26 Oct 2020 00:27:15.447,26 Oct 2020 01:01:04.474,2029.026
26 Oct 2020 02:00:11.543,26 Oct 2020 02:34:02.950,2031.408
26 Oct 2020 03:33:07.637,26 Oct 2020 04:07:01.391,2033.755
26 Oct 2020 05:06:03.727,26 Oct 2020 05:39:59.796,2036.069
26 Oct 2020 06:38:59.815,26 Oct 2020 07:12:58.167,2038.352
26 Oct 2020 08:11:55.900,26 Oct 2020 08:45:56.487,2040.587
26 Oct 2020 09:44:51.967,26 Oct 2020 10:18:54.792,2042.825
26 Oct 2020 11:17:48.047,26 Oct 2020 11:51:53.062,2045.014
26 Oct 2020 12:50:44.126,26 Oct 2020 13:24:51.299,2047.173
26 Oct 2020 14:23:40.202,26 Oct 2020 14:57:49.504,2049.302
26 Oct 2020 15:56:36.276,26 Oct 2020 16:30:47.676,2051.400
26 Oct 2020 17:29:32.349,26 Oct 2020 18:03:45.818,2053.469
26 Oct 2020 19:02:28.418,26 Oct 2020 19:36:43.920,2055.501
26 Oct 2020 20:35:24.484,26 Oct 2020 21:09:41.998,2057.514
26 Oct 2020 22:08:20.551,26 Oct 2020 22:42:40.045,2059.493
26 Oct 2020 23:41:16.618,27 Oct 2020 00:15:38.064,2061.445
27 Oct 2020 01:14:12.684,27 Oct 2020 01:48:36.056,2063.372
27 Oct 2020 02:47:08.750,27 Oct 2020 03:21:34.016,2065.266
27 Oct 2020 04:20:04.816,27 Oct 2020 04:54:31.949,2067.134
27 Oct 2020 05:53:00.882,27 Oct 2020 06:27:29.857,2068.976
27 Oct 2020 07:25:56.947,27 Oct 2020 08:00:27.735,2070.788
27 Oct 2020 08:58:53.013,27 Oct 2020 09:33:25.587,2072.574
27 Oct 2020 10:31:49.043,27 Oct 2020 11:06:23.379,2074.336
27 Oct 2020 12:04:45.110,27 Oct 2020 12:39:21.175,2076.065
27 Oct 2020 13:37:41.155,27 Oct 2020 14:12:18.910,2077.755
27 Oct 2020 15:10:37.221,27 Oct 2020 15:45:16.655,2079.435
27 Oct 2020 16:43:33.287,27 Oct 2020 17:18:14.373,2081.086
27 Oct 2020 18:16:29.355,27 Oct 2020 18:51:12.072,2082.716
27 Oct 2020 19:49:25.461,27 Oct 2020 20:24:09.778,2084.317
27 Oct 2020 21:22:21.532,27 Oct 2020 21:57:07.425,2085.893
27 Oct 2020 22:55:17.604,27 Oct 2020 23:30:05.050,2087.446
28 Oct 2020 00:28:13.679,28 Oct 2020 01:03:02.653,2088.974
28 Oct 2020 02:01:09.759,28 Oct 2020 02:36:00.235,2090.476
28 Oct 2020 03:34:05.838,28 Oct 2020 04:08:57.790,2091.951
28 Oct 2020 05:07:01.910,28 Oct 2020 05:41:55.318,2093.408
28 Oct 2020 06:39:57.993,28 Oct 2020 07:14:52.831,2094.838
28 Oct 2020 08:12:54.079,28 Oct 2020 08:47:50.319,2096.241
28 Oct 2020 09:45:50.167,28 Oct 2020 10:20:47.790,2097.623
28 Oct 2020 11:18:46.259,28 Oct 2020 11:53:45.240,2098.982
28 Oct 2020 12:51:42.353,28 Oct 2020 13:26:42.636,2100.283
28 Oct 2020 14:24:38.421,28 Oct 2020 14:59:40.044,2101.623
28 Oct 2020 15:57:34.520,28 Oct 2020 16:32:37.433,2102.913
28 Oct 2020 17:30:30.606,28 Oct 2020 18:05:34.784,2104.178
28 Oct 2020 19:03:26.711,28 Oct 2020 19:38:32.134,2105.422
28 Oct 2020 20:36:22.819,28 Oct 2020 21:11:29.464,2106.645
28 Oct 2020 22:09:18.932,28 Oct 2020 22:44:26.777,2107.845
28 Oct 2020 23:42:15.049,29 Oct 2020 00:17:24.071,2109.023
29 Oct 2020 01:15:11.170,29 Oct 2020 01:50:21.349,2110.179
29 Oct 2020 02:48:07.296,29 Oct 2020 03:23:18.609,2111.313
29 Oct 2020 04:21:03.426,29 Oct 2020 04:56:15.852,2112.426
29 Oct 2020 05:53:59.526,29 Oct 2020 06:29:13.041,2113.515
29 Oct 2020 07:26:55.665,29 Oct 2020 08:02:10.250,2114.585
29 Oct 2020 08:59:51.808,29 Oct 2020 09:35:07.443,2115.635
29 Oct 2020 10:32:47.958,29 Oct 2020 11:08:04.621,2116.663
29 Oct 2020 12:05:44.111,29 Oct 2020 12:41:01.782,2117.671
29 Oct 2020 13:38:40.270,29 Oct 2020 14:13:58.929,2118.658
29 Oct 2020 15:11:36.437,29 Oct 2020 15:46:56.060,2119.623
29 Oct 2020 16:44:32.604,29 Oct 2020 17:19:53.176,2120.572
29 Oct 2020 18:17:28.785,29 Oct 2020 18:52:50.279,2121.494
29 Oct 2020 19:50:25.011,29 Oct 2020 20:25:47.398,2122.387
29 Oct 2020 21:23:21.198,29 Oct 2020 21:58:44.472,2123.274
29 Oct 2020 22:56:17.386,29 Oct 2020 23:31:41.533,2124.146
30 Oct 2020 00:29:13.583,30 Oct 2020 01:04:38.579,2124.996
30 Oct 2020 02:02:09.791,30 Oct 2020 02:37:35.615,2125.824
30 Oct 2020 03:35:06.005,30 Oct 2020 04:10:32.639,2126.633
30 Oct 2020 05:08:02.226,30 Oct 2020 05:43:29.695,2127.468
30 Oct 2020 06:40:58.505,30 Oct 2020 07:16:26.696,2128.191
30 Oct 2020 08:13:54.742,30 Oct 2020 08:49:23.685,2128.943
30 Oct 2020 09:46:50.987,30 Oct 2020 10:22:20.663,2129.676
30 Oct 2020 11:19:47.239,30 Oct 2020 11:55:17.630,2130.391
30 Oct 2020 12:52:43.498,30 Oct 2020 13:28:14.585,2131.087
30 Oct 2020 14:25:39.765,30 Oct 2020 15:01:11.531,2131.766
30 Oct 2020 15:58:36.040,30 Oct 2020 16:34:08.464,2132.425
30 Oct 2020 17:31:32.322,30 Oct 2020 18:07:05.391,2133.068
30 Oct 2020 19:04:28.953,30 Oct 2020 19:40:02.611,2133.658
30 Oct 2020 20:37:25.280,30 Oct 2020 21:12:59.543,2134.263
30 Oct 2020 22:10:21.615,30 Oct 2020 22:45:56.466,2134.851
30 Oct 2020 23:43:17.961,31 Oct 2020 00:18:53.386,2135.426
31 Oct 2020 01:16:14.315,31 Oct 2020 01:51:50.039,2135.724
31 Oct 2020 02:49:10.383,31 Oct 2020 03:24:46.966,2136.583
31 Oct 2020 04:22:06.816,31 Oct 2020 04:57:43.844,2137.028
31 Oct 2020 05:55:03.181,31 Oct 2020 06:30:40.709,2137.529
31 Oct 2020 07:27:59.555,31 Oct 2020 08:03:37.454,2137.900
31 Oct 2020 09:00:55.822,31 Oct 2020 09:36:34.296,2138.474
31 Oct 2020 10:33:52.207,31 Oct 2020 11:09:31.130,2138.923
31 Oct 2020 12:06:48.602,31 Oct 2020 12:42:27.957,2139.355
31 Oct 2020 13:39:44.929,31 Oct 2020 14:15:24.721,2139.792
31 Oct 2020 15:12:41.336,31 Oct 2020 15:48:21.527,2140.191
31 Oct 2020 16:45:37.753,31 Oct 2020 17:21:18.322,2140.569
31 Oct 2020 18:18:34.176,31 Oct 2020 18:54:15.120,2140.944
31 Oct 2020 19:51:30.613,31 Oct 2020 20:27:11.901,2141.288
31 Oct 2020 21:24:27.064,31 Oct 2020 22:00:08.682,2141.618
31 Oct 2020 22:57:23.519,31 Oct 2020 23:33:05.457,2141.938
1 Nov 2020 00:30:19.988,1 Nov 2020 01:06:02.227,2142.239
1 Nov 2020 02:03:16.470,1 Nov 2020 02:38:58.991,2142.522
1 Nov 2020 03:36:12.959,1 Nov 2020 04:11:55.750,2142.791
1 Nov 2020 05:09:09.458,1 Nov 2020 05:44:52.504,2143.046
1 Nov 2020 06:42:05.974,1 Nov 2020 07:17:49.253,2143.279
1 Nov 2020 08:15:02.492,1 Nov 2020 08:50:46.002,2143.510
1 Nov 2020 09:47:58.946,1 Nov 2020 10:23:42.658,2143.712
1 Nov 2020 11:20:55.489,1 Nov 2020 11:56:39.391,2143.902
1 Nov 2020 12:53:52.042,1 Nov 2020 13:29:36.114,2144.072
1 Nov 2020 14:26:48.579,1 Nov 2020 15:02:32.812,2144.234
1 Nov 2020 15:59:45.157,1 Nov 2020 16:35:29.527,2144.370
1 Nov 2020 17:32:41.753,1 Nov 2020 18:08:26.231,2144.478
1 Nov 2020 19:05:38.352,1 Nov 2020 19:41:22.943,2144.592
1 Nov 2020 20:38:34.959,1 Nov 2020 21:14:19.653,2144.694
1 Nov 2020 22:11:31.582,1 Nov 2020 22:47:16.357,2144.775
1 Nov 2020 23:44:28.221,2 Nov 2020 00:20:13.065,2144.843
2 Nov 2020 01:17:24.869,2 Nov 2020 01:53:09.767,2144.898
2 Nov 2020 02:50:21.530,2 Nov 2020 03:26:06.468,2144.938
2 Nov 2020 04:23:18.203,2 Nov 2020 04:59:03.169,2144.965
2 Nov 2020 05:56:14.886,2 Nov 2020 06:31:59.826,2144.941
2 Nov 2020 07:29:11.550,2 Nov 2020 08:04:56.519,2144.969
2 Nov 2020 09:02:08.260,2 Nov 2020 09:37:53.208,2144.949
2 Nov 2020 10:35:04.963,2 Nov 2020 11:10:49.899,2144.936
2 Nov 2020 12:08:01.696,2 Nov 2020 12:43:46.586,2144.890
2 Nov 2020 13:40:58.447,2 Nov 2020 14:16:43.271,2144.824
2 Nov 2020 15:13:55.204,2 Nov 2020 15:49:39.954,2144.750
2 Nov 2020 16:46:52.003,2 Nov 2020 17:22:36.636,2144.633
2 Nov 2020 18:19:48.790,2 Nov 2020 18:55:33.320,2144.530
2 Nov 2020 19:52:45.591,2 Nov 2020 20:28:30.005,2144.413
2 Nov 2020 21:25:42.407,2 Nov 2020 22:01:26.686,2144.279
2 Nov 2020 22:58:39.235,2 Nov 2020 23:34:23.402,2144.168
3 Nov 2020 00:31:36.083,3 Nov 2020 01:07:20.082,2143.999
3 Nov 2020 02:04:32.940,3 Nov 2020 02:40:16.774,2143.834
3 Nov 2020 03:37:29.815,3 Nov 2020 04:13:13.461,2143.645
3 Nov 2020 05:10:26.705,3 Nov 2020 05:46:10.152,2143.447
3 Nov 2020 06:43:23.580,3 Nov 2020 07:19:06.791,2143.211
3 Nov 2020 08:16:20.500,3 Nov 2020 08:52:03.482,2142.981
3 Nov 2020 09:49:17.432,3 Nov 2020 10:25:00.174,2142.743
3 Nov 2020 11:22:14.378,3 Nov 2020 11:57:56.874,2142.496
3 Nov 2020 12:55:11.374,3 Nov 2020 13:30:53.630,2142.256
3 Nov 2020 14:28:08.356,3 Nov 2020 15:03:50.325,2141.969
3 Nov 2020 16:01:05.353,3 Nov 2020 16:36:47.031,2141.678
3 Nov 2020 17:34:02.369,3 Nov 2020 18:09:43.739,2141.370
3 Nov 2020 19:06:59.396,3 Nov 2020 19:42:40.451,2141.055
3 Nov 2020 20:39:56.442,3 Nov 2020 21:15:37.166,2140.724
3 Nov 2020 22:12:53.501,3 Nov 2020 22:48:33.879,2140.378
3 Nov 2020 23:45:50.569,4 Nov 2020 00:21:30.610,2140.041
4 Nov 2020 01:18:47.673,4 Nov 2020 01:54:27.337,2139.664
4 Nov 2020 02:51:44.788,4 Nov 2020 03:27:24.068,2139.280
4 Nov 2020 04:24:41.910,4 Nov 2020 05:00:20.793,2138.883
4 Nov 2020 05:57:39.046,4 Nov 2020 06:33:17.532,2138.486
4 Nov 2020 07:30:36.201,4 Nov 2020 08:06:14.276,2138.075
4 Nov 2020 09:03:33.379,4 Nov 2020 09:39:11.025,2137.646
4 Nov 2020 10:36:30.602,4 Nov 2020 11:12:07.787,2137.185
4 Nov 2020 12:09:27.810,4 Nov 2020 12:45:04.548,2136.738
4 Nov 2020 13:42:25.040,4 Nov 2020 14:18:01.314,2136.274
4 Nov 2020 15:15:22.290,4 Nov 2020 15:50:58.086,2135.796
4 Nov 2020 16:48:19.552,4 Nov 2020 17:23:54.860,2135.307
4 Nov 2020 18:21:16.835,4 Nov 2020 18:56:51.646,2134.811
4 Nov 2020 19:54:14.136,4 Nov 2020 20:29:48.433,2134.297
4 Nov 2020 21:27:11.455,4 Nov 2020 22:02:45.230,2133.775
4 Nov 2020 23:00:08.790,4 Nov 2020 23:35:42.031,2133.240
5 Nov 2020 00:33:06.146,5 Nov 2020 01:08:38.864,2132.719
5 Nov 2020 02:06:03.545,5 Nov 2020 02:41:35.688,2132.142
5 Nov 2020 03:39:00.938,5 Nov 2020 04:14:32.513,2131.575
5 Nov 2020 05:11:58.350,5 Nov 2020 05:47:29.342,2130.992
5 Nov 2020 06:44:55.819,5 Nov 2020 07:20:26.230,2130.411
5 Nov 2020 08:17:53.271,5 Nov 2020 08:53:23.082,2129.811
5 Nov 2020 09:50:50.741,5 Nov 2020 10:26:19.942,2129.201
5 Nov 2020 11:23:48.231,5 Nov 2020 11:59:16.811,2128.580
5 Nov 2020 12:56:45.740,5 Nov 2020 13:32:13.688,2127.948
5 Nov 2020 14:29:43.269,5 Nov 2020 15:05:10.574,2127.306
5 Nov 2020 16:02:40.876,5 Nov 2020 16:38:07.522,2126.645
5 Nov 2020 17:35:38.445,5 Nov 2020 18:11:04.428,2125.983
5 Nov 2020 19:08:36.034,5 Nov 2020 19:44:01.344,2125.310
5 Nov 2020 20:41:33.642,5 Nov 2020 21:16:58.270,2124.628
5 Nov 2020 22:14:31.270,5 Nov 2020 22:49:55.282,2124.012
5 Nov 2020 23:47:29.011,6 Nov 2020 00:22:52.238,2123.226
6 Nov 2020 01:20:26.690,6 Nov 2020 01:55:49.204,2122.514
6 Nov 2020 02:53:24.344,6 Nov 2020 03:28:46.136,2121.792
6 Nov 2020 04:26:22.056,6 Nov 2020 05:01:43.118,2121.061
6 Nov 2020 05:59:19.791,6 Nov 2020 06:34:40.217,2120.425
6 Nov 2020 07:32:17.658,6 Nov 2020 08:07:37.225,2119.568
6 Nov 2020 09:05:15.436,6 Nov 2020 09:40:34.246,2118.809
6 Nov 2020 10:38:13.240,6 Nov 2020 11:13:31.278,2118.038
6 Nov 2020 12:11:11.055,6 Nov 2020 12:46:28.324,2117.269
6 Nov 2020 13:44:08.936,6 Nov 2020 14:19:25.428,2116.493
6 Nov 2020 15:17:06.800,6 Nov 2020 15:52:22.500,2115.700
6 Nov 2020 16:50:04.685,6 Nov 2020 17:25:19.084,2114.399
6 Nov 2020 18:23:01.945,6 Nov 2020 18:58:16.029,2114.084
6 Nov 2020 19:55:59.694,6 Nov 2020 20:31:12.966,2113.272
6 Nov 2020 21:28:57.441,6 Nov 2020 22:04:10.934,2113.492
6 Nov 2020 23:01:56.466,6 Nov 2020 23:37:08.073,2111.608
7 Nov 2020 00:34:54.460,7 Nov 2020 01:10:05.223,2110.763
7 Nov 2020 02:07:52.475,7 Nov 2020 02:43:02.391,2109.916
7 Nov 2020 03:40:50.512,7 Nov 2020 04:15:59.573,2109.061
7 Nov 2020 05:13:48.572,7 Nov 2020 05:48:56.770,2108.198
7 Nov 2020 06:46:46.653,7 Nov 2020 07:21:53.978,2107.325
7 Nov 2020 08:19:44.756,7 Nov 2020 08:54:51.206,2106.451
7 Nov 2020 09:52:42.880,7 Nov 2020 10:27:48.447,2105.567
7 Nov 2020 11:25:41.025,7 Nov 2020 12:00:45.700,2104.675
7 Nov 2020 12:58:39.192,7 Nov 2020 13:33:42.971,2103.779
7 Nov 2020 14:31:37.434,7 Nov 2020 15:06:40.318,2102.884
7 Nov 2020 16:04:35.650,7 Nov 2020 16:39:37.624,2101.975
7 Nov 2020 17:37:33.886,7 Nov 2020 18:12:34.946,2101.061
7 Nov 2020 19:10:32.144,7 Nov 2020 19:45:32.285,2100.141
7 Nov 2020 20:43:30.424,7 Nov 2020 21:18:29.639,2099.215
7 Nov 2020 22:16:28.725,7 Nov 2020 22:51:27.020,2098.295
7 Nov 2020 23:49:27.060,8 Nov 2020 00:24:24.409,2097.349
8 Nov 2020 01:22:25.407,8 Nov 2020 01:57:21.815,2096.409
8 Nov 2020 02:55:23.775,8 Nov 2020 03:30:19.238,2095.464
8 Nov 2020 04:28:22.165,8 Nov 2020 05:03:16.679,2094.514
8 Nov 2020 06:01:20.577,8 Nov 2020 06:36:14.137,2093.560
8 Nov 2020 07:34:19.010,8 Nov 2020 08:09:11.613,2092.603
8 Nov 2020 09:07:17.465,8 Nov 2020 09:42:09.109,2091.643
8 Nov 2020 10:40:15.942,8 Nov 2020 11:15:06.620,2090.678
8 Nov 2020 12:13:14.444,8 Nov 2020 12:48:04.150,2089.706
8 Nov 2020 13:46:12.963,8 Nov 2020 14:21:01.698,2088.735
8 Nov 2020 15:19:11.505,8 Nov 2020 15:53:59.265,2087.760
8 Nov 2020 16:52:10.068,8 Nov 2020 17:26:56.850,2086.783
8 Nov 2020 18:25:08.649,8 Nov 2020 18:59:54.455,2085.806
8 Nov 2020 19:58:07.255,8 Nov 2020 20:32:52.078,2084.824
8 Nov 2020 21:31:05.881,8 Nov 2020 22:05:49.722,2083.841
8 Nov 2020 23:04:04.529,8 Nov 2020 23:38:47.383,2082.854
9 Nov 2020 00:37:03.198,9 Nov 2020 01:11:45.065,2081.867
9 Nov 2020 02:10:01.888,9 Nov 2020 02:44:42.766,2080.878
9 Nov 2020 03:43:00.599,9 Nov 2020 04:17:40.487,2079.889
9 Nov 2020 05:15:59.330,9 Nov 2020 05:50:38.225,2078.896
9 Nov 2020 06:48:58.082,9 Nov 2020 07:23:35.986,2077.905
9 Nov 2020 08:21:56.854,9 Nov 2020 08:56:33.768,2076.914
9 Nov 2020 09:54:55.647,9 Nov 2020 10:29:31.569,2075.923
9 Nov 2020 11:27:54.460,9 Nov 2020 12:02:29.392,2074.932
9 Nov 2020 13:00:53.293,9 Nov 2020 13:35:27.235,2073.943
9 Nov 2020 14:33:52.145,9 Nov 2020 15:08:25.099,2072.954
9 Nov 2020 16:06:51.018,9 Nov 2020 16:41:22.986,2071.968
9 Nov 2020 17:39:49.910,9 Nov 2020 18:14:20.891,2070.981
9 Nov 2020 19:12:48.822,9 Nov 2020 19:47:18.815,2069.993
9 Nov 2020 20:45:47.753,9 Nov 2020 21:20:16.763,2069.010
9 Nov 2020 22:18:46.703,9 Nov 2020 22:53:14.732,2068.029
9 Nov 2020 23:51:45.672,10 Nov 2020 00:26:12.723,2067.051
10 Nov 2020 01:24:44.659,10 Nov 2020 01:59:10.735,2066.076
10 Nov 2020 02:57:43.665,10 Nov 2020 03:32:08.769,2065.104
10 Nov 2020 04:30:42.689,10 Nov 2020 05:05:06.825,2064.136
10 Nov 2020 06:03:41.732,10 Nov 2020 06:38:04.902,2063.171
10 Nov 2020 07:36:40.792,10 Nov 2020 08:11:03.002,2062.210
10 Nov 2020 09:09:39.869,10 Nov 2020 09:44:01.123,2061.254
10 Nov 2020 10:42:38.964,10 Nov 2020 11:16:59.268,2060.304
10 Nov 2020 12:15:38.077,10 Nov 2020 12:49:57.434,2059.357
10 Nov 2020 13:48:37.206,10 Nov 2020 14:22:54.818,2057.612
10 Nov 2020 15:21:35.497,10 Nov 2020 15:55:53.007,2057.509
10 Nov 2020 16:54:34.638,10 Nov 2020 17:28:51.218,2056.580
10 Nov 2020 18:27:33.797,10 Nov 2020 19:01:49.451,2055.654
10 Nov 2020 20:00:32.970,10 Nov 2020 20:34:47.704,2054.733
10 Nov 2020 21:33:32.154,10 Nov 2020 22:07:45.983,2053.829
10 Nov 2020 23:06:31.357,10 Nov 2020 23:40:44.292,2052.935
11 Nov 2020 00:39:30.589,11 Nov 2020 01:13:42.614,2052.025
11 Nov 2020 02:12:29.821,11 Nov 2020 02:46:40.958,2051.137
11 Nov 2020 03:45:29.067,11 Nov 2020 04:19:39.324,2050.257
11 Nov 2020 05:18:28.327,11 Nov 2020 05:52:37.713,2049.386
11 Nov 2020 06:51:27.600,11 Nov 2020 07:25:36.120,2048.520
11 Nov 2020 08:24:26.886,11 Nov 2020 08:58:34.556,2047.670
11 Nov 2020 09:57:26.184,11 Nov 2020 10:31:33.004,2046.820
11 Nov 2020 11:30:25.489,11 Nov 2020 12:04:31.478,2045.989
11 Nov 2020 13:03:24.813,11 Nov 2020 13:37:29.981,2045.168
11 Nov 2020 14:36:24.148,11 Nov 2020 15:10:28.499,2044.350
11 Nov 2020 16:09:23.497,11 Nov 2020 16:43:27.042,2043.544
11 Nov 2020 17:42:22.855,11 Nov 2020 18:16:25.606,2042.752
11 Nov 2020 19:15:22.223,11 Nov 2020 19:49:24.193,2041.970
11 Nov 2020 20:48:21.601,11 Nov 2020 21:22:22.804,2041.203
11 Nov 2020 22:21:20.988,11 Nov 2020 22:55:21.434,2040.446
11 Nov 2020 23:54:20.385,12 Nov 2020 00:28:20.081,2039.696
12 Nov 2020 01:27:19.791,12 Nov 2020 02:01:18.756,2038.965
12 Nov 2020 03:00:19.205,12 Nov 2020 03:34:17.450,2038.245
12 Nov 2020 04:33:18.628,12 Nov 2020 05:07:16.162,2037.534
12 Nov 2020 06:06:17.998,12 Nov 2020 06:40:14.841,2036.843
12 Nov 2020 07:39:17.432,12 Nov 2020 08:13:13.594,2036.162
12 Nov 2020 09:12:16.872,12 Nov 2020 09:46:12.368,2035.495
12 Nov 2020 10:45:16.319,12 Nov 2020 11:19:11.162,2034.843
12 Nov 2020 12:18:15.772,12 Nov 2020 12:52:09.976,2034.204
12 Nov 2020 13:51:15.010,12 Nov 2020 14:25:08.682,2033.672
12 Nov 2020 15:24:14.468,12 Nov 2020 15:58:07.531,2033.063
12 Nov 2020 16:57:13.930,12 Nov 2020 17:31:06.400,2032.470
12 Nov 2020 18:30:13.396,12 Nov 2020 19:04:05.288,2031.892
12 Nov 2020 20:03:12.865,12 Nov 2020 20:37:04.195,2031.329
12 Nov 2020 21:36:12.338,12 Nov 2020 22:10:03.121,2030.783
12 Nov 2020 23:09:11.815,12 Nov 2020 23:43:02.066,2030.251
13 Nov 2020 00:42:11.288,13 Nov 2020 01:16:01.026,2029.738
13 Nov 2020 02:15:10.766,13 Nov 2020 02:49:00.007,2029.241
13 Nov 2020 03:48:10.245,13 Nov 2020 04:21:59.009,2028.764
13 Nov 2020 05:21:09.724,13 Nov 2020 05:54:58.022,2028.298
13 Nov 2020 06:54:09.203,13 Nov 2020 07:27:57.059,2027.856
13 Nov 2020 08:27:08.682,13 Nov 2020 09:00:56.107,2027.426
13 Nov 2020 10:00:08.159,13 Nov 2020 10:33:55.178,2027.019
13 Nov 2020 11:33:07.635,13 Nov 2020 12:06:54.262,2026.627
13 Nov 2020 13:06:07.109,13 Nov 2020 13:39:53.363,2026.254
13 Nov 2020 14:39:06.583,13 Nov 2020 15:12:52.479,2025.897
13 Nov 2020 16:12:06.051,13 Nov 2020 16:45:51.608,2025.556
13 Nov 2020 17:45:05.516,13 Nov 2020 18:18:50.754,2025.238
13 Nov 2020 19:18:26.448,13 Nov 2020 19:52:10.844,2024.396
13 Nov 2020 20:51:27.364,13 Nov 2020 21:25:11.480,2024.116
13 Nov 2020 22:24:28.282,13 Nov 2020 22:58:12.131,2023.849
13 Nov 2020 23:57:29.201,14 Nov 2020 00:31:12.809,2023.608
14 Nov 2020 01:30:30.121,14 Nov 2020 02:04:13.500,2023.379
14 Nov 2020 03:03:31.042,14 Nov 2020 03:37:14.217,2023.175
14 Nov 2020 04:36:31.962,14 Nov 2020 05:10:14.952,2022.990
14 Nov 2020 06:09:32.882,14 Nov 2020 06:43:15.701,2022.819
14 Nov 2020 07:42:33.801,14 Nov 2020 08:16:16.473,2022.672
14 Nov 2020 09:15:34.718,14 Nov 2020 09:49:17.263,2022.545
14 Nov 2020 10:48:35.633,14 Nov 2020 11:22:18.070,2022.437
14 Nov 2020 12:21:36.543,14 Nov 2020 12:55:18.898,2022.354
14 Nov 2020 13:54:37.453,14 Nov 2020 14:28:19.740,2022.287
14 Nov 2020 15:27:37.578,14 Nov 2020 16:01:19.842,2022.265
14 Nov 2020 17:00:38.372,14 Nov 2020 17:34:20.611,2022.239
14 Nov 2020 18:33:39.159,14 Nov 2020 19:07:21.388,2022.230
14 Nov 2020 20:06:39.930,14 Nov 2020 20:40:22.179,2022.249
14 Nov 2020 21:39:40.696,14 Nov 2020 22:13:22.699,2022.004
14 Nov 2020 23:12:41.099,14 Nov 2020 23:46:23.465,2022.366
15 Nov 2020 00:45:41.793,15 Nov 2020 01:19:24.410,2022.617
15 Nov 2020 02:18:42.713,15 Nov 2020 02:52:25.245,2022.532
15 Nov 2020 03:51:43.446,15 Nov 2020 04:25:26.091,2022.646
15 Nov 2020 05:24:44.169,15 Nov 2020 05:58:26.946,2022.776
15 Nov 2020 06:57:44.884,15 Nov 2020 07:31:27.813,2022.930
15 Nov 2020 08:30:45.589,15 Nov 2020 09:04:28.694,2023.106
15 Nov 2020 10:03:46.285,15 Nov 2020 10:37:29.582,2023.297
15 Nov 2020 11:36:46.969,15 Nov 2020 12:10:30.474,2023.505
15 Nov 2020 13:09:47.642,15 Nov 2020 13:43:31.010,2023.368
15 Nov 2020 14:42:47.867,15 Nov 2020 15:16:31.857,2023.990
15 Nov 2020 16:15:48.441,15 Nov 2020 16:49:32.703,2024.262
15 Nov 2020 17:48:48.998,15 Nov 2020 18:22:33.548,2024.550
15 Nov 2020 19:21:49.537,15 Nov 2020 19:55:34.397,2024.860
15 Nov 2020 20:54:50.059,15 Nov 2020 21:28:35.241,2025.182
15 Nov 2020 22:27:50.553,15 Nov 2020 23:01:36.092,2025.539
16 Nov 2020 00:00:51.038,16 Nov 2020 00:34:36.946,2025.908
16 Nov 2020 01:33:51.505,16 Nov 2020 02:07:37.798,2026.293
16 Nov 2020 03:06:51.952,16 Nov 2020 03:40:38.646,2026.694
16 Nov 2020 04:39:52.380,16 Nov 2020 05:13:39.495,2027.115
16 Nov 2020 06:12:52.788,16 Nov 2020 06:46:40.342,2027.554
16 Nov 2020 07:45:53.176,16 Nov 2020 08:19:41.187,2028.010
16 Nov 2020 09:18:53.544,16 Nov 2020 09:52:42.029,2028.485
16 Nov 2020 10:51:53.889,16 Nov 2020 11:25:42.811,2028.922
16 Nov 2020 12:24:54.157,16 Nov 2020 12:58:43.643,2029.486
16 Nov 2020 13:57:54.459,16 Nov 2020 14:31:44.471,2030.012
16 Nov 2020 15:30:54.740,16 Nov 2020 16:04:45.294,2030.554
16 Nov 2020 17:03:55.003,16 Nov 2020 17:37:46.112,2031.110
16 Nov 2020 18:36:55.244,16 Nov 2020 19:10:46.928,2031.683
16 Nov 2020 20:09:55.458,16 Nov 2020 20:43:47.734,2032.276
16 Nov 2020 21:42:55.652,16 Nov 2020 22:16:48.533,2032.882
16 Nov 2020 23:15:55.823,16 Nov 2020 23:49:49.322,2033.500
17 Nov 2020 00:48:55.971,17 Nov 2020 01:22:50.110,2034.139
17 Nov 2020 02:21:56.096,17 Nov 2020 02:55:50.886,2034.790
17 Nov 2020 03:54:56.198,17 Nov 2020 04:28:51.632,2035.434
17 Nov 2020 05:27:56.247,17 Nov 2020 06:01:52.389,2036.143
17 Nov 2020 07:00:56.301,17 Nov 2020 07:34:53.115,2036.815
17 Nov 2020 08:33:56.308,17 Nov 2020 09:07:53.846,2037.538
17 Nov 2020 10:06:56.306,17 Nov 2020 10:40:54.568,2038.262
17 Nov 2020 11:39:56.287,17 Nov 2020 12:13:55.286,2038.999
17 Nov 2020 13:12:56.243,17 Nov 2020 13:46:55.989,2039.746
17 Nov 2020 14:45:56.177,17 Nov 2020 15:19:56.677,2040.500
17 Nov 2020 16:18:56.085,17 Nov 2020 16:52:57.356,2041.271
17 Nov 2020 17:51:55.968,17 Nov 2020 18:25:58.026,2042.058
17 Nov 2020 19:24:55.826,17 Nov 2020 19:58:58.676,2042.850
17 Nov 2020 20:57:55.659,17 Nov 2020 21:31:59.319,2043.660
17 Nov 2020 22:30:55.468,17 Nov 2020 23:04:59.616,2044.148
18 Nov 2020 00:03:54.883,18 Nov 2020 00:38:00.229,2045.347
18 Nov 2020 01:36:54.646,18 Nov 2020 02:11:00.900,2046.254
18 Nov 2020 03:09:54.483,18 Nov 2020 03:44:01.480,2046.997
18 Nov 2020 04:42:54.191,18 Nov 2020 05:17:02.086,2047.894
18 Nov 2020 06:15:53.900,18 Nov 2020 06:50:02.621,2048.721
18 Nov 2020 07:48:53.557,18 Nov 2020 08:23:03.155,2049.597
18 Nov 2020 09:21:53.176,18 Nov 2020 09:56:03.665,2050.489
18 Nov 2020 10:54:52.775,18 Nov 2020 11:29:04.155,2051.380
18 Nov 2020 12:27:52.343,18 Nov 2020 13:02:04.625,2052.282
18 Nov 2020 14:00:51.885,18 Nov 2020 14:35:05.077,2053.192
18 Nov 2020 15:33:51.401,18 Nov 2020 16:08:05.511,2054.110
18 Nov 2020 17:06:50.892,18 Nov 2020 17:41:05.926,2055.034
18 Nov 2020 18:39:50.359,18 Nov 2020 19:14:06.408,2056.048
18 Nov 2020 20:12:49.889,18 Nov 2020 20:47:06.818,2056.929
18 Nov 2020 21:45:49.335,18 Nov 2020 22:20:07.182,2057.846
18 Nov 2020 23:18:48.731,18 Nov 2020 23:53:07.527,2058.796
19 Nov 2020 00:51:48.101,19 Nov 2020 01:26:07.855,2059.754
19 Nov 2020 02:24:47.446,19 Nov 2020 02:59:08.489,2061.043
19 Nov 2020 03:57:47.114,19 Nov 2020 04:32:08.764,2061.650
19 Nov 2020 05:30:46.400,19 Nov 2020 06:05:09.046,2062.647
19 Nov 2020 07:03:45.684,19 Nov 2020 07:38:10.273,2064.590
19 Nov 2020 08:36:46.048,19 Nov 2020 09:11:10.629,2064.581
19 Nov 2020 10:09:45.402,19 Nov 2020 10:44:10.970,2065.568
19 Nov 2020 11:42:44.731,19 Nov 2020 12:17:11.285,2066.554
19 Nov 2020 13:15:44.035,19 Nov 2020 13:50:11.576,2067.541
19 Nov 2020 14:48:43.313,19 Nov 2020 15:23:11.847,2068.534
19 Nov 2020 16:21:42.566,19 Nov 2020 16:56:12.095,2069.529
19 Nov 2020 17:54:41.795,19 Nov 2020 18:29:12.324,2070.529
19 Nov 2020 19:27:40.998,19 Nov 2020 20:02:12.524,2071.526
19 Nov 2020 21:00:40.177,19 Nov 2020 21:35:12.525,2072.348
19 Nov 2020 22:33:39.099,19 Nov 2020 23:08:12.737,2073.639
20 Nov 2020 00:06:38.281,20 Nov 2020 00:41:12.857,2074.576
20 Nov 2020 01:39:37.429,20 Nov 2020 02:14:12.952,2075.523
20 Nov 2020 03:12:36.501,20 Nov 2020 03:47:13.028,2076.527
20 Nov 2020 04:45:35.688,20 Nov 2020 05:20:13.247,2077.559
20 Nov 2020 06:18:34.740,20 Nov 2020 06:53:13.303,2078.563
20 Nov 2020 07:51:33.770,20 Nov 2020 08:26:13.337,2079.567
20 Nov 2020 09:24:32.777,20 Nov 2020 09:59:13.226,2080.449
20 Nov 2020 10:57:31.675,20 Nov 2020 11:32:13.205,2081.530
20 Nov 2020 12:30:30.631,20 Nov 2020 13:05:13.162,2082.531
20 Nov 2020 14:03:29.567,20 Nov 2020 14:38:13.100,2083.533
20 Nov 2020 15:36:28.482,20 Nov 2020 16:11:13.014,2084.531
20 Nov 2020 17:09:27.462,20 Nov 2020 17:44:12.988,2085.526
20 Nov 2020 18:42:26.345,20 Nov 2020 19:17:12.865,2086.521
20 Nov 2020 20:15:25.211,20 Nov 2020 20:50:12.720,2087.510
20 Nov 2020 21:48:24.054,20 Nov 2020 22:23:12.514,2088.460
20 Nov 2020 23:21:22.835,20 Nov 2020 23:56:12.324,2089.489
21 Nov 2020 00:54:21.640,21 Nov 2020 01:29:12.124,2090.484
21 Nov 2020 02:27:20.437,21 Nov 2020 03:02:11.890,2091.454
21 Nov 2020 04:00:19.204,21 Nov 2020 04:35:11.633,2092.428
21 Nov 2020 05:33:17.954,21 Nov 2020 06:08:11.358,2093.404
21 Nov 2020 07:06:16.684,21 Nov 2020 07:41:10.596,2093.912
21 Nov 2020 08:39:14.891,21 Nov 2020 09:14:10.190,2095.299
21 Nov 2020 10:12:13.492,21 Nov 2020 10:47:09.808,2096.316
21 Nov 2020 11:45:12.129,21 Nov 2020 12:20:09.399,2097.270
21 Nov 2020 13:18:10.747,21 Nov 2020 13:53:08.968,2098.221
21 Nov 2020 14:51:08.897,21 Nov 2020 15:26:08.086,2099.189
21 Nov 2020 16:24:07.487,21 Nov 2020 16:59:07.617,2100.130
21 Nov 2020 17:57:06.003,21 Nov 2020 18:32:07.069,2101.066
21 Nov 2020 19:30:04.500,21 Nov 2020 20:05:06.496,2101.996
21 Nov 2020 21:03:02.976,21 Nov 2020 21:38:05.897,2102.921
21 Nov 2020 22:36:01.432,21 Nov 2020 23:11:05.312,2103.881
22 Nov 2020 00:08:59.918,22 Nov 2020 00:44:04.665,2104.748
22 Nov 2020 01:41:58.338,22 Nov 2020 02:17:03.989,2105.651
22 Nov 2020 03:14:56.740,22 Nov 2020 03:50:03.323,2106.583
22 Nov 2020 04:47:55.160,22 Nov 2020 05:23:02.600,2107.440
22 Nov 2020 06:20:53.530,22 Nov 2020 06:56:01.854,2108.323
22 Nov 2020 07:53:51.877,22 Nov 2020 08:29:01.068,2109.190
22 Nov 2020 09:26:50.192,22 Nov 2020 10:02:00.267,2110.075
22 Nov 2020 10:59:48.501,22 Nov 2020 11:34:59.440,2110.939
22 Nov 2020 12:32:46.792,22 Nov 2020 13:07:58.588,2111.796
22 Nov 2020 14:05:45.066,22 Nov 2020 14:40:57.732,2112.667
22 Nov 2020 15:38:43.356,22 Nov 2020 16:13:56.834,2113.478
22 Nov 2020 17:11:41.594,22 Nov 2020 17:46:55.905,2114.311
22 Nov 2020 18:44:39.815,22 Nov 2020 19:19:54.950,2115.135
22 Nov 2020 20:17:38.018,22 Nov 2020 20:52:53.970,2115.951
22 Nov 2020 21:50:36.181,22 Nov 2020 22:25:52.935,2116.754
22 Nov 2020 23:23:34.350,22 Nov 2020 23:58:51.903,2117.553
23 Nov 2020 00:56:32.523,23 Nov 2020 01:31:50.871,2118.348
23 Nov 2020 02:29:30.662,23 Nov 2020 03:04:49.789,2119.127
23 Nov 2020 04:02:28.782,23 Nov 2020 04:37:48.682,2119.900
23 Nov 2020 05:35:26.886,23 Nov 2020 06:10:47.506,2120.621
23 Nov 2020 07:08:24.932,23 Nov 2020 07:43:46.348,2121.416
23 Nov 2020 08:41:23.002,23 Nov 2020 09:16:45.142,2122.140
23 Nov 2020 10:14:21.035,23 Nov 2020 10:49:43.933,2122.898
23 Nov 2020 11:47:19.076,23 Nov 2020 12:22:42.558,2123.482
23 Nov 2020 13:20:16.930,23 Nov 2020 13:55:41.272,2124.342
23 Nov 2020 14:53:14.911,23 Nov 2020 15:28:39.959,2125.048
23 Nov 2020 16:26:12.877,23 Nov 2020 17:01:38.620,2125.743
23 Nov 2020 17:59:10.826,23 Nov 2020 18:34:37.254,2126.428
23 Nov 2020 19:32:08.759,23 Nov 2020 20:07:35.901,2127.142
23 Nov 2020 21:05:06.704,23 Nov 2020 21:40:34.563,2127.859
23 Nov 2020 22:38:04.716,23 Nov 2020 23:13:33.139,2128.423
24 Nov 2020 00:11:02.624,24 Nov 2020 00:46:31.690,2129.066
24 Nov 2020 01:44:00.518,24 Nov 2020 02:19:30.252,2129.734
24 Nov 2020 03:16:58.440,24 Nov 2020 03:52:28.755,2130.315
24 Nov 2020 04:49:56.310,24 Nov 2020 05:25:27.238,2130.929
24 Nov 2020 06:22:54.165,24 Nov 2020 06:58:25.651,2131.486
24 Nov 2020 07:55:51.959,24 Nov 2020 08:31:24.062,2132.102
24 Nov 2020 09:28:49.784,24 Nov 2020 10:04:22.469,2132.685
24 Nov 2020 11:01:47.597,24 Nov 2020 11:37:20.842,2133.245
24 Nov 2020 12:34:45.397,24 Nov 2020 13:10:19.195,2133.799
24 Nov 2020 14:07:43.184,24 Nov 2020 14:43:17.524,2134.340
24 Nov 2020 15:40:40.959,24 Nov 2020 16:16:15.829,2134.871
24 Nov 2020 17:13:38.733,24 Nov 2020 17:49:14.124,2135.391
24 Nov 2020 18:46:36.490,24 Nov 2020 19:22:12.364,2135.875
24 Nov 2020 20:19:34.187,24 Nov 2020 20:55:10.596,2136.409
24 Nov 2020 21:52:31.908,24 Nov 2020 22:28:08.804,2136.896
24 Nov 2020 23:25:29.621,25 Nov 2020 00:01:06.988,2137.367
25 Nov 2020 00:58:27.324,25 Nov 2020 01:34:05.149,2137.824
25 Nov 2020 02:31:25.021,25 Nov 2020 03:07:03.286,2138.265
25 Nov 2020 04:04:22.697,25 Nov 2020 04:40:01.399,2138.703
25 Nov 2020 05:37:20.367,25 Nov 2020 06:12:59.497,2139.130
25 Nov 2020 07:10:18.044,25 Nov 2020 07:45:57.564,2139.520
25 Nov 2020 08:43:15.692,25 Nov 2020 09:18:55.608,2139.915
25 Nov 2020 10:16:13.331,25 Nov 2020 10:51:53.629,2140.298
25 Nov 2020 11:49:10.956,25 Nov 2020 12:24:51.627,2140.670
25 Nov 2020 13:22:08.575,25 Nov 2020 13:57:49.602,2141.027
25 Nov 2020 14:55:06.185,25 Nov 2020 15:30:47.555,2141.369
25 Nov 2020 16:28:03.787,25 Nov 2020 17:03:45.483,2141.696
25 Nov 2020 18:01:01.378,25 Nov 2020 18:36:43.390,2142.013
25 Nov 2020 19:33:58.959,25 Nov 2020 20:09:41.275,2142.316
25 Nov 2020 21:06:56.532,25 Nov 2020 21:42:39.161,2142.630
25 Nov 2020 22:39:54.143,25 Nov 2020 23:15:37.004,2142.861
26 Nov 2020 00:12:51.701,26 Nov 2020 00:48:34.887,2143.187
26 Nov 2020 01:45:49.330,26 Nov 2020 02:21:32.690,2143.360
26 Nov 2020 03:18:46.879,26 Nov 2020 03:54:30.471,2143.592
26 Nov 2020 04:51:44.413,26 Nov 2020 05:27:28.235,2143.822
26 Nov 2020 06:24:41.940,26 Nov 2020 07:00:25.971,2144.031
26 Nov 2020 07:57:39.467,26 Nov 2020 08:33:23.691,2144.224
26 Nov 2020 09:30:36.977,26 Nov 2020 10:06:21.382,2144.405
26 Nov 2020 11:03:34.489,26 Nov 2020 11:39:19.051,2144.563
26 Nov 2020 12:36:31.985,26 Nov 2020 13:12:16.705,2144.720
26 Nov 2020 14:09:29.478,26 Nov 2020 14:45:14.336,2144.857
26 Nov 2020 15:42:26.997,26 Nov 2020 16:18:11.967,2144.970
26 Nov 2020 17:15:24.472,26 Nov 2020 17:51:09.554,2145.082
26 Nov 2020 18:48:21.949,26 Nov 2020 19:24:07.127,2145.178
26 Nov 2020 20:21:19.420,26 Nov 2020 20:57:04.672,2145.252
26 Nov 2020 21:54:16.881,26 Nov 2020 22:30:02.197,2145.316
26 Nov 2020 23:27:14.341,27 Nov 2020 00:02:59.704,2145.363
27 Nov 2020 01:00:11.801,27 Nov 2020 01:35:57.211,2145.410
27 Nov 2020 02:33:09.266,27 Nov 2020 03:08:54.679,2145.413
27 Nov 2020 04:06:06.712,27 Nov 2020 04:41:52.133,2145.420
27 Nov 2020 05:39:04.154,27 Nov 2020 06:14:49.505,2145.351
27 Nov 2020 07:12:01.550,27 Nov 2020 07:47:46.899,2145.349
27 Nov 2020 08:44:58.965,27 Nov 2020 09:20:44.285,2145.320
27 Nov 2020 10:17:56.395,27 Nov 2020 10:53:41.650,2145.255
27 Nov 2020 11:50:53.817,27 Nov 2020 12:26:39.001,2145.185
27 Nov 2020 13:23:51.234,27 Nov 2020 13:59:36.327,2145.094
27 Nov 2020 14:56:48.637,27 Nov 2020 15:32:33.622,2144.986
27 Nov 2020 16:29:46.021,27 Nov 2020 17:05:30.886,2144.865
27 Nov 2020 18:02:43.426,27 Nov 2020 18:38:28.147,2144.721
27 Nov 2020 19:35:40.824,27 Nov 2020 20:11:25.394,2144.570
27 Nov 2020 21:08:38.226,27 Nov 2020 21:44:22.539,2144.313
27 Nov 2020 22:41:35.535,27 Nov 2020 23:17:19.749,2144.214
28 Nov 2020 00:14:32.925,28 Nov 2020 00:50:16.930,2144.004
28 Nov 2020 01:47:30.311,28 Nov 2020 02:23:14.042,2143.731
28 Nov 2020 03:20:27.635,28 Nov 2020 03:56:11.187,2143.552
28 Nov 2020 04:53:25.015,28 Nov 2020 05:29:08.313,2143.297
28 Nov 2020 06:26:22.397,28 Nov 2020 07:02:05.279,2142.882
28 Nov 2020 07:59:19.622,28 Nov 2020 08:35:02.361,2142.739
28 Nov 2020 09:32:16.990,28 Nov 2020 10:07:59.423,2142.433
28 Nov 2020 11:05:14.357,28 Nov 2020 11:40:56.467,2142.110
28 Nov 2020 12:38:11.722,28 Nov 2020 13:13:53.492,2141.770
28 Nov 2020 14:11:09.031,28 Nov 2020 14:46:50.433,2141.402
28 Nov 2020 15:44:06.386,28 Nov 2020 16:19:47.418,2141.032
28 Nov 2020 17:17:03.746,28 Nov 2020 17:52:44.385,2140.639
28 Nov 2020 18:50:01.105,28 Nov 2020 19:25:41.275,2140.169
28 Nov 2020 20:22:58.400,28 Nov 2020 20:58:38.203,2139.803
28 Nov 2020 21:55:55.725,28 Nov 2020 22:31:35.086,2139.360
28 Nov 2020 23:28:53.074,29 Nov 2020 00:04:31.976,2138.902
29 Nov 2020 01:01:50.431,29 Nov 2020 01:37:28.843,2138.412
29 Nov 2020 02:34:47.736,29 Nov 2020 03:10:25.670,2137.933
29 Nov 2020 04:07:45.087,29 Nov 2020 04:43:22.495,2137.408
29 Nov 2020 05:40:42.439,29 Nov 2020 06:16:19.237,2136.798
29 Nov 2020 07:13:39.714,29 Nov 2020 07:49:16.026,2136.312
29 Nov 2020 08:46:37.062,29 Nov 2020 09:22:12.802,2135.740
29 Nov 2020 10:19:34.407,29 Nov 2020 10:55:09.549,2135.143
29 Nov 2020 11:52:31.763,29 Nov 2020 12:28:06.284,2134.521
29 Nov 2020 13:25:29.097,29 Nov 2020 14:01:02.990,2133.892
29 Nov 2020 14:58:26.429,29 Nov 2020 15:33:59.649,2133.220
29 Nov 2020 16:31:23.782,29 Nov 2020 17:06:56.327,2132.545
29 Nov 2020 18:04:21.142,29 Nov 2020 18:39:52.987,2131.845
29 Nov 2020 19:37:18.474,29 Nov 2020 20:12:49.611,2131.137
29 Nov 2020 21:10:15.833,29 Nov 2020 21:45:46.234,2130.401
29 Nov 2020 22:43:13.196,29 Nov 2020 23:18:42.841,2129.645
30 Nov 2020 00:16:10.562,30 Nov 2020 00:51:39.430,2128.868
30 Nov 2020 01:49:07.936,30 Nov 2020 02:24:36.000,2128.064
30 Nov 2020 03:22:05.302,30 Nov 2020 03:57:32.554,2127.252
30 Nov 2020 04:55:02.679,30 Nov 2020 05:30:29.146,2126.467
30 Nov 2020 06:28:00.113,30 Nov 2020 07:03:25.667,2125.554
30 Nov 2020 08:00:57.497,30 Nov 2020 08:36:22.171,2124.674
30 Nov 2020 09:33:54.888,30 Nov 2020 10:09:18.658,2123.769
30 Nov 2020 11:06:52.282,30 Nov 2020 11:42:15.127,2122.845
30 Nov 2020 12:39:49.688,30 Nov 2020 13:15:11.581,2121.893
30 Nov 2020 14:12:47.090,30 Nov 2020 14:48:08.015,2120.925
30 Nov 2020 15:45:44.504,30 Nov 2020 16:21:04.435,2119.931
30 Nov 2020 17:18:41.922,30 Nov 2020 17:54:00.839,2118.917
30 Nov 2020 18:51:39.347,30 Nov 2020 19:26:57.224,2117.877
30 Nov 2020 20:24:36.778,30 Nov 2020 20:59:53.593,2116.814
30 Nov 2020 21:57:34.346,30 Nov 2020 22:32:50.072,2115.726
30 Nov 2020 23:30:31.797,1 Dec 2020 00:05:46.413,2114.616
1 Dec 2020 01:03:29.256,1 Dec 2020 01:38:42.757,2113.501
1 Dec 2020 02:36:26.741,1 Dec 2020 03:11:39.066,2112.325
1 Dec 2020 04:09:24.216,1 Dec 2020 04:44:35.359,2111.142
1 Dec 2020 05:42:21.700,1 Dec 2020 06:17:31.646,2109.946
1 Dec 2020 07:15:19.199,1 Dec 2020 07:50:27.907,2108.708
1 Dec 2020 08:48:16.701,1 Dec 2020 09:23:24.153,2107.451
1 Dec 2020 10:21:14.213,1 Dec 2020 10:56:20.379,2106.166
1 Dec 2020 11:54:11.734,1 Dec 2020 12:29:16.595,2104.861
1 Dec 2020 13:27:09.313,1 Dec 2020 14:02:12.842,2103.529
1 Dec 2020 15:00:06.857,1 Dec 2020 15:35:09.025,2102.169
1 Dec 2020 16:33:04.377,1 Dec 2020 17:08:05.159,2100.781
1 Dec 2020 18:06:01.940,1 Dec 2020 18:41:01.308,2099.368
1 Dec 2020 19:38:59.514,1 Dec 2020 20:13:57.442,2097.927
1 Dec 2020 21:11:57.100,1 Dec 2020 21:46:53.597,2096.497
1 Dec 2020 22:44:54.741,1 Dec 2020 23:19:49.701,2094.960
2 Dec 2020 00:17:52.352,2 Dec 2020 00:52:45.789,2093.436
2 Dec 2020 01:50:49.976,2 Dec 2020 02:25:41.861,2091.884
2 Dec 2020 03:23:47.613,2 Dec 2020 03:58:37.917,2090.304
2 Dec 2020 04:56:45.263,2 Dec 2020 05:31:33.930,2088.667
2 Dec 2020 06:29:42.892,2 Dec 2020 07:04:29.953,2087.061
2 Dec 2020 08:02:40.568,2 Dec 2020 08:37:25.961,2085.393
2 Dec 2020 09:35:38.258,2 Dec 2020 10:10:21.953,2083.694
2 Dec 2020 11:08:35.963,2 Dec 2020 11:43:17.929,2081.965
2 Dec 2020 12:41:33.683,2 Dec 2020 13:16:13.891,2080.208
2 Dec 2020 14:14:31.419,2 Dec 2020 14:49:09.836,2078.417
2 Dec 2020 15:47:29.147,2 Dec 2020 16:22:05.743,2076.596
2 Dec 2020 17:20:26.912,2 Dec 2020 17:55:01.654,2074.742
2 Dec 2020 18:53:24.694,2 Dec 2020 19:27:57.549,2072.855
2 Dec 2020 20:26:22.492,2 Dec 2020 21:00:53.428,2070.936
2 Dec 2020 21:59:20.432,2 Dec 2020 22:33:49.417,2068.985
2 Dec 2020 23:32:18.270,3 Dec 2020 00:06:45.272,2067.002
3 Dec 2020 01:05:16.129,3 Dec 2020 01:39:41.110,2064.982
3 Dec 2020 02:38:14.006,3 Dec 2020 03:12:36.932,2062.926
3 Dec 2020 04:11:11.902,3 Dec 2020 04:45:32.740,2060.838
3 Dec 2020 05:44:09.818,3 Dec 2020 06:18:28.528,2058.710
3 Dec 2020 07:17:07.754,3 Dec 2020 07:51:24.306,2056.552
3 Dec 2020 08:50:05.711,3 Dec 2020 09:24:20.063,2054.352
3 Dec 2020 10:23:03.689,3 Dec 2020 10:57:15.809,2052.121
3 Dec 2020 11:56:01.688,3 Dec 2020 12:30:11.534,2049.847
3 Dec 2020 13:28:59.711,3 Dec 2020 14:03:07.248,2047.537
3 Dec 2020 15:01:57.755,3 Dec 2020 15:36:02.945,2045.189
3 Dec 2020 16:34:55.821,3 Dec 2020 17:08:58.624,2042.803
3 Dec 2020 18:07:53.911,3 Dec 2020 18:41:54.288,2040.377
3 Dec 2020 19:40:52.025,3 Dec 2020 20:14:49.939,2037.914
3 Dec 2020 21:13:50.164,3 Dec 2020 21:47:45.568,2035.404
3 Dec 2020 22:46:48.330,3 Dec 2020 23:20:41.187,2032.856
4 Dec 2020 00:19:46.520,4 Dec 2020 00:53:36.786,2030.266
4 Dec 2020 01:52:44.736,4 Dec 2020 02:26:32.369,2027.633
4 Dec 2020 03:25:42.978,4 Dec 2020 03:59:27.933,2024.955
4 Dec 2020 04:58:41.248,4 Dec 2020 05:32:23.483,2022.235
4 Dec 2020 06:31:39.546,4 Dec 2020 07:05:19.017,2019.471
4 Dec 2020 08:04:37.873,4 Dec 2020 08:38:14.537,2016.664
4 Dec 2020 09:37:36.229,4 Dec 2020 10:11:10.039,2013.810
4 Dec 2020 11:10:34.615,4 Dec 2020 11:44:05.523,2010.908
4 Dec 2020 12:43:33.031,4 Dec 2020 13:17:00.987,2007.956
4 Dec 2020 14:16:31.479,4 Dec 2020 14:49:56.438,2004.959
4 Dec 2020 15:49:29.958,4 Dec 2020 16:22:51.871,2001.913
4 Dec 2020 17:22:28.471,4 Dec 2020 17:55:47.288,1998.817
4 Dec 2020 18:55:27.016,4 Dec 2020 19:28:42.687,1995.671
4 Dec 2020 20:28:25.593,4 Dec 2020 21:01:38.069,1992.476
4 Dec 2020 22:01:25.002,4 Dec 2020 22:34:34.242,1989.240
4 Dec 2020 23:34:23.683,5 Dec 2020 00:07:29.621,1985.938
5 Dec 2020 01:07:22.402,5 Dec 2020 01:40:24.983,1982.581
5 Dec 2020 02:40:21.158,5 Dec 2020 03:13:20.395,1979.237
5 Dec 2020 04:13:20.013,5 Dec 2020 04:46:15.740,1975.727
5 Dec 2020 05:46:18.864,5 Dec 2020 06:19:11.057,1972.193
5 Dec 2020 07:19:17.741,5 Dec 2020 07:52:06.354,1968.613
5 Dec 2020 08:52:16.663,5 Dec 2020 09:25:01.693,1965.030
5 Dec 2020 10:25:15.692,5 Dec 2020 10:57:56.959,1961.267
5 Dec 2020 11:58:14.703,5 Dec 2020 12:30:52.208,1957.506
5 Dec 2020 13:31:13.835,5 Dec 2020 14:03:47.551,1953.716
5 Dec 2020 15:04:12.941,5 Dec 2020 15:36:42.769,1949.828
5 Dec 2020 16:37:12.047,5 Dec 2020 17:09:37.926,1945.880
5 Dec 2020 18:10:11.240,5 Dec 2020 18:42:33.103,1941.864
5 Dec 2020 19:43:10.481,5 Dec 2020 20:15:28.264,1937.783
5 Dec 2020 21:16:09.771,5 Dec 2020 21:48:23.403,1933.632
5 Dec 2020 22:49:09.138,5 Dec 2020 23:21:18.532,1929.394
6 Dec 2020 00:22:08.531,6 Dec 2020 00:54:13.634,1925.103
6 Dec 2020 01:55:07.976,6 Dec 2020 02:27:08.717,1920.741
6 Dec 2020 03:28:07.474,6 Dec 2020 04:00:03.694,1916.220
6 Dec 2020 05:01:06.927,6 Dec 2020 05:32:58.736,1911.809
6 Dec 2020 06:34:06.531,6 Dec 2020 07:05:53.753,1907.222
6 Dec 2020 08:07:06.193,6 Dec 2020 08:38:48.751,1902.558
6 Dec 2020 09:40:05.990,6 Dec 2020 10:11:43.814,1897.824
6 Dec 2020 11:13:05.775,6 Dec 2020 11:44:38.773,1892.998
6 Dec 2020 12:46:05.619,6 Dec 2020 13:17:33.707,1888.088
6 Dec 2020 14:19:05.493,6 Dec 2020 14:50:28.598,1883.105
6 Dec 2020 15:52:05.464,6 Dec 2020 16:23:23.491,1878.027
6 Dec 2020 17:25:05.497,6 Dec 2020 17:56:18.358,1872.860
6 Dec 2020 18:58:05.602,6 Dec 2020 19:29:13.205,1867.603
6 Dec 2020 20:31:05.772,6 Dec 2020 21:02:08.029,1862.257
6 Dec 2020 22:04:06.012,6 Dec 2020 22:35:02.874,1856.862
6 Dec 2020 23:37:06.365,7 Dec 2020 00:07:57.657,1851.292
7 Dec 2020 01:10:06.753,7 Dec 2020 01:40:52.415,1845.663
7 Dec 2020 02:43:07.212,7 Dec 2020 03:13:47.143,1839.931
7 Dec 2020 04:16:07.754,7 Dec 2020 04:46:41.832,1834.078
7 Dec 2020 05:49:08.352,7 Dec 2020 06:19:36.507,1828.155
7 Dec 2020 07:22:09.049,7 Dec 2020 07:52:31.158,1822.108
7 Dec 2020 08:55:09.828,7 Dec 2020 09:25:25.785,1815.956
7 Dec 2020 10:28:10.695,7 Dec 2020 10:58:20.379,1809.683
7 Dec 2020 12:01:11.646,7 Dec 2020 12:31:14.947,1803.301
7 Dec 2020 13:34:12.671,7 Dec 2020 14:04:09.488,1796.817
7 Dec 2020 15:07:13.803,7 Dec 2020 15:37:03.999,1790.196
7 Dec 2020 16:40:15.090,7 Dec 2020 17:09:58.551,1783.462
7 Dec 2020 18:13:16.411,7 Dec 2020 18:42:53.007,1776.596
7 Dec 2020 19:46:17.832,7 Dec 2020 20:15:47.432,1769.600
7 Dec 2020 21:19:19.347,7 Dec 2020 21:48:41.824,1762.477
7 Dec 2020 22:52:21.039,7 Dec 2020 23:21:36.247,1755.209
8 Dec 2020 00:25:22.774,8 Dec 2020 00:54:30.578,1747.803
8 Dec 2020 01:58:24.610,8 Dec 2020 02:27:24.898,1740.288
8 Dec 2020 03:31:26.584,8 Dec 2020 04:00:19.161,1732.577
8 Dec 2020 05:04:28.654,8 Dec 2020 05:33:13.437,1724.783
8 Dec 2020 06:37:30.892,8 Dec 2020 07:06:07.629,1716.737
8 Dec 2020 08:10:33.197,8 Dec 2020 08:39:01.785,1708.588
8 Dec 2020 09:43:35.628,8 Dec 2020 10:11:55.900,1700.272
8 Dec 2020 11:16:38.180,8 Dec 2020 11:44:49.975,1691.795
8 Dec 2020 12:49:40.873,8 Dec 2020 13:17:44.013,1683.140
8 Dec 2020 14:22:43.686,8 Dec 2020 14:50:38.004,1674.318
8 Dec 2020 15:55:46.643,8 Dec 2020 16:23:31.948,1665.305
8 Dec 2020 17:28:49.777,8 Dec 2020 17:56:25.902,1656.125
8 Dec 2020 19:01:53.022,8 Dec 2020 19:29:19.759,1646.738
8 Dec 2020 20:34:56.412,8 Dec 2020 21:02:13.565,1637.153
8 Dec 2020 22:07:59.954,8 Dec 2020 22:35:07.324,1627.370
8 Dec 2020 23:41:03.657,9 Dec 2020 00:08:01.031,1617.374
9 Dec 2020 01:14:07.522,9 Dec 2020 01:40:54.685,1607.163
9 Dec 2020 02:47:11.552,9 Dec 2020 03:13:48.284,1596.732
9 Dec 2020 04:20:15.755,9 Dec 2020 04:46:41.825,1586.070
9 Dec 2020 05:53:20.129,9 Dec 2020 06:19:35.307,1575.178
9 Dec 2020 07:26:24.690,9 Dec 2020 07:52:28.726,1564.036
9 Dec 2020 08:59:29.439,9 Dec 2020 09:25:22.082,1552.643
9 Dec 2020 10:32:34.382,9 Dec 2020 10:58:15.371,1540.989
9 Dec 2020 12:05:39.524,9 Dec 2020 12:31:08.590,1529.066
9 Dec 2020 13:38:44.911,9 Dec 2020 14:04:01.782,1516.871
9 Dec 2020 15:11:50.476,9 Dec 2020 15:36:54.856,1504.380
9 Dec 2020 16:44:56.261,9 Dec 2020 17:09:47.851,1491.590
9 Dec 2020 18:18:02.294,9 Dec 2020 18:42:40.781,1478.487
9 Dec 2020 19:51:08.538,9 Dec 2020 20:15:33.609,1465.070
9 Dec 2020 21:24:15.034,9 Dec 2020 21:48:26.346,1451.312
9 Dec 2020 22:57:21.796,9 Dec 2020 23:21:19.015,1437.219
10 Dec 2020 00:30:28.800,10 Dec 2020 00:54:11.559,1422.759
10 Dec 2020 02:03:36.051,10 Dec 2020 02:27:03.938,1407.887
10 Dec 2020 03:36:43.607,10 Dec 2020 03:59:56.267,1392.661
10 Dec 2020 05:09:51.456,10 Dec 2020 05:32:48.481,1377.025
10 Dec 2020 06:42:59.603,10 Dec 2020 07:05:40.573,1360.970
10 Dec 2020 08:16:08.031,10 Dec 2020 08:38:32.546,1344.515
10 Dec 2020 09:49:16.818,10 Dec 2020 10:11:24.374,1327.556
10 Dec 2020 11:22:25.945,10 Dec 2020 11:44:16.058,1310.112
10 Dec 2020 12:55:35.427,10 Dec 2020 13:17:07.589,1292.162
10 Dec 2020 14:28:45.199,10 Dec 2020 14:49:58.930,1273.731
10 Dec 2020 16:01:55.432,10 Dec 2020 16:22:50.122,1254.691
10 Dec 2020 17:35:06.069,10 Dec 2020 17:55:41.130,1235.061
10 Dec 2020 19:08:17.130,10 Dec 2020 19:28:31.934,1214.803
10 Dec 2020 20:41:28.634,10 Dec 2020 21:01:22.609,1193.975
10 Dec 2020 22:14:40.618,10 Dec 2020 22:34:12.980,1172.363
10 Dec 2020 23:47:53.080,11 Dec 2020 00:07:03.105,1150.025
11 Dec 2020 01:21:06.060,11 Dec 2020 01:39:52.963,1126.903
11 Dec 2020 02:54:19.584,11 Dec 2020 03:12:42.537,1102.953
11 Dec 2020 04:27:33.694,11 Dec 2020 04:45:31.791,1078.096
11 Dec 2020 06:00:48.422,11 Dec 2020 06:18:20.702,1052.280
11 Dec 2020 07:34:03.812,11 Dec 2020 07:51:09.233,1025.421
11 Dec 2020 09:07:19.874,11 Dec 2020 09:23:57.339,997.465
11 Dec 2020 10:40:36.735,11 Dec 2020 10:56:44.990,968.256
11 Dec 2020 12:13:54.416,11 Dec 2020 12:29:32.124,937.708
11 Dec 2020 13:47:12.820,11 Dec 2020 14:02:18.673,905.853
11 Dec 2020 15:20:32.378,11 Dec 2020 15:35:04.567,872.189
11 Dec 2020 16:53:53.047,11 Dec 2020 17:07:49.673,836.626
11 Dec 2020 18:27:14.911,11 Dec 2020 18:40:33.945,799.034
11 Dec 2020 20:00:38.140,11 Dec 2020 20:13:17.197,759.057
11 Dec 2020 21:34:02.952,11 Dec 2020 21:45:59.473,716.522
11 Dec 2020 23:07:29.558,11 Dec 2020 23:18:40.058,670.500
12 Dec 2020 00:40:58.424,12 Dec 2020 00:51:18.808,620.384
12 Dec 2020 02:14:30.049,12 Dec 2020 02:23:55.199,565.150
12 Dec 2020 03:48:05.275,12 Dec 2020 03:56:28.398,503.122
12 Dec 2020 05:21:45.495,12 Dec 2020 05:28:57.204,431.709
12 Dec 2020 06:55:33.798,12 Dec 2020 07:01:18.187,344.390
12 Dec 2020 08:29:38.929,12 Dec 2020 08:33:22.781,223.851
17 Dec 2020 23:37:35.687,17 Dec 2020 23:40:23.571,167.885
18 Dec 2020 01:09:28.996,18 Dec 2020 01:14:40.012,311.016
18 Dec 2020 02:41:46.328,18 Dec 2020 02:48:31.982,405.654
18 Dec 2020 04:14:12.938,18 Dec 2020 04:22:14.231,481.292
18 Dec 2020 05:46:45.036,18 Dec 2020 05:55:50.396,545.361
18 Dec 2020 07:19:20.485,18 Dec 2020 07:29:22.970,602.485
18 Dec 2020 08:51:58.516,18 Dec 2020 09:02:52.566,654.050
18 Dec 2020 10:24:38.521,18 Dec 2020 10:36:19.791,701.270
18 Dec 2020 11:57:19.849,18 Dec 2020 12:09:44.997,745.148
18 Dec 2020 13:30:02.810,18 Dec 2020 13:43:08.661,785.851
18 Dec 2020 15:02:46.746,18 Dec 2020 15:16:30.846,824.100
18 Dec 2020 16:35:31.586,18 Dec 2020 16:49:51.766,860.181
18 Dec 2020 18:08:17.209,18 Dec 2020 18:23:11.571,894.362
18 Dec 2020 19:41:03.516,18 Dec 2020 19:56:30.357,926.840
18 Dec 2020 21:13:50.389,18 Dec 2020 21:29:48.214,957.825
18 Dec 2020 22:46:37.826,18 Dec 2020 23:03:05.258,987.432
19 Dec 2020 00:19:25.739,19 Dec 2020 00:36:21.499,1015.760
19 Dec 2020 01:52:14.083,19 Dec 2020 02:09:37.011,1042.929
19 Dec 2020 03:25:02.814,19 Dec 2020 03:42:51.849,1069.035
19 Dec 2020 04:57:51.897,19 Dec 2020 05:16:06.055,1094.158
19 Dec 2020 06:30:41.340,19 Dec 2020 06:49:19.650,1118.310
19 Dec 2020 08:03:31.040,19 Dec 2020 08:22:32.707,1141.666
19 Dec 2020 09:36:21.012,19 Dec 2020 09:55:45.233,1164.221
19 Dec 2020 11:09:11.188,19 Dec 2020 11:28:57.131,1185.943
19 Dec 2020 12:42:01.640,19 Dec 2020 13:02:08.686,1207.047
19 Dec 2020 14:14:52.418,19 Dec 2020 14:35:19.867,1227.449
19 Dec 2020 15:47:43.288,19 Dec 2020 16:08:30.539,1247.251
19 Dec 2020 17:20:34.344,19 Dec 2020 17:41:40.805,1266.461
19 Dec 2020 18:53:25.576,19 Dec 2020 19:14:50.679,1285.102
19 Dec 2020 20:26:16.947,19 Dec 2020 20:48:00.075,1303.128
19 Dec 2020 21:59:08.523,19 Dec 2020 22:21:09.249,1320.726
19 Dec 2020 23:32:00.220,19 Dec 2020 23:54:18.039,1337.819
20 Dec 2020 01:04:52.051,20 Dec 2020 01:27:26.502,1354.451
20 Dec 2020 02:37:44.012,20 Dec 2020 03:00:34.643,1370.631
20 Dec 2020 04:10:36.085,20 Dec 2020 04:33:42.428,1386.343
20 Dec 2020 05:43:28.286,20 Dec 2020 06:06:49.973,1401.687
20 Dec 2020 07:16:20.596,20 Dec 2020 07:39:57.234,1416.638
20 Dec 2020 08:49:13.028,20 Dec 2020 09:13:04.285,1431.257
20 Dec 2020 10:22:05.542,20 Dec 2020 10:46:11.005,1445.464
20 Dec 2020 11:54:58.153,20 Dec 2020 12:19:17.469,1459.316
20 Dec 2020 13:27:50.847,20 Dec 2020 13:52:23.686,1472.839
20 Dec 2020 15:00:43.658,20 Dec 2020 15:25:29.684,1486.026
20 Dec 2020 16:33:36.529,20 Dec 2020 16:58:35.433,1498.904
20 Dec 2020 18:06:29.478,20 Dec 2020 18:31:40.920,1511.443
20 Dec 2020 19:39:22.499,20 Dec 2020 20:04:46.227,1523.728
20 Dec 2020 21:12:15.587,20 Dec 2020 21:37:51.344,1535.756
20 Dec 2020 22:45:08.745,20 Dec 2020 23:10:56.241,1547.497
21 Dec 2020 00:18:01.969,21 Dec 2020 00:44:00.940,1558.971
21 Dec 2020 01:50:55.257,21 Dec 2020 02:17:05.446,1570.189
21 Dec 2020 03:23:48.607,21 Dec 2020 03:50:09.765,1581.158
21 Dec 2020 04:56:42.016,21 Dec 2020 05:23:13.904,1591.888
21 Dec 2020 06:29:35.492,21 Dec 2020 06:56:17.869,1602.378
21 Dec 2020 08:02:28.993,21 Dec 2020 08:29:21.648,1612.655
21 Dec 2020 09:35:22.562,21 Dec 2020 10:02:25.277,1622.715
21 Dec 2020 11:08:16.184,21 Dec 2020 11:35:28.748,1632.564
21 Dec 2020 12:41:09.856,21 Dec 2020 13:08:32.064,1642.209
21 Dec 2020 14:14:03.528,21 Dec 2020 14:41:35.188,1651.660
21 Dec 2020 15:46:57.286,21 Dec 2020 16:14:38.202,1660.916
21 Dec 2020 17:19:51.039,21 Dec 2020 17:47:41.004,1669.965
21 Dec 2020 18:52:44.889,21 Dec 2020 19:20:43.733,1678.844
21 Dec 2020 20:25:38.772,21 Dec 2020 20:53:46.326,1687.554
21 Dec 2020 21:58:32.679,21 Dec 2020 22:26:48.759,1696.080
21 Dec 2020 23:31:26.643,21 Dec 2020 23:59:51.088,1704.445
22 Dec 2020 01:04:20.644,22 Dec 2020 01:32:53.292,1712.648
22 Dec 2020 02:37:14.682,22 Dec 2020 03:05:55.373,1720.691
22 Dec 2020 04:10:08.755,22 Dec 2020 04:38:57.339,1728.584
22 Dec 2020 05:43:02.863,22 Dec 2020 06:11:59.181,1736.318
22 Dec 2020 07:15:57.005,22 Dec 2020 07:45:00.916,1743.912
22 Dec 2020 08:48:51.179,22 Dec 2020 09:18:02.533,1751.354
22 Dec 2020 10:21:45.386,22 Dec 2020 10:51:04.049,1758.663
22 Dec 2020 11:54:39.582,22 Dec 2020 12:24:05.371,1765.789
22 Dec 2020 13:27:33.847,22 Dec 2020 13:57:06.674,1772.826
22 Dec 2020 15:00:28.132,22 Dec 2020 15:30:07.873,1779.740
22 Dec 2020 16:33:22.455,22 Dec 2020 17:03:08.975,1786.521
22 Dec 2020 18:06:16.755,22 Dec 2020 18:36:09.942,1793.187
22 Dec 2020 19:39:11.125,22 Dec 2020 20:09:10.852,1799.727
22 Dec 2020 21:12:05.526,22 Dec 2020 21:42:11.670,1806.144
22 Dec 2020 22:44:59.936,22 Dec 2020 23:15:12.394,1812.458
23 Dec 2020 00:17:54.382,23 Dec 2020 00:48:13.037,1818.655
23 Dec 2020 01:50:48.858,23 Dec 2020 02:21:13.592,1824.735
23 Dec 2020 03:23:43.352,23 Dec 2020 03:54:14.065,1830.713
23 Dec 2020 04:56:37.875,23 Dec 2020 05:27:14.455,1836.580
23 Dec 2020 06:29:32.412,23 Dec 2020 07:00:14.742,1842.330
23 Dec 2020 08:02:26.976,23 Dec 2020 08:33:14.976,1848.000
23 Dec 2020 09:35:21.565,23 Dec 2020 10:06:15.129,1853.564
23 Dec 2020 11:08:16.177,23 Dec 2020 11:39:15.215,1859.038
23 Dec 2020 12:41:10.852,23 Dec 2020 13:12:15.266,1864.414
23 Dec 2020 14:14:05.531,23 Dec 2020 14:45:15.232,1869.701
23 Dec 2020 15:47:00.205,23 Dec 2020 16:18:15.103,1874.899
23 Dec 2020 17:19:54.876,23 Dec 2020 17:51:14.873,1879.997
23 Dec 2020 18:52:49.589,23 Dec 2020 19:24:14.612,1885.022
23 Dec 2020 20:25:44.323,23 Dec 2020 20:57:14.281,1889.959
23 Dec 2020 21:58:39.082,23 Dec 2020 22:30:13.886,1894.803
23 Dec 2020 23:31:33.854,24 Dec 2020 00:03:13.429,1899.576
24 Dec 2020 01:04:28.643,24 Dec 2020 01:36:12.917,1904.273
24 Dec 2020 02:37:23.450,24 Dec 2020 03:09:12.335,1908.885
24 Dec 2020 04:10:18.276,24 Dec 2020 04:42:11.697,1913.421
24 Dec 2020 05:43:13.120,24 Dec 2020 06:15:11.003,1917.883
24 Dec 2020 07:16:07.982,24 Dec 2020 07:48:10.255,1922.274
24 Dec 2020 08:49:02.860,24 Dec 2020 09:21:09.452,1926.592
24 Dec 2020 10:21:57.757,24 Dec 2020 10:54:08.591,1930.834
24 Dec 2020 11:54:52.667,24 Dec 2020 12:27:07.680,1935.013
24 Dec 2020 13:27:47.596,24 Dec 2020 14:00:06.717,1939.121
24 Dec 2020 15:00:42.702,24 Dec 2020 15:33:05.854,1943.152
24 Dec 2020 16:33:37.674,24 Dec 2020 17:06:04.799,1947.124
24 Dec 2020 18:06:32.657,24 Dec 2020 18:39:03.695,1951.038
24 Dec 2020 19:39:27.660,24 Dec 2020 20:12:02.545,1954.885
24 Dec 2020 21:12:22.677,24 Dec 2020 21:45:01.345,1958.668
24 Dec 2020 22:45:17.710,24 Dec 2020 23:18:00.102,1962.391
25 Dec 2020 00:18:12.759,25 Dec 2020 00:50:58.814,1966.055
25 Dec 2020 01:51:07.823,25 Dec 2020 02:23:57.482,1969.659
25 Dec 2020 03:24:02.902,25 Dec 2020 03:56:56.108,1973.206
25 Dec 2020 04:56:57.996,25 Dec 2020 05:29:54.691,1976.695
25 Dec 2020 06:29:53.160,25 Dec 2020 07:02:53.269,1980.109
25 Dec 2020 08:02:48.286,25 Dec 2020 08:35:51.774,1983.488
25 Dec 2020 09:35:43.427,25 Dec 2020 10:08:50.236,1986.810
25 Dec 2020 11:08:38.582,25 Dec 2020 11:41:48.663,1990.081
25 Dec 2020 12:41:33.752,25 Dec 2020 13:14:47.052,1993.300
25 Dec 2020 14:14:28.956,25 Dec 2020 14:47:45.440,1996.485
25 Dec 2020 15:47:24.171,25 Dec 2020 16:20:43.757,1999.586
25 Dec 2020 17:20:19.380,25 Dec 2020 17:53:42.031,2002.651
25 Dec 2020 18:53:14.607,25 Dec 2020 19:26:40.276,2005.669
25 Dec 2020 20:26:09.851,25 Dec 2020 20:59:38.480,2008.629
25 Dec 2020 21:59:05.106,25 Dec 2020 22:32:36.660,2011.554
25 Dec 2020 23:32:00.374,26 Dec 2020 00:05:34.800,2014.426
26 Dec 2020 01:04:55.656,26 Dec 2020 01:38:32.915,2017.259
26 Dec 2020 02:37:50.951,26 Dec 2020 03:11:30.991,2020.039
26 Dec 2020 04:10:46.260,26 Dec 2020 04:44:29.043,2022.782
26 Dec 2020 05:43:41.562,26 Dec 2020 06:17:27.028,2025.467
26 Dec 2020 07:16:36.897,26 Dec 2020 07:50:25.016,2028.119
26 Dec 2020 08:49:32.245,26 Dec 2020 09:23:22.974,2030.729
26 Dec 2020 10:22:27.635,26 Dec 2020 10:56:20.934,2033.299
26 Dec 2020 11:55:23.011,26 Dec 2020 12:29:18.839,2035.828
26 Dec 2020 13:28:18.400,26 Dec 2020 14:02:16.711,2038.311
26 Dec 2020 15:01:13.868,26 Dec 2020 15:35:14.620,2040.753
26 Dec 2020 16:34:09.283,26 Dec 2020 17:08:12.440,2043.157
26 Dec 2020 18:07:04.713,26 Dec 2020 18:41:10.237,2045.524
26 Dec 2020 19:40:00.157,26 Dec 2020 20:14:08.003,2047.846
26 Dec 2020 21:12:55.614,26 Dec 2020 21:47:05.750,2050.136
26 Dec 2020 22:45:51.082,26 Dec 2020 23:20:03.472,2052.389
27 Dec 2020 00:18:46.564,27 Dec 2020 00:53:01.169,2054.606
27 Dec 2020 01:51:42.058,27 Dec 2020 02:25:58.843,2056.785
27 Dec 2020 03:24:37.565,27 Dec 2020 03:58:56.494,2058.929
27 Dec 2020 04:57:33.085,27 Dec 2020 05:31:54.122,2061.038
27 Dec 2020 06:30:28.625,27 Dec 2020 07:04:51.736,2063.111
27 Dec 2020 08:03:24.171,27 Dec 2020 08:37:49.321,2065.150
27 Dec 2020 09:36:19.826,27 Dec 2020 10:10:46.976,2067.150
27 Dec 2020 11:09:15.401,27 Dec 2020 11:43:44.523,2069.121
27 Dec 2020 12:42:10.990,27 Dec 2020 13:16:42.049,2071.060
27 Dec 2020 14:15:06.705,27 Dec 2020 14:49:39.652,2072.947
27 Dec 2020 15:48:02.310,27 Dec 2020 16:22:37.143,2074.833
27 Dec 2020 17:20:57.946,27 Dec 2020 17:55:34.621,2076.674
27 Dec 2020 18:53:53.588,27 Dec 2020 19:28:32.075,2078.487
27 Dec 2020 20:26:49.248,27 Dec 2020 21:01:29.516,2080.269
27 Dec 2020 21:59:44.919,27 Dec 2020 22:34:26.936,2082.017
27 Dec 2020 23:32:40.603,28 Dec 2020 00:07:24.338,2083.735
28 Dec 2020 01:05:36.301,28 Dec 2020 01:40:21.721,2085.421
28 Dec 2020 02:38:32.011,28 Dec 2020 03:13:19.094,2087.084
28 Dec 2020 04:11:27.749,28 Dec 2020 04:46:16.443,2088.694
28 Dec 2020 05:44:23.481,28 Dec 2020 06:19:13.782,2090.301
28 Dec 2020 07:17:19.231,28 Dec 2020 07:52:11.101,2091.871
28 Dec 2020 08:50:14.993,28 Dec 2020 09:25:08.409,2093.416
28 Dec 2020 10:23:10.769,28 Dec 2020 10:58:05.782,2095.013
28 Dec 2020 11:56:06.649,28 Dec 2020 12:31:03.073,2096.424
28 Dec 2020 13:29:02.456,28 Dec 2020 14:04:00.343,2097.886
28 Dec 2020 15:01:58.265,28 Dec 2020 15:36:57.583,2099.318
28 Dec 2020 16:34:54.099,28 Dec 2020 17:09:54.824,2100.725
28 Dec 2020 18:07:49.946,28 Dec 2020 18:42:52.052,2102.105
28 Dec 2020 19:40:45.843,28 Dec 2020 20:15:49.288,2103.445
28 Dec 2020 21:13:41.718,28 Dec 2020 21:48:46.489,2104.771
28 Dec 2020 22:46:37.607,28 Dec 2020 23:21:43.683,2106.076
29 Dec 2020 00:19:33.509,29 Dec 2020 00:54:40.863,2107.354
29 Dec 2020 01:52:29.399,29 Dec 2020 02:27:38.008,2108.608
29 Dec 2020 03:25:25.325,29 Dec 2020 04:00:35.159,2109.834
29 Dec 2020 04:58:21.265,29 Dec 2020 05:33:32.302,2111.037
29 Dec 2020 06:31:17.218,29 Dec 2020 07:06:29.426,2112.208
29 Dec 2020 08:04:13.184,29 Dec 2020 08:39:26.550,2113.366
29 Dec 2020 09:37:09.164,29 Dec 2020 10:12:23.663,2114.499
29 Dec 2020 11:10:05.160,29 Dec 2020 11:45:20.768,2115.607
29 Dec 2020 12:43:01.170,29 Dec 2020 13:18:17.862,2116.692
29 Dec 2020 14:15:57.193,29 Dec 2020 14:51:14.947,2117.754
29 Dec 2020 15:48:53.231,29 Dec 2020 16:24:12.024,2118.793
29 Dec 2020 17:21:49.183,29 Dec 2020 17:57:08.988,2119.805
29 Dec 2020 18:54:45.241,29 Dec 2020 19:30:06.041,2120.800
29 Dec 2020 20:27:41.314,29 Dec 2020 21:03:03.086,2121.772
29 Dec 2020 22:00:37.401,29 Dec 2020 22:36:00.123,2122.722
29 Dec 2020 23:33:33.502,30 Dec 2020 00:08:57.152,2123.650
30 Dec 2020 01:06:29.617,30 Dec 2020 01:41:54.174,2124.557
30 Dec 2020 02:39:25.746,30 Dec 2020 03:14:51.188,2125.443
30 Dec 2020 04:12:21.888,30 Dec 2020 04:47:48.196,2126.307
30 Dec 2020 05:45:18.046,30 Dec 2020 06:20:45.154,2127.108
30 Dec 2020 07:18:14.170,30 Dec 2020 07:53:42.145,2127.975
30 Dec 2020 08:51:10.354,30 Dec 2020 09:26:39.130,2128.776
30 Dec 2020 10:24:06.553,30 Dec 2020 10:59:36.109,2129.556
30 Dec 2020 11:57:02.695,30 Dec 2020 12:32:33.004,2130.309
30 Dec 2020 13:29:58.920,30 Dec 2020 14:05:29.947,2131.027
30 Dec 2020 15:02:55.131,30 Dec 2020 15:38:26.903,2131.772
30 Dec 2020 16:35:51.380,30 Dec 2020 17:11:23.854,2132.474
30 Dec 2020 18:08:47.605,30 Dec 2020 18:44:20.747,2133.142
30 Dec 2020 19:41:43.875,30 Dec 2020 20:17:17.684,2133.810
30 Dec 2020 21:14:40.163,30 Dec 2020 21:50:14.617,2134.453
30 Dec 2020 22:47:36.466,30 Dec 2020 23:23:11.545,2135.078
31 Dec 2020 00:20:32.789,31 Dec 2020 00:56:08.468,2135.679
31 Dec 2020 01:53:29.116,31 Dec 2020 02:29:05.387,2136.271
31 Dec 2020 03:26:25.469,31 Dec 2020 04:02:02.303,2136.834
31 Dec 2020 04:59:21.825,31 Dec 2020 05:34:59.215,2137.389
31 Dec 2020 06:32:18.202,31 Dec 2020 07:07:56.129,2137.927
31 Dec 2020 08:05:14.591,31 Dec 2020 08:40:53.033,2138.442
31 Dec 2020 09:38:10.996,31 Dec 2020 10:13:49.937,2138.940
31 Dec 2020 11:11:07.417,31 Dec 2020 11:46:46.833,2139.416
31 Dec 2020 12:44:03.853,31 Dec 2020 13:19:43.729,2139.876
31 Dec 2020 14:17:00.295,31 Dec 2020 14:52:40.614,2140.319
31 Dec 2020 15:49:56.755,31 Dec 2020 16:25:37.502,2140.746
31 Dec 2020 17:22:53.241,31 Dec 2020 17:58:34.390,2141.149
31 Dec 2020 18:55:49.731,31 Dec 2020 19:31:31.276,2141.544
31 Dec 2020 20:28:46.243,31 Dec 2020 21:04:28.164,2141.922
31 Dec 2020 22:01:42.774,31 Dec 2020 22:37:25.047,2142.273
31 Dec 2020 23:34:39.311,1 Jan 2021 00:10:21.925,2142.614
1 Jan 2021 01:07:35.874,1 Jan 2021 01:43:18.806,2142.932
1 Jan 2021 02:40:32.443,1 Jan 2021 03:16:15.690,2143.247
1 Jan 2021 04:13:29.032,1 Jan 2021 04:49:12.565,2143.533
1 Jan 2021 05:46:25.641,1 Jan 2021 06:22:09.444,2143.803
1 Jan 2021 07:19:22.262,1 Jan 2021 07:55:06.349,2144.087
1 Jan 2021 08:52:18.933,1 Jan 2021 09:28:03.243,2144.310
1 Jan 2021 10:25:15.602,1 Jan 2021 11:01:00.127,2144.525
1 Jan 2021 11:58:12.274,1 Jan 2021 12:33:57.009,2144.735
1 Jan 2021 13:31:08.970,1 Jan 2021 14:06:53.897,2144.927
1 Jan 2021 15:04:05.671,1 Jan 2021 15:39:50.776,2145.105
1 Jan 2021 16:37:02.393,1 Jan 2021 17:12:47.660,2145.267

Global Statistics
"Min Duration",13 Jul 2020 14:26:23.747,13 Jul 2020 14:28:57.017,153.270
"Max Duration",2 Aug 2020 16:13:56.023,2 Aug 2020 16:49:42.499,2146.476
"Mean Duration",,,1917.123
"Total Duration",,,5162811.546


